call_id,started_at,language,intent,claim_id,agent_version,asr_confidence_avg,duration_sec,avg_response_ms,outcome,transfer_reason
C-20260817-00001,2026-08-17 12:28:57,en,claim_status,CL7859221,v14,0.913,81,491,contained,
C-20260817-00002,2026-08-17 14:39:35,en,renewal_premium,,v14,0.977,162,238,contained,
C-20260817-00003,2026-08-17 09:42:58,hi,policy_details,,v14,0.876,137,545,contained,
C-20260817-00004,2026-08-17 15:34:42,en,renewal_premium,,v14,0.99,25,473,contained,
C-20260817-00005,2026-08-17 18:51:33,en,renewal_premium,,v14,0.912,89,489,contained,
C-20260817-00006,2026-08-17 13:44:50,en,claim_status,CL8553422,v14,0.99,111,380,contained,
C-20260817-00007,2026-08-17 16:21:16,hi,renewal_premium,,v14,0.85,113,380,transferred_human,agent_could_not_resolve
C-20260817-00008,2026-08-17 16:33:36,hi,claim_status,CL8793790,v14,0.822,136,434,contained,
C-20260817-00009,2026-08-17 09:11:34,hi,renewal_premium,,v14,0.926,190,420,abandoned,
C-20260817-00010,2026-08-17 18:54:06,en,claim_status,CL8949418,v14,0.906,137,308,contained,
C-20260817-00011,2026-08-17 19:03:53,hi,claim_status,CL7619585,v14,0.812,25,353,contained,
C-20260817-00012,2026-08-17 16:11:28,hi,network_hospital,,v14,0.858,138,474,transferred_human,agent_could_not_resolve
C-20260817-00013,2026-08-17 12:24:33,en,renewal_premium,,v14,0.93,151,368,transferred_human,caller_requested_human
C-20260817-00014,2026-08-17 16:56:05,hi,policy_details,,v14,0.826,145,409,transferred_human,out_of_scope
C-20260817-00015,2026-08-17 13:56:29,hi,claim_status,CL8359990,v14,0.785,114,332,contained,
C-20260817-00016,2026-08-17 19:10:38,en,claim_status,CL7017664,v14,0.921,186,419,transferred_human,agent_could_not_resolve
C-20260817-00017,2026-08-17 13:09:16,hi,policy_details,,v14,0.919,70,455,contained,
C-20260817-00018,2026-08-17 09:33:10,en,renewal_premium,,v14,0.887,146,289,contained,
C-20260817-00019,2026-08-17 13:16:01,en,claim_status,CL8614822,v14,0.93,99,348,contained,
C-20260817-00020,2026-08-17 11:49:02,en,claim_status,CL7500701,v14,0.99,103,323,contained,
C-20260817-00021,2026-08-17 13:12:55,en,claim_status,CL8023083,v14,0.769,70,326,contained,
C-20260817-00022,2026-08-17 17:53:36,en,renewal_premium,,v14,0.912,135,429,contained,
C-20260817-00023,2026-08-17 19:00:27,en,policy_details,,v14,0.928,150,410,transferred_human,escalation_policy
C-20260817-00024,2026-08-17 13:53:00,en,claim_status,CL8951487,v14,0.869,213,533,contained,
C-20260817-00025,2026-08-17 19:25:34,hi,claim_status,CL8603950,v14,0.858,191,252,contained,
C-20260817-00026,2026-08-17 12:25:06,en,claim_status,CL8236011,v14,0.884,53,578,contained,
C-20260817-00027,2026-08-17 18:45:34,en,claim_status,CL8357254,v14,0.982,164,531,transferred_human,out_of_scope
C-20260817-00028,2026-08-17 15:06:13,en,claim_status,CL7183736,v14,0.845,117,405,transferred_human,escalation_policy
C-20260817-00029,2026-08-17 11:13:40,hi,network_hospital,,v14,0.901,101,600,contained,
C-20260817-00030,2026-08-17 15:31:41,en,claim_status,CL7321408,v14,0.979,71,490,contained,
C-20260817-00031,2026-08-17 12:25:36,en,claim_status,CL7472268,v14,0.905,111,429,contained,
C-20260817-00032,2026-08-17 19:04:07,en,network_hospital,,v14,0.911,154,379,contained,
C-20260817-00033,2026-08-17 11:39:18,en,policy_details,,v14,0.926,114,485,contained,
C-20260817-00034,2026-08-17 12:15:21,en,renewal_premium,,v14,0.961,77,415,contained,
C-20260817-00035,2026-08-17 13:36:02,en,policy_details,,v14,0.99,172,417,transferred_human,out_of_scope
C-20260817-00036,2026-08-17 10:06:55,en,network_hospital,,v14,0.905,154,409,contained,
C-20260817-00037,2026-08-17 13:59:08,en,renewal_premium,,v14,0.911,89,331,contained,
C-20260817-00038,2026-08-17 16:12:39,en,claim_status,CL8386395,v14,0.981,62,482,contained,
C-20260817-00039,2026-08-17 19:45:57,en,claim_status,CL8227089,v14,0.945,122,467,transferred_human,agent_could_not_resolve
C-20260817-00040,2026-08-17 14:20:25,en,claim_status,CL7485419,v14,0.936,160,1507,transferred_human,escalation_policy
C-20260817-00041,2026-08-17 09:41:17,en,network_hospital,,v14,0.986,93,559,contained,
C-20260817-00042,2026-08-17 11:45:28,en,renewal_premium,,v14,0.973,101,381,transferred_human,out_of_scope
C-20260817-00043,2026-08-17 13:01:46,en,renewal_premium,,v14,0.86,163,361,transferred_human,escalation_policy
C-20260817-00044,2026-08-17 18:26:14,en,claim_status,CL8339037,v14,0.99,80,393,contained,
C-20260817-00045,2026-08-17 17:49:01,en,renewal_premium,,v14,0.965,113,425,contained,
C-20260817-00046,2026-08-17 16:19:41,en,network_hospital,,v14,0.99,175,384,contained,
C-20260817-00047,2026-08-17 12:12:02,en,renewal_premium,,v14,0.984,195,377,transferred_human,caller_requested_human
C-20260817-00048,2026-08-17 18:36:59,en,policy_details,,v14,0.921,151,460,transferred_human,out_of_scope
C-20260817-00049,2026-08-17 10:00:48,en,claim_status,CL8368991,v14,0.915,82,341,contained,
C-20260817-00050,2026-08-17 12:58:23,hi,claim_status,CL8729380,v14,0.842,159,306,contained,
C-20260817-00051,2026-08-17 14:16:23,en,network_hospital,,v14,0.97,147,652,transferred_human,out_of_scope
C-20260817-00052,2026-08-17 09:58:58,en,renewal_premium,,v14,0.948,193,461,abandoned,
C-20260817-00053,2026-08-17 11:13:20,en,renewal_premium,,v14,0.886,71,478,contained,
C-20260817-00054,2026-08-17 13:26:13,en,policy_details,,v14,0.99,105,548,contained,
C-20260817-00055,2026-08-17 12:57:21,en,renewal_premium,,v14,0.923,172,492,contained,
C-20260817-00056,2026-08-17 20:24:23,hi,network_hospital,,v14,0.913,96,469,contained,
C-20260817-00057,2026-08-17 17:04:12,en,claim_status,CL7121965,v14,0.887,70,333,contained,
C-20260817-00058,2026-08-17 12:23:42,en,network_hospital,,v14,0.99,58,446,contained,
C-20260817-00059,2026-08-17 13:54:39,en,network_hospital,,v14,0.974,152,432,contained,
C-20260817-00060,2026-08-17 16:44:37,en,renewal_premium,,v14,0.875,134,511,transferred_human,out_of_scope
C-20260817-00061,2026-08-17 13:04:26,hi,policy_details,,v14,0.873,113,352,contained,
C-20260817-00062,2026-08-17 13:07:29,en,claim_status,CL8474372,v14,0.984,138,435,contained,
C-20260817-00063,2026-08-17 15:14:18,en,claim_status,CL8369468,v14,0.923,115,371,transferred_human,out_of_scope
C-20260817-00064,2026-08-17 18:57:29,en,network_hospital,,v14,0.958,149,486,contained,
C-20260817-00065,2026-08-17 11:07:01,en,network_hospital,,v14,0.946,122,485,contained,
C-20260817-00066,2026-08-17 14:49:02,en,claim_status,CL7215271,v14,0.907,125,425,contained,
C-20260817-00067,2026-08-17 20:00:22,en,network_hospital,,v14,0.935,69,440,contained,
C-20260817-00068,2026-08-17 12:38:36,en,renewal_premium,,v14,0.822,150,545,transferred_human,agent_could_not_resolve
C-20260817-00069,2026-08-17 18:07:39,en,claim_status,CL7126060,v14,0.945,94,422,contained,
C-20260817-00070,2026-08-17 19:10:08,en,claim_status,CL7291143,v14,0.919,152,513,contained,
C-20260817-00071,2026-08-17 14:40:04,hi,claim_status,CL7323938,v14,0.768,136,465,transferred_human,escalation_policy
C-20260817-00072,2026-08-17 15:49:53,en,renewal_premium,,v14,0.898,96,434,contained,
C-20260817-00073,2026-08-17 14:04:47,en,claim_status,CL8641319,v14,0.976,108,364,contained,
C-20260817-00074,2026-08-17 10:34:30,en,renewal_premium,,v14,0.942,129,421,contained,
C-20260817-00075,2026-08-17 18:46:30,en,renewal_premium,,v14,0.964,164,393,transferred_human,agent_could_not_resolve
C-20260817-00076,2026-08-17 09:32:59,en,renewal_premium,,v14,0.901,173,445,transferred_human,out_of_scope
C-20260817-00077,2026-08-17 11:50:35,en,claim_status,CL7372418,v14,0.914,119,464,contained,
C-20260817-00078,2026-08-17 12:43:53,en,renewal_premium,,v14,0.913,175,340,contained,
C-20260817-00079,2026-08-17 11:43:30,en,renewal_premium,,v14,0.889,139,623,contained,
C-20260817-00080,2026-08-17 13:32:03,en,renewal_premium,,v14,0.917,215,373,transferred_human,caller_requested_human
C-20260817-00081,2026-08-17 11:24:37,hi,renewal_premium,,v14,0.952,69,562,contained,
C-20260817-00082,2026-08-17 16:22:01,en,renewal_premium,,v14,0.983,81,440,contained,
C-20260817-00083,2026-08-17 12:33:54,en,network_hospital,,v14,0.897,128,370,contained,
C-20260817-00084,2026-08-17 11:42:17,en,policy_details,,v14,0.878,147,409,contained,
C-20260817-00085,2026-08-17 13:28:18,en,claim_status,CL8133833,v14,0.967,131,414,abandoned,
C-20260817-00086,2026-08-17 18:17:07,hi,claim_status,CL7194127,v14,0.855,160,281,contained,
C-20260817-00087,2026-08-17 11:33:13,en,network_hospital,,v14,0.908,162,442,contained,
C-20260817-00088,2026-08-17 15:14:35,en,renewal_premium,,v14,0.897,153,401,contained,
C-20260817-00089,2026-08-17 19:10:07,en,renewal_premium,,v14,0.855,179,515,transferred_human,caller_requested_human
C-20260817-00090,2026-08-17 17:14:30,en,network_hospital,,v14,0.882,151,640,contained,
C-20260817-00091,2026-08-17 10:17:14,hi,network_hospital,,v14,0.913,151,557,contained,
C-20260817-00092,2026-08-17 17:43:53,hi,claim_status,CL7087858,v14,0.825,107,529,contained,
C-20260817-00093,2026-08-17 12:01:27,en,policy_details,,v14,0.983,169,632,contained,
C-20260817-00094,2026-08-17 14:49:30,en,claim_status,CL7187836,v14,0.903,121,523,contained,
C-20260817-00095,2026-08-17 12:52:55,hi,claim_status,CL7572089,v14,0.84,176,660,transferred_human,out_of_scope
C-20260817-00096,2026-08-17 10:09:58,en,policy_details,,v14,0.92,159,481,transferred_human,agent_could_not_resolve
C-20260817-00097,2026-08-17 14:42:25,en,network_hospital,,v14,0.953,137,1314,contained,
C-20260817-00098,2026-08-17 12:36:01,hi,network_hospital,,v14,0.91,102,339,contained,
C-20260817-00099,2026-08-17 15:31:50,en,claim_status,CL8597907,v14,0.954,123,548,transferred_human,caller_requested_human
C-20260817-00100,2026-08-17 12:04:44,hi,claim_status,CL7398111,v14,0.901,209,470,contained,
C-20260817-00101,2026-08-17 19:45:50,en,claim_status,CL8379327,v14,0.99,65,250,contained,
C-20260817-00102,2026-08-17 17:12:30,en,renewal_premium,,v14,0.965,138,411,contained,
C-20260817-00103,2026-08-17 13:32:47,en,claim_status,CL8442458,v14,0.982,137,587,contained,
C-20260817-00104,2026-08-17 19:41:15,en,renewal_premium,,v14,0.856,184,571,transferred_human,agent_could_not_resolve
C-20260817-00105,2026-08-17 11:36:06,en,policy_details,,v14,0.944,104,410,contained,
C-20260817-00106,2026-08-17 15:21:10,en,policy_details,,v14,0.99,130,351,transferred_human,agent_could_not_resolve
C-20260817-00107,2026-08-17 19:45:15,en,renewal_premium,,v14,0.955,180,439,contained,
C-20260817-00108,2026-08-17 18:30:55,en,network_hospital,,v14,0.928,85,414,contained,
C-20260817-00109,2026-08-17 12:44:54,en,renewal_premium,,v14,0.918,99,538,contained,
C-20260817-00110,2026-08-17 16:23:56,en,policy_details,,v14,0.85,174,481,contained,
C-20260817-00111,2026-08-17 19:16:18,en,policy_details,,v14,0.927,110,1153,contained,
C-20260817-00112,2026-08-17 10:05:05,en,claim_status,CL7373131,v14,0.952,196,361,transferred_human,agent_could_not_resolve
C-20260817-00113,2026-08-17 18:23:12,en,network_hospital,,v14,0.895,234,309,contained,
C-20260817-00114,2026-08-17 15:00:19,hi,claim_status,CL7976727,v14,0.767,51,531,contained,
C-20260817-00115,2026-08-17 15:40:28,en,policy_details,,v14,0.825,124,408,contained,
C-20260817-00116,2026-08-17 09:30:37,en,claim_status,CL7835567,v14,0.906,120,529,contained,
C-20260817-00117,2026-08-17 19:42:14,en,claim_status,CL8189822,v14,0.99,88,459,contained,
C-20260817-00118,2026-08-17 20:23:14,en,claim_status,CL8414753,v14,0.931,152,482,contained,
C-20260817-00119,2026-08-17 20:42:56,en,renewal_premium,,v14,0.896,123,1797,contained,
C-20260817-00120,2026-08-17 12:26:33,hi,renewal_premium,,v14,0.878,254,246,contained,
C-20260817-00121,2026-08-17 12:34:35,en,renewal_premium,,v14,0.954,104,478,contained,
C-20260817-00122,2026-08-17 19:46:06,hi,policy_details,,v14,0.91,83,374,contained,
C-20260817-00123,2026-08-17 18:28:26,en,network_hospital,,v14,0.951,164,505,contained,
C-20260817-00124,2026-08-17 17:38:55,en,claim_status,CL8451538,v14,0.867,168,462,abandoned,
C-20260817-00125,2026-08-17 12:18:49,en,claim_status,CL8917209,v14,0.869,201,393,transferred_human,agent_could_not_resolve
C-20260817-00126,2026-08-17 12:48:02,hi,network_hospital,,v14,0.814,147,353,contained,
C-20260817-00127,2026-08-17 12:02:02,en,policy_details,,v14,0.936,99,462,contained,
C-20260817-00128,2026-08-17 19:27:52,en,claim_status,CL8633676,v14,0.988,25,497,contained,
C-20260817-00129,2026-08-17 14:08:31,en,claim_status,CL7450263,v14,0.947,147,354,transferred_human,caller_requested_human
C-20260817-00130,2026-08-17 09:03:32,en,claim_status,CL7457720,v14,0.939,84,328,contained,
C-20260817-00131,2026-08-17 13:20:01,en,claim_status,CL7783898,v14,0.941,109,372,contained,
C-20260817-00132,2026-08-17 13:00:11,hi,renewal_premium,,v14,0.834,144,458,transferred_human,agent_could_not_resolve
C-20260817-00133,2026-08-17 14:16:00,en,network_hospital,,v14,0.986,95,450,contained,
C-20260817-00134,2026-08-17 12:59:56,en,claim_status,CL7355692,v14,0.951,179,207,contained,
C-20260817-00135,2026-08-17 12:01:17,en,policy_details,,v14,0.947,137,360,contained,
C-20260817-00136,2026-08-17 11:20:30,hi,claim_status,CL8030770,v14,0.832,190,598,transferred_human,agent_could_not_resolve
C-20260817-00137,2026-08-17 13:45:55,en,claim_status,CL8306623,v14,0.99,112,513,contained,
C-20260817-00138,2026-08-17 17:59:41,en,policy_details,,v14,0.813,87,373,contained,
C-20260817-00139,2026-08-17 17:26:24,hi,policy_details,,v14,0.861,137,344,contained,
C-20260817-00140,2026-08-17 18:26:52,en,renewal_premium,,v14,0.806,114,554,contained,
C-20260817-00141,2026-08-17 10:00:38,en,claim_status,CL8310750,v14,0.915,144,372,abandoned,
C-20260817-00142,2026-08-17 12:27:45,en,network_hospital,,v14,0.922,154,447,contained,
C-20260817-00143,2026-08-17 13:58:32,en,renewal_premium,,v14,0.924,112,484,contained,
C-20260817-00144,2026-08-17 12:19:01,en,policy_details,,v14,0.923,112,389,contained,
C-20260817-00145,2026-08-17 16:33:23,en,network_hospital,,v14,0.925,103,432,contained,
C-20260817-00146,2026-08-17 19:35:09,hi,network_hospital,,v14,0.881,130,373,contained,
C-20260817-00147,2026-08-17 09:08:22,en,renewal_premium,,v14,0.921,199,434,transferred_human,escalation_policy
C-20260817-00148,2026-08-17 16:20:18,en,network_hospital,,v14,0.964,182,1295,transferred_human,agent_could_not_resolve
C-20260817-00149,2026-08-17 16:59:45,en,network_hospital,,v14,0.922,74,565,contained,
C-20260817-00150,2026-08-17 12:48:35,en,renewal_premium,,v14,0.941,138,391,contained,
C-20260817-00151,2026-08-17 14:04:52,en,claim_status,CL8772926,v14,0.886,53,377,contained,
C-20260817-00152,2026-08-17 20:24:32,en,network_hospital,,v14,0.968,181,312,transferred_human,caller_requested_human
C-20260817-00153,2026-08-17 13:36:48,en,claim_status,CL7162477,v14,0.926,49,465,contained,
C-20260817-00154,2026-08-17 17:54:01,en,renewal_premium,,v14,0.963,131,330,contained,
C-20260817-00155,2026-08-17 12:13:14,en,renewal_premium,,v14,0.835,50,455,contained,
C-20260817-00156,2026-08-17 16:50:17,en,renewal_premium,,v14,0.922,165,552,transferred_human,agent_could_not_resolve
C-20260817-00157,2026-08-17 16:01:43,hi,policy_details,,v14,0.878,85,439,contained,
C-20260817-00158,2026-08-17 14:14:14,en,policy_details,,v14,0.99,120,434,transferred_human,caller_requested_human
C-20260817-00159,2026-08-17 10:06:09,en,renewal_premium,,v14,0.976,147,389,transferred_human,caller_requested_human
C-20260817-00160,2026-08-17 14:59:47,hi,policy_details,,v14,0.939,204,574,transferred_human,agent_could_not_resolve
C-20260817-00161,2026-08-17 15:30:36,en,network_hospital,,v14,0.914,151,343,contained,
C-20260817-00162,2026-08-17 12:29:58,en,claim_status,CL7659836,v14,0.932,148,503,abandoned,
C-20260817-00163,2026-08-17 18:19:09,en,policy_details,,v14,0.99,115,284,contained,
C-20260817-00164,2026-08-17 15:49:52,hi,claim_status,CL8263890,v14,0.726,209,256,transferred_human,out_of_scope
C-20260817-00165,2026-08-17 17:14:46,en,network_hospital,,v14,0.893,156,512,transferred_human,out_of_scope
C-20260817-00166,2026-08-17 17:14:42,en,policy_details,,v14,0.902,127,347,contained,
C-20260817-00167,2026-08-17 13:35:21,en,claim_status,CL7068141,v14,0.798,107,383,contained,
C-20260817-00168,2026-08-17 10:15:37,en,claim_status,CL7187361,v14,0.962,120,431,contained,
C-20260817-00169,2026-08-17 18:01:33,en,claim_status,CL7754548,v14,0.969,237,391,transferred_human,agent_could_not_resolve
C-20260817-00170,2026-08-17 11:39:00,hi,claim_status,CL8640053,v14,0.965,175,438,contained,
C-20260817-00171,2026-08-17 15:14:34,en,claim_status,CL7340905,v14,0.942,120,432,contained,
C-20260817-00172,2026-08-17 19:04:27,hi,claim_status,CL8404229,v14,0.955,129,437,contained,
C-20260817-00173,2026-08-17 13:46:03,en,network_hospital,,v14,0.99,111,533,abandoned,
C-20260817-00174,2026-08-17 13:25:21,en,claim_status,CL8955108,v14,0.904,216,471,transferred_human,caller_requested_human
C-20260817-00175,2026-08-17 17:00:34,en,renewal_premium,,v14,0.956,158,442,transferred_human,caller_requested_human
C-20260817-00176,2026-08-17 12:36:06,en,renewal_premium,,v14,0.92,66,316,contained,
C-20260817-00177,2026-08-17 13:46:16,en,policy_details,,v14,0.956,113,393,contained,
C-20260817-00178,2026-08-17 14:47:57,en,claim_status,CL7274640,v14,0.922,55,400,contained,
C-20260817-00179,2026-08-17 17:27:23,en,renewal_premium,,v14,0.874,117,376,contained,
C-20260817-00180,2026-08-17 16:51:37,en,network_hospital,,v14,0.865,175,426,abandoned,
C-20260817-00181,2026-08-17 19:04:15,en,claim_status,CL7968986,v14,0.976,107,260,contained,
C-20260817-00182,2026-08-17 11:19:53,en,renewal_premium,,v14,0.955,110,462,contained,
C-20260817-00183,2026-08-17 18:30:07,en,network_hospital,,v14,0.972,193,504,contained,
C-20260817-00184,2026-08-17 18:08:33,en,renewal_premium,,v14,0.882,125,504,contained,
C-20260817-00185,2026-08-17 15:05:22,en,renewal_premium,,v14,0.99,120,341,contained,
C-20260817-00186,2026-08-17 13:07:56,hi,network_hospital,,v14,0.895,177,392,contained,
C-20260817-00187,2026-08-17 20:02:33,en,claim_status,CL7177321,v14,0.919,155,525,contained,
C-20260817-00188,2026-08-17 10:07:22,en,claim_status,CL8241092,v14,0.906,55,396,contained,
C-20260817-00189,2026-08-17 10:37:56,en,network_hospital,,v14,0.99,183,288,transferred_human,escalation_policy
C-20260817-00190,2026-08-17 15:56:19,hi,network_hospital,,v14,0.886,186,543,contained,
C-20260817-00191,2026-08-17 20:22:57,en,claim_status,CL8830121,v14,0.927,136,487,contained,
C-20260817-00192,2026-08-17 18:26:38,en,claim_status,CL8494824,v14,0.925,157,345,contained,
C-20260817-00193,2026-08-17 10:20:51,en,network_hospital,,v14,0.912,86,301,contained,
C-20260817-00194,2026-08-17 20:29:49,hi,policy_details,,v14,0.85,141,388,transferred_human,escalation_policy
C-20260817-00195,2026-08-17 13:20:56,en,claim_status,CL8043869,v14,0.923,113,480,contained,
C-20260817-00196,2026-08-17 16:40:20,en,claim_status,CL7411716,v14,0.95,103,304,contained,
C-20260817-00197,2026-08-17 13:16:57,en,network_hospital,,v14,0.932,176,527,contained,
C-20260818-00198,2026-08-18 10:16:18,en,policy_details,,v14,0.946,79,467,contained,
C-20260818-00199,2026-08-18 18:22:13,en,claim_status,CL8727631,v14,0.935,47,344,contained,
C-20260818-00200,2026-08-18 12:52:54,en,renewal_premium,,v14,0.903,155,485,contained,
C-20260818-00201,2026-08-18 20:04:56,en,claim_status,CL8478647,v14,0.967,77,669,contained,
C-20260818-00202,2026-08-18 12:01:53,en,claim_status,CL8229158,v14,0.918,124,353,contained,
C-20260818-00203,2026-08-18 14:17:06,en,renewal_premium,,v14,0.884,209,329,transferred_human,out_of_scope
C-20260818-00204,2026-08-18 14:52:05,en,claim_status,CL7826152,v14,0.99,118,512,contained,
C-20260818-00205,2026-08-18 16:02:36,en,renewal_premium,,v14,0.925,132,362,transferred_human,agent_could_not_resolve
C-20260818-00206,2026-08-18 19:36:21,en,network_hospital,,v14,0.873,81,386,contained,
C-20260818-00207,2026-08-18 15:36:05,en,claim_status,CL7445264,v14,0.922,171,373,transferred_human,out_of_scope
C-20260818-00208,2026-08-18 13:24:18,hi,renewal_premium,,v14,0.836,149,516,contained,
C-20260818-00209,2026-08-18 16:24:03,hi,claim_status,CL8602393,v14,0.91,172,361,contained,
C-20260818-00210,2026-08-18 17:12:06,hi,renewal_premium,,v14,0.906,180,311,transferred_human,escalation_policy
C-20260818-00211,2026-08-18 18:47:37,hi,renewal_premium,,v14,0.906,90,632,contained,
C-20260818-00212,2026-08-18 11:41:05,en,renewal_premium,,v14,0.879,202,438,transferred_human,out_of_scope
C-20260818-00213,2026-08-18 14:32:55,hi,claim_status,CL8359547,v14,0.809,83,447,contained,
C-20260818-00214,2026-08-18 14:58:22,en,renewal_premium,,v14,0.831,129,310,contained,
C-20260818-00215,2026-08-18 11:57:39,en,claim_status,CL7622970,v14,0.957,72,347,contained,
C-20260818-00216,2026-08-18 12:15:06,en,network_hospital,,v14,0.946,85,431,contained,
C-20260818-00217,2026-08-18 12:20:19,en,claim_status,CL8715082,v14,0.97,69,376,contained,
C-20260818-00218,2026-08-18 14:52:00,en,claim_status,CL7951942,v14,0.99,126,383,contained,
C-20260818-00219,2026-08-18 11:31:02,en,renewal_premium,,v14,0.922,140,345,contained,
C-20260818-00220,2026-08-18 10:34:02,en,renewal_premium,,v14,0.99,150,359,contained,
C-20260818-00221,2026-08-18 17:54:16,en,renewal_premium,,v14,0.845,115,489,contained,
C-20260818-00222,2026-08-18 15:40:31,hi,claim_status,CL7717790,v14,0.853,69,464,contained,
C-20260818-00223,2026-08-18 10:54:59,en,policy_details,,v14,0.878,67,485,contained,
C-20260818-00224,2026-08-18 13:55:16,en,claim_status,CL7687028,v14,0.96,104,348,contained,
C-20260818-00225,2026-08-18 12:37:28,en,renewal_premium,,v14,0.807,80,522,contained,
C-20260818-00226,2026-08-18 14:26:00,en,claim_status,CL7740071,v14,0.857,161,395,contained,
C-20260818-00227,2026-08-18 09:52:33,en,network_hospital,,v14,0.849,131,1312,contained,
C-20260818-00228,2026-08-18 20:15:42,hi,renewal_premium,,v14,0.845,165,561,transferred_human,out_of_scope
C-20260818-00229,2026-08-18 14:51:52,en,network_hospital,,v14,0.916,124,432,contained,
C-20260818-00230,2026-08-18 11:49:24,hi,claim_status,CL8029324,v14,0.879,98,442,contained,
C-20260818-00231,2026-08-18 16:43:23,en,claim_status,CL7099182,v14,0.943,136,606,contained,
C-20260818-00232,2026-08-18 12:38:01,en,network_hospital,,v14,0.927,118,549,contained,
C-20260818-00233,2026-08-18 16:06:30,en,network_hospital,,v14,0.99,149,278,contained,
C-20260818-00234,2026-08-18 11:46:33,en,policy_details,,v14,0.943,111,432,contained,
C-20260818-00235,2026-08-18 17:06:52,en,claim_status,CL7667926,v14,0.89,72,500,contained,
C-20260818-00236,2026-08-18 13:32:40,en,policy_details,,v14,0.969,114,448,contained,
C-20260818-00237,2026-08-18 13:42:17,en,claim_status,CL7292375,v14,0.898,147,392,contained,
C-20260818-00238,2026-08-18 12:05:14,en,renewal_premium,,v14,0.908,66,424,contained,
C-20260818-00239,2026-08-18 11:53:23,en,renewal_premium,,v14,0.825,79,427,contained,
C-20260818-00240,2026-08-18 11:15:56,en,claim_status,CL7001458,v14,0.911,130,445,transferred_human,caller_requested_human
C-20260818-00241,2026-08-18 20:09:18,en,claim_status,CL8800168,v14,0.871,32,422,contained,
C-20260818-00242,2026-08-18 20:00:53,en,claim_status,CL8525170,v14,0.906,139,433,contained,
C-20260818-00243,2026-08-18 14:42:02,en,claim_status,CL7826457,v14,0.926,151,519,contained,
C-20260818-00244,2026-08-18 14:00:52,en,claim_status,CL7856417,v14,0.957,116,414,contained,
C-20260818-00245,2026-08-18 18:52:58,en,claim_status,CL7929545,v14,0.982,53,547,contained,
C-20260818-00246,2026-08-18 11:39:46,en,policy_details,,v14,0.869,145,550,transferred_human,escalation_policy
C-20260818-00247,2026-08-18 13:33:50,hi,claim_status,CL8279188,v14,0.843,53,340,contained,
C-20260818-00248,2026-08-18 09:19:07,en,policy_details,,v14,0.893,140,471,abandoned,
C-20260818-00249,2026-08-18 13:17:18,en,claim_status,CL7951254,v14,0.934,154,371,contained,
C-20260818-00250,2026-08-18 09:45:02,en,claim_status,CL7699572,v14,0.944,107,399,contained,
C-20260818-00251,2026-08-18 13:48:50,en,policy_details,,v14,0.913,134,529,contained,
C-20260818-00252,2026-08-18 09:49:42,en,network_hospital,,v14,0.922,135,340,transferred_human,escalation_policy
C-20260818-00253,2026-08-18 15:01:03,en,renewal_premium,,v14,0.99,151,336,transferred_human,caller_requested_human
C-20260818-00254,2026-08-18 17:10:08,en,claim_status,CL7358071,v14,0.923,47,337,contained,
C-20260818-00255,2026-08-18 13:25:14,en,policy_details,,v14,0.942,139,377,transferred_human,out_of_scope
C-20260818-00256,2026-08-18 11:31:47,hi,renewal_premium,,v14,0.836,199,269,transferred_human,caller_requested_human
C-20260818-00257,2026-08-18 19:19:09,en,network_hospital,,v14,0.989,249,478,abandoned,
C-20260818-00258,2026-08-18 11:27:23,en,renewal_premium,,v14,0.838,124,427,contained,
C-20260818-00259,2026-08-18 15:15:52,hi,renewal_premium,,v14,0.888,91,507,contained,
C-20260818-00260,2026-08-18 19:25:00,en,renewal_premium,,v14,0.98,115,362,transferred_human,escalation_policy
C-20260818-00261,2026-08-18 20:55:41,en,renewal_premium,,v14,0.895,81,338,contained,
C-20260818-00262,2026-08-18 16:42:59,en,claim_status,CL8270978,v14,0.974,144,540,contained,
C-20260818-00263,2026-08-18 17:31:46,en,renewal_premium,,v14,0.975,65,376,contained,
C-20260818-00264,2026-08-18 16:43:32,en,policy_details,,v14,0.99,72,433,contained,
C-20260818-00265,2026-08-18 18:47:16,hi,renewal_premium,,v14,0.909,158,452,transferred_human,caller_requested_human
C-20260818-00266,2026-08-18 12:08:17,en,claim_status,CL8050038,v14,0.891,147,410,contained,
C-20260818-00267,2026-08-18 13:38:20,en,renewal_premium,,v14,0.94,106,374,contained,
C-20260818-00268,2026-08-18 14:04:08,en,claim_status,CL8276532,v14,0.942,179,531,contained,
C-20260818-00269,2026-08-18 09:16:53,en,claim_status,CL8422261,v14,0.896,107,502,contained,
C-20260818-00270,2026-08-18 11:21:05,en,claim_status,CL7782802,v14,0.946,109,523,contained,
C-20260818-00271,2026-08-18 16:01:31,en,policy_details,,v14,0.977,123,571,contained,
C-20260818-00272,2026-08-18 09:50:26,en,network_hospital,,v14,0.99,97,297,contained,
C-20260818-00273,2026-08-18 19:57:56,en,network_hospital,,v14,0.92,134,388,transferred_human,agent_could_not_resolve
C-20260818-00274,2026-08-18 19:22:05,en,claim_status,CL7288099,v14,0.934,113,451,contained,
C-20260818-00275,2026-08-18 17:55:00,en,claim_status,CL7004129,v14,0.921,106,440,contained,
C-20260818-00276,2026-08-18 16:53:47,en,claim_status,CL8676058,v14,0.907,117,442,contained,
C-20260818-00277,2026-08-18 16:12:30,en,policy_details,,v14,0.908,156,344,transferred_human,out_of_scope
C-20260818-00278,2026-08-18 14:58:33,hi,policy_details,,v14,0.87,184,419,transferred_human,caller_requested_human
C-20260818-00279,2026-08-18 13:36:27,en,network_hospital,,v14,0.932,125,468,transferred_human,caller_requested_human
C-20260818-00280,2026-08-18 10:39:48,en,renewal_premium,,v14,0.968,118,339,contained,
C-20260818-00281,2026-08-18 15:55:59,en,claim_status,CL7476623,v14,0.927,127,489,contained,
C-20260818-00282,2026-08-18 13:00:32,en,claim_status,CL7471891,v14,0.857,173,480,contained,
C-20260818-00283,2026-08-18 18:25:02,en,claim_status,CL7984338,v14,0.92,130,330,contained,
C-20260818-00284,2026-08-18 15:22:49,en,network_hospital,,v14,0.907,90,526,contained,
C-20260818-00285,2026-08-18 13:01:16,en,claim_status,CL7556994,v14,0.848,137,416,contained,
C-20260818-00286,2026-08-18 10:39:30,en,network_hospital,,v14,0.931,25,466,contained,
C-20260818-00287,2026-08-18 15:55:26,en,network_hospital,,v14,0.944,68,472,contained,
C-20260818-00288,2026-08-18 11:20:54,en,claim_status,CL7855512,v14,0.951,73,424,contained,
C-20260818-00289,2026-08-18 14:22:15,en,renewal_premium,,v14,0.933,136,489,contained,
C-20260818-00290,2026-08-18 15:42:14,en,policy_details,,v14,0.928,195,317,transferred_human,out_of_scope
C-20260818-00291,2026-08-18 17:50:17,en,network_hospital,,v14,0.948,133,320,contained,
C-20260818-00292,2026-08-18 13:47:36,en,network_hospital,,v14,0.92,139,315,transferred_human,agent_could_not_resolve
C-20260818-00293,2026-08-18 13:53:29,hi,network_hospital,,v14,0.781,158,600,transferred_human,caller_requested_human
C-20260818-00294,2026-08-18 09:11:29,en,claim_status,CL7797622,v14,0.91,95,451,contained,
C-20260818-00295,2026-08-18 09:42:44,en,renewal_premium,,v14,0.911,154,348,transferred_human,escalation_policy
C-20260818-00296,2026-08-18 16:19:37,en,network_hospital,,v14,0.954,142,344,contained,
C-20260818-00297,2026-08-18 11:19:14,en,claim_status,CL7598304,v14,0.852,106,362,contained,
C-20260818-00298,2026-08-18 17:15:29,en,network_hospital,,v14,0.961,68,352,contained,
C-20260818-00299,2026-08-18 12:07:45,en,claim_status,CL7133898,v14,0.925,166,463,transferred_human,agent_could_not_resolve
C-20260818-00300,2026-08-18 12:57:00,hi,claim_status,CL7112238,v14,0.925,61,439,contained,
C-20260818-00301,2026-08-18 10:25:24,en,renewal_premium,,v14,0.863,197,370,contained,
C-20260818-00302,2026-08-18 17:29:07,en,renewal_premium,,v14,0.979,76,295,contained,
C-20260818-00303,2026-08-18 10:38:51,hi,claim_status,CL8229767,v14,0.972,96,634,contained,
C-20260818-00304,2026-08-18 19:57:16,en,network_hospital,,v14,0.922,52,491,contained,
C-20260818-00305,2026-08-18 11:07:41,en,claim_status,CL7188450,v14,0.904,142,507,contained,
C-20260818-00306,2026-08-18 13:14:48,en,policy_details,,v14,0.921,159,460,contained,
C-20260818-00307,2026-08-18 17:34:44,en,claim_status,CL8616885,v14,0.932,229,424,transferred_human,escalation_policy
C-20260818-00308,2026-08-18 16:29:07,en,network_hospital,,v14,0.901,65,310,contained,
C-20260818-00309,2026-08-18 12:56:20,en,renewal_premium,,v14,0.95,118,447,contained,
C-20260818-00310,2026-08-18 15:58:06,en,network_hospital,,v14,0.97,78,393,contained,
C-20260818-00311,2026-08-18 16:36:43,en,network_hospital,,v14,0.895,144,395,transferred_human,escalation_policy
C-20260818-00312,2026-08-18 13:10:14,en,claim_status,CL7351787,v14,0.947,132,648,contained,
C-20260818-00313,2026-08-18 17:13:09,en,claim_status,CL8244448,v14,0.883,69,572,contained,
C-20260818-00314,2026-08-18 13:31:20,en,renewal_premium,,v14,0.962,140,589,contained,
C-20260818-00315,2026-08-18 16:29:54,en,policy_details,,v14,0.928,183,192,contained,
C-20260818-00316,2026-08-18 09:48:26,en,claim_status,CL8752427,v14,0.856,151,332,transferred_human,out_of_scope
C-20260818-00317,2026-08-18 17:28:21,en,network_hospital,,v14,0.911,137,444,contained,
C-20260818-00318,2026-08-18 20:51:53,en,claim_status,CL7585111,v14,0.785,70,509,contained,
C-20260818-00319,2026-08-18 15:42:40,en,network_hospital,,v14,0.872,189,561,contained,
C-20260818-00320,2026-08-18 13:06:55,en,claim_status,CL8693106,v14,0.889,79,359,contained,
C-20260818-00321,2026-08-18 18:10:31,hi,claim_status,CL8772715,v14,0.833,69,562,contained,
C-20260818-00322,2026-08-18 17:18:25,en,claim_status,CL8663718,v14,0.891,71,507,contained,
C-20260818-00323,2026-08-18 10:10:59,en,policy_details,,v14,0.869,88,513,contained,
C-20260818-00324,2026-08-18 19:01:38,en,claim_status,CL8473134,v14,0.958,64,529,contained,
C-20260818-00325,2026-08-18 15:24:04,en,network_hospital,,v14,0.891,115,504,transferred_human,agent_could_not_resolve
C-20260818-00326,2026-08-18 17:18:58,en,claim_status,CL7602425,v14,0.957,112,306,contained,
C-20260818-00327,2026-08-18 13:21:36,en,network_hospital,,v14,0.948,185,364,transferred_human,caller_requested_human
C-20260818-00328,2026-08-18 11:09:52,en,renewal_premium,,v14,0.921,166,506,transferred_human,out_of_scope
C-20260818-00329,2026-08-18 13:02:22,hi,claim_status,CL8128933,v14,0.878,105,500,contained,
C-20260818-00330,2026-08-18 16:58:58,en,claim_status,CL7400559,v14,0.942,25,351,contained,
C-20260818-00331,2026-08-18 18:42:22,en,claim_status,CL7466047,v14,0.939,138,411,contained,
C-20260818-00332,2026-08-18 16:13:51,en,policy_details,,v14,0.945,123,459,contained,
C-20260818-00333,2026-08-18 18:20:32,en,network_hospital,,v14,0.89,133,237,contained,
C-20260818-00334,2026-08-18 16:29:52,en,claim_status,CL7152214,v14,0.976,149,356,contained,
C-20260818-00335,2026-08-18 14:52:54,en,claim_status,CL8341773,v14,0.921,132,330,contained,
C-20260818-00336,2026-08-18 17:11:43,en,claim_status,CL8471147,v14,0.965,161,570,contained,
C-20260818-00337,2026-08-18 12:48:53,en,network_hospital,,v14,0.906,213,456,contained,
C-20260818-00338,2026-08-18 16:51:57,en,claim_status,CL8996357,v14,0.942,167,405,transferred_human,out_of_scope
C-20260818-00339,2026-08-18 18:10:22,en,claim_status,CL7511969,v14,0.96,191,476,transferred_human,out_of_scope
C-20260818-00340,2026-08-18 09:17:21,en,renewal_premium,,v14,0.881,174,300,contained,
C-20260818-00341,2026-08-18 19:43:37,en,claim_status,CL7296313,v14,0.888,105,392,contained,
C-20260818-00342,2026-08-18 16:59:01,en,renewal_premium,,v14,0.99,100,464,contained,
C-20260818-00343,2026-08-18 19:37:02,en,policy_details,,v14,0.852,146,510,transferred_human,caller_requested_human
C-20260818-00344,2026-08-18 16:30:41,en,policy_details,,v14,0.983,118,377,contained,
C-20260818-00345,2026-08-18 14:33:40,en,policy_details,,v14,0.942,116,443,transferred_human,agent_could_not_resolve
C-20260818-00346,2026-08-18 14:22:05,en,policy_details,,v14,0.922,141,340,transferred_human,escalation_policy
C-20260818-00347,2026-08-18 17:43:49,en,claim_status,CL8764933,v14,0.934,97,580,contained,
C-20260818-00348,2026-08-18 20:49:44,en,network_hospital,,v14,0.903,39,431,contained,
C-20260818-00349,2026-08-18 15:33:33,en,network_hospital,,v14,0.873,145,360,transferred_human,out_of_scope
C-20260818-00350,2026-08-18 20:44:30,en,claim_status,CL8926817,v14,0.917,134,532,contained,
C-20260818-00351,2026-08-18 18:53:49,en,policy_details,,v14,0.946,122,458,transferred_human,caller_requested_human
C-20260818-00352,2026-08-18 10:04:41,hi,policy_details,,v14,0.878,102,496,contained,
C-20260818-00353,2026-08-18 12:35:58,en,renewal_premium,,v14,0.947,161,581,transferred_human,caller_requested_human
C-20260818-00354,2026-08-18 09:48:05,en,claim_status,CL7661979,v14,0.896,199,261,transferred_human,escalation_policy
C-20260818-00355,2026-08-18 13:55:13,en,renewal_premium,,v14,0.859,89,493,contained,
C-20260818-00356,2026-08-18 10:33:23,en,claim_status,CL7626747,v14,0.903,107,462,transferred_human,caller_requested_human
C-20260818-00357,2026-08-18 15:37:47,en,claim_status,CL8982415,v14,0.967,140,524,contained,
C-20260818-00358,2026-08-18 11:12:33,en,renewal_premium,,v14,0.875,125,555,contained,
C-20260818-00359,2026-08-18 11:40:44,en,network_hospital,,v14,0.924,26,528,contained,
C-20260818-00360,2026-08-18 16:08:36,en,network_hospital,,v14,0.91,106,453,contained,
C-20260818-00361,2026-08-18 13:14:57,en,renewal_premium,,v14,0.94,156,410,contained,
C-20260818-00362,2026-08-18 12:27:38,hi,claim_status,CL8992994,v14,0.833,173,521,transferred_human,agent_could_not_resolve
C-20260818-00363,2026-08-18 11:32:55,en,renewal_premium,,v14,0.908,47,430,contained,
C-20260818-00364,2026-08-18 12:23:14,en,claim_status,CL7360384,v14,0.955,143,500,contained,
C-20260818-00365,2026-08-18 15:12:27,en,claim_status,CL8016763,v14,0.894,93,425,transferred_human,caller_requested_human
C-20260818-00366,2026-08-18 14:01:35,en,renewal_premium,,v14,0.877,131,345,contained,
C-20260818-00367,2026-08-18 17:16:38,en,network_hospital,,v14,0.865,147,432,contained,
C-20260818-00368,2026-08-18 14:18:27,en,network_hospital,,v14,0.99,93,481,contained,
C-20260818-00369,2026-08-18 13:14:31,en,claim_status,CL7204861,v14,0.99,192,344,contained,
C-20260818-00370,2026-08-18 14:06:07,en,renewal_premium,,v14,0.943,263,349,transferred_human,agent_could_not_resolve
C-20260818-00371,2026-08-18 16:48:19,en,network_hospital,,v14,0.911,179,1678,contained,
C-20260818-00372,2026-08-18 13:56:08,en,claim_status,CL7194750,v14,0.939,125,239,contained,
C-20260818-00373,2026-08-18 12:02:50,en,claim_status,CL8244040,v14,0.879,187,345,contained,
C-20260818-00374,2026-08-18 15:46:35,en,policy_details,,v14,0.975,149,348,contained,
C-20260818-00375,2026-08-18 11:17:03,en,claim_status,CL8035989,v14,0.961,197,450,transferred_human,agent_could_not_resolve
C-20260818-00376,2026-08-18 13:12:03,hi,network_hospital,,v14,0.868,127,435,contained,
C-20260818-00377,2026-08-18 13:25:07,en,policy_details,,v14,0.99,107,513,contained,
C-20260818-00378,2026-08-18 18:38:06,en,claim_status,CL7867171,v14,0.99,130,190,contained,
C-20260818-00379,2026-08-18 17:16:26,en,policy_details,,v14,0.858,155,356,contained,
C-20260818-00380,2026-08-18 17:07:09,hi,policy_details,,v14,0.928,192,358,transferred_human,caller_requested_human
C-20260819-00381,2026-08-19 14:13:17,en,network_hospital,,v14,0.921,115,350,contained,
C-20260819-00382,2026-08-19 12:12:29,en,claim_status,CL7975576,v14,0.91,95,382,contained,
C-20260819-00383,2026-08-19 17:54:51,en,policy_details,,v14,0.901,82,310,contained,
C-20260819-00384,2026-08-19 14:58:53,en,policy_details,,v14,0.92,175,483,transferred_human,caller_requested_human
C-20260819-00385,2026-08-19 12:14:17,en,claim_status,CL8265141,v14,0.859,69,526,contained,
C-20260819-00386,2026-08-19 16:38:41,en,claim_status,CL7606462,v14,0.99,55,402,contained,
C-20260819-00387,2026-08-19 10:47:41,hi,network_hospital,,v14,0.766,119,511,contained,
C-20260819-00388,2026-08-19 15:35:47,hi,claim_status,CL7359884,v14,0.789,117,208,contained,
C-20260819-00389,2026-08-19 17:50:47,hi,network_hospital,,v14,0.815,53,357,contained,
C-20260819-00390,2026-08-19 14:14:51,hi,renewal_premium,,v14,0.805,138,402,contained,
C-20260819-00391,2026-08-19 15:47:33,en,network_hospital,,v14,0.966,102,546,transferred_human,escalation_policy
C-20260819-00392,2026-08-19 15:26:42,en,claim_status,CL7937926,v14,0.94,159,1691,transferred_human,out_of_scope
C-20260819-00393,2026-08-19 13:28:47,en,network_hospital,,v14,0.916,151,472,transferred_human,out_of_scope
C-20260819-00394,2026-08-19 13:46:36,en,policy_details,,v14,0.984,197,640,transferred_human,caller_requested_human
C-20260819-00395,2026-08-19 18:18:02,en,claim_status,CL7780331,v14,0.959,116,467,contained,
C-20260819-00396,2026-08-19 11:23:33,en,renewal_premium,,v14,0.928,120,539,contained,
C-20260819-00397,2026-08-19 13:20:57,en,claim_status,CL7206252,v14,0.964,131,149,contained,
C-20260819-00398,2026-08-19 14:35:46,en,renewal_premium,,v14,0.972,155,353,contained,
C-20260819-00399,2026-08-19 14:29:57,hi,claim_status,CL7775082,v14,0.878,125,369,transferred_human,caller_requested_human
C-20260819-00400,2026-08-19 13:42:54,en,claim_status,CL8492478,v14,0.979,148,437,contained,
C-20260819-00401,2026-08-19 16:55:35,en,claim_status,CL8214484,v14,0.851,159,533,transferred_human,agent_could_not_resolve
C-20260819-00402,2026-08-19 09:53:21,en,claim_status,CL7474791,v14,0.99,148,513,transferred_human,escalation_policy
C-20260819-00403,2026-08-19 16:18:19,en,claim_status,CL7258614,v14,0.939,107,371,contained,
C-20260819-00404,2026-08-19 13:19:02,en,claim_status,CL7463675,v14,0.99,133,502,contained,
C-20260819-00405,2026-08-19 12:02:23,en,network_hospital,,v14,0.976,196,447,transferred_human,agent_could_not_resolve
C-20260819-00406,2026-08-19 15:05:19,hi,policy_details,,v14,0.929,144,339,contained,
C-20260819-00407,2026-08-19 11:26:18,hi,network_hospital,,v14,0.916,195,461,transferred_human,escalation_policy
C-20260819-00408,2026-08-19 10:11:26,en,claim_status,CL7773176,v14,0.99,52,437,contained,
C-20260819-00409,2026-08-19 11:35:27,hi,claim_status,CL8142596,v14,0.882,88,511,contained,
C-20260819-00410,2026-08-19 17:57:33,en,policy_details,,v14,0.99,117,421,contained,
C-20260819-00411,2026-08-19 10:59:55,en,network_hospital,,v14,0.903,115,304,contained,
C-20260819-00412,2026-08-19 12:15:57,en,claim_status,CL7177345,v14,0.855,113,415,contained,
C-20260819-00413,2026-08-19 14:49:48,en,renewal_premium,,v14,0.89,99,517,contained,
C-20260819-00414,2026-08-19 11:09:56,hi,claim_status,CL7402701,v14,0.856,149,272,contained,
C-20260819-00415,2026-08-19 12:51:42,hi,renewal_premium,,v14,0.888,196,493,transferred_human,out_of_scope
C-20260819-00416,2026-08-19 12:28:54,en,claim_status,CL8399302,v14,0.92,195,363,contained,
C-20260819-00417,2026-08-19 11:51:17,en,renewal_premium,,v14,0.903,103,312,contained,
C-20260819-00418,2026-08-19 16:23:23,en,renewal_premium,,v14,0.943,204,505,transferred_human,caller_requested_human
C-20260819-00419,2026-08-19 09:46:27,en,network_hospital,,v14,0.931,118,499,contained,
C-20260819-00420,2026-08-19 12:42:09,en,policy_details,,v14,0.98,102,472,contained,
C-20260819-00421,2026-08-19 19:31:33,en,policy_details,,v14,0.914,145,463,contained,
C-20260819-00422,2026-08-19 10:45:35,hi,network_hospital,,v14,0.97,185,518,transferred_human,escalation_policy
C-20260819-00423,2026-08-19 13:49:37,hi,policy_details,,v14,0.89,141,463,transferred_human,caller_requested_human
C-20260819-00424,2026-08-19 10:25:39,en,claim_status,CL7484454,v14,0.876,159,445,transferred_human,out_of_scope
C-20260819-00425,2026-08-19 12:47:24,en,network_hospital,,v14,0.942,64,393,contained,
C-20260819-00426,2026-08-19 14:13:17,en,network_hospital,,v14,0.949,191,342,transferred_human,caller_requested_human
C-20260819-00427,2026-08-19 17:33:39,en,renewal_premium,,v14,0.869,111,427,contained,
C-20260819-00428,2026-08-19 17:51:33,en,claim_status,CL7649557,v14,0.966,136,185,abandoned,
C-20260819-00429,2026-08-19 20:42:50,hi,claim_status,CL8985179,v14,0.838,116,468,contained,
C-20260819-00430,2026-08-19 17:50:43,en,claim_status,CL8176985,v14,0.912,53,470,contained,
C-20260819-00431,2026-08-19 12:58:06,en,network_hospital,,v14,0.914,102,470,contained,
C-20260819-00432,2026-08-19 10:52:29,en,policy_details,,v14,0.905,238,556,transferred_human,caller_requested_human
C-20260819-00433,2026-08-19 17:33:19,hi,renewal_premium,,v14,0.917,106,470,transferred_human,out_of_scope
C-20260819-00434,2026-08-19 20:33:42,en,claim_status,CL8895775,v14,0.953,147,342,contained,
C-20260819-00435,2026-08-19 15:01:13,en,renewal_premium,,v14,0.939,133,465,contained,
C-20260819-00436,2026-08-19 11:05:34,en,network_hospital,,v14,0.952,129,447,contained,
C-20260819-00437,2026-08-19 12:19:52,en,claim_status,CL8682361,v14,0.811,154,625,contained,
C-20260819-00438,2026-08-19 13:40:50,en,claim_status,CL8301808,v14,0.99,151,348,transferred_human,out_of_scope
C-20260819-00439,2026-08-19 19:54:06,hi,claim_status,CL8430176,v14,0.869,143,594,contained,
C-20260819-00440,2026-08-19 10:28:01,en,claim_status,CL7064807,v14,0.899,188,508,contained,
C-20260819-00441,2026-08-19 16:22:55,en,network_hospital,,v14,0.934,115,405,contained,
C-20260819-00442,2026-08-19 12:39:49,en,claim_status,CL7151515,v14,0.896,137,518,contained,
C-20260819-00443,2026-08-19 12:49:05,en,renewal_premium,,v14,0.863,176,457,contained,
C-20260819-00444,2026-08-19 14:08:19,hi,policy_details,,v14,0.91,36,411,contained,
C-20260819-00445,2026-08-19 09:32:09,en,renewal_premium,,v14,0.99,89,348,contained,
C-20260819-00446,2026-08-19 18:48:30,en,renewal_premium,,v14,0.99,135,252,transferred_human,agent_could_not_resolve
C-20260819-00447,2026-08-19 13:14:01,en,renewal_premium,,v14,0.941,103,339,contained,
C-20260819-00448,2026-08-19 11:04:00,en,claim_status,CL8748651,v14,0.99,140,531,contained,
C-20260819-00449,2026-08-19 12:18:52,en,renewal_premium,,v14,0.99,102,376,contained,
C-20260819-00450,2026-08-19 15:05:27,hi,claim_status,CL8659786,v14,0.935,115,1331,contained,
C-20260819-00451,2026-08-19 11:42:36,hi,policy_details,,v14,0.94,105,311,contained,
C-20260819-00452,2026-08-19 17:04:33,en,policy_details,,v14,0.948,203,495,transferred_human,caller_requested_human
C-20260819-00453,2026-08-19 11:23:26,en,claim_status,CL7000283,v14,0.895,211,510,contained,
C-20260819-00454,2026-08-19 13:52:36,en,claim_status,CL8858111,v14,0.99,51,589,contained,
C-20260819-00455,2026-08-19 18:52:09,en,policy_details,,v14,0.959,131,444,contained,
C-20260819-00456,2026-08-19 10:49:26,en,claim_status,CL8031272,v14,0.938,119,535,contained,
C-20260819-00457,2026-08-19 12:48:28,en,claim_status,CL8720237,v14,0.901,172,508,abandoned,
C-20260819-00458,2026-08-19 10:05:22,hi,claim_status,CL8426244,v14,0.827,176,381,transferred_human,out_of_scope
C-20260819-00459,2026-08-19 16:10:38,en,network_hospital,,v14,0.956,146,443,contained,
C-20260819-00460,2026-08-19 13:05:42,en,network_hospital,,v14,0.889,120,356,contained,
C-20260819-00461,2026-08-19 09:49:18,en,claim_status,CL7032193,v14,0.912,99,385,contained,
C-20260819-00462,2026-08-19 17:32:33,en,renewal_premium,,v14,0.93,187,429,contained,
C-20260819-00463,2026-08-19 16:31:37,en,claim_status,CL7592709,v14,0.82,157,412,contained,
C-20260819-00464,2026-08-19 15:35:34,en,claim_status,CL7345966,v14,0.937,220,500,transferred_human,escalation_policy
C-20260819-00465,2026-08-19 15:43:00,en,network_hospital,,v14,0.914,161,349,contained,
C-20260819-00466,2026-08-19 15:20:31,en,renewal_premium,,v14,0.99,171,504,transferred_human,caller_requested_human
C-20260819-00467,2026-08-19 17:12:52,en,renewal_premium,,v14,0.872,169,221,transferred_human,caller_requested_human
C-20260819-00468,2026-08-19 11:54:24,en,renewal_premium,,v14,0.99,138,427,contained,
C-20260819-00469,2026-08-19 14:35:11,en,network_hospital,,v14,0.99,158,278,contained,
C-20260819-00470,2026-08-19 10:19:55,en,claim_status,CL7075864,v14,0.985,169,297,transferred_human,escalation_policy
C-20260819-00471,2026-08-19 18:52:18,en,claim_status,CL7912219,v14,0.913,82,319,contained,
C-20260819-00472,2026-08-19 14:42:59,en,policy_details,,v14,0.958,115,440,transferred_human,out_of_scope
C-20260819-00473,2026-08-19 14:36:25,hi,claim_status,CL7500461,v14,0.869,134,350,transferred_human,out_of_scope
C-20260819-00474,2026-08-19 16:55:50,en,claim_status,CL8929823,v14,0.941,101,340,contained,
C-20260819-00475,2026-08-19 18:43:37,en,claim_status,CL7996896,v14,0.951,183,352,transferred_human,out_of_scope
C-20260819-00476,2026-08-19 14:32:59,en,claim_status,CL7658704,v14,0.884,146,442,contained,
C-20260819-00477,2026-08-19 11:04:14,hi,policy_details,,v14,0.946,165,408,contained,
C-20260819-00478,2026-08-19 10:42:39,en,renewal_premium,,v14,0.921,172,496,transferred_human,agent_could_not_resolve
C-20260819-00479,2026-08-19 14:07:58,en,network_hospital,,v14,0.99,172,417,contained,
C-20260819-00480,2026-08-19 17:25:03,hi,claim_status,CL7942282,v14,0.859,92,407,contained,
C-20260819-00481,2026-08-19 18:30:46,en,claim_status,CL7573246,v14,0.868,181,364,contained,
C-20260819-00482,2026-08-19 12:03:25,en,renewal_premium,,v14,0.99,109,477,contained,
C-20260819-00483,2026-08-19 11:02:35,en,claim_status,CL7952337,v14,0.92,131,517,contained,
C-20260819-00484,2026-08-19 12:48:24,en,claim_status,CL8251868,v14,0.932,118,406,contained,
C-20260819-00485,2026-08-19 13:51:04,en,claim_status,CL8259894,v14,0.963,78,322,contained,
C-20260819-00486,2026-08-19 16:11:08,en,policy_details,,v14,0.953,131,333,transferred_human,agent_could_not_resolve
C-20260819-00487,2026-08-19 10:11:29,hi,renewal_premium,,v14,0.88,126,235,contained,
C-20260819-00488,2026-08-19 09:47:56,en,renewal_premium,,v14,0.949,125,368,contained,
C-20260819-00489,2026-08-19 11:38:41,en,claim_status,CL7764383,v14,0.984,132,340,contained,
C-20260819-00490,2026-08-19 15:34:25,en,claim_status,CL7281401,v14,0.888,108,514,contained,
C-20260819-00491,2026-08-19 12:43:02,en,claim_status,CL8775881,v14,0.86,137,409,transferred_human,agent_could_not_resolve
C-20260819-00492,2026-08-19 09:29:38,en,claim_status,CL7260488,v14,0.942,101,505,contained,
C-20260819-00493,2026-08-19 11:43:29,en,claim_status,CL7538533,v14,0.969,161,446,contained,
C-20260819-00494,2026-08-19 16:34:44,en,network_hospital,,v14,0.941,164,529,contained,
C-20260819-00495,2026-08-19 15:21:55,hi,renewal_premium,,v14,0.891,134,459,transferred_human,escalation_policy
C-20260819-00496,2026-08-19 16:11:19,hi,network_hospital,,v14,0.8,202,476,contained,
C-20260819-00497,2026-08-19 13:31:34,en,policy_details,,v14,0.953,109,442,contained,
C-20260819-00498,2026-08-19 10:27:49,en,network_hospital,,v14,0.912,119,365,transferred_human,caller_requested_human
C-20260819-00499,2026-08-19 14:53:41,en,network_hospital,,v14,0.99,166,499,transferred_human,escalation_policy
C-20260819-00500,2026-08-19 10:15:25,en,network_hospital,,v14,0.96,267,373,transferred_human,out_of_scope
C-20260819-00501,2026-08-19 10:04:54,en,network_hospital,,v14,0.918,71,528,contained,
C-20260819-00502,2026-08-19 11:12:39,en,network_hospital,,v14,0.942,191,515,transferred_human,caller_requested_human
C-20260819-00503,2026-08-19 10:52:03,en,claim_status,CL8126869,v14,0.946,105,455,contained,
C-20260819-00504,2026-08-19 11:27:12,en,network_hospital,,v14,0.815,129,353,contained,
C-20260819-00505,2026-08-19 13:20:02,en,claim_status,CL7757977,v14,0.954,182,526,transferred_human,caller_requested_human
C-20260819-00506,2026-08-19 17:59:39,hi,claim_status,CL7861806,v14,0.964,90,409,contained,
C-20260819-00507,2026-08-19 19:00:53,en,claim_status,CL7355737,v14,0.887,96,390,contained,
C-20260819-00508,2026-08-19 19:55:42,en,policy_details,,v14,0.99,164,478,transferred_human,out_of_scope
C-20260819-00509,2026-08-19 13:36:34,en,claim_status,CL8794689,v14,0.99,203,355,contained,
C-20260819-00510,2026-08-19 16:05:31,en,claim_status,CL7633088,v14,0.975,62,510,contained,
C-20260819-00511,2026-08-19 12:12:04,en,claim_status,CL7677146,v14,0.919,34,529,contained,
C-20260819-00512,2026-08-19 12:04:36,en,renewal_premium,,v14,0.9,43,463,transferred_human,out_of_scope
C-20260819-00513,2026-08-19 09:53:28,en,policy_details,,v14,0.99,150,503,transferred_human,out_of_scope
C-20260819-00514,2026-08-19 16:11:10,en,claim_status,CL7597168,v14,0.956,69,516,contained,
C-20260819-00515,2026-08-19 12:45:25,en,renewal_premium,,v14,0.943,26,437,contained,
C-20260819-00516,2026-08-19 15:17:15,en,renewal_premium,,v14,0.929,266,368,transferred_human,out_of_scope
C-20260819-00517,2026-08-19 11:31:06,hi,policy_details,,v14,0.958,74,428,contained,
C-20260819-00518,2026-08-19 16:13:52,en,policy_details,,v14,0.808,93,520,contained,
C-20260819-00519,2026-08-19 18:44:26,en,claim_status,CL7076793,v14,0.957,171,280,transferred_human,caller_requested_human
C-20260819-00520,2026-08-19 18:47:00,en,renewal_premium,,v14,0.927,25,600,contained,
C-20260819-00521,2026-08-19 12:27:34,en,renewal_premium,,v14,0.944,181,439,transferred_human,out_of_scope
C-20260819-00522,2026-08-19 11:41:13,en,claim_status,CL7459822,v14,0.945,157,507,contained,
C-20260819-00523,2026-08-19 16:17:51,en,claim_status,CL8296527,v14,0.924,201,334,transferred_human,escalation_policy
C-20260819-00524,2026-08-19 18:37:07,en,renewal_premium,,v14,0.912,191,559,contained,
C-20260819-00525,2026-08-19 12:24:16,en,claim_status,CL7252014,v14,0.864,168,520,contained,
C-20260819-00526,2026-08-19 18:50:51,hi,renewal_premium,,v14,0.932,56,306,contained,
C-20260819-00527,2026-08-19 12:15:44,en,policy_details,,v14,0.815,72,410,contained,
C-20260819-00528,2026-08-19 18:19:26,en,claim_status,CL7035702,v14,0.882,148,273,contained,
C-20260819-00529,2026-08-19 16:32:01,en,claim_status,CL8876887,v14,0.99,182,405,transferred_human,escalation_policy
C-20260819-00530,2026-08-19 18:15:36,en,claim_status,CL7988494,v14,0.919,116,394,contained,
C-20260819-00531,2026-08-19 16:14:47,en,policy_details,,v14,0.969,140,282,contained,
C-20260819-00532,2026-08-19 15:52:23,en,claim_status,CL7829468,v14,0.983,149,542,contained,
C-20260819-00533,2026-08-19 12:29:52,en,claim_status,CL7243741,v14,0.893,163,597,contained,
C-20260819-00534,2026-08-19 12:43:22,en,claim_status,CL7671333,v14,0.99,213,440,transferred_human,caller_requested_human
C-20260819-00535,2026-08-19 12:14:52,en,renewal_premium,,v14,0.9,165,430,transferred_human,agent_could_not_resolve
C-20260819-00536,2026-08-19 13:50:06,en,network_hospital,,v14,0.966,113,471,contained,
C-20260819-00537,2026-08-19 18:53:34,en,renewal_premium,,v14,0.982,56,567,contained,
C-20260819-00538,2026-08-19 18:50:12,en,claim_status,CL8607132,v14,0.937,116,384,contained,
C-20260819-00539,2026-08-19 18:43:48,en,renewal_premium,,v14,0.893,94,568,contained,
C-20260819-00540,2026-08-19 16:44:22,hi,claim_status,CL8583117,v14,0.898,66,546,contained,
C-20260819-00541,2026-08-19 13:14:43,en,network_hospital,,v14,0.911,198,606,contained,
C-20260819-00542,2026-08-19 12:26:03,en,network_hospital,,v14,0.99,87,372,contained,
C-20260819-00543,2026-08-19 13:56:04,hi,claim_status,CL8085238,v14,0.944,203,586,contained,
C-20260819-00544,2026-08-19 14:33:23,en,policy_details,,v14,0.916,99,613,abandoned,
C-20260819-00545,2026-08-19 17:15:43,en,renewal_premium,,v14,0.91,25,315,contained,
C-20260819-00546,2026-08-19 12:41:39,en,claim_status,CL7674135,v14,0.921,161,408,contained,
C-20260819-00547,2026-08-19 09:48:46,en,claim_status,CL8921217,v14,0.896,162,417,contained,
C-20260819-00548,2026-08-19 12:21:45,hi,claim_status,CL8943392,v14,0.879,212,377,transferred_human,escalation_policy
C-20260819-00549,2026-08-19 17:30:53,hi,claim_status,CL8657673,v14,0.831,94,411,contained,
C-20260819-00550,2026-08-19 11:19:12,en,network_hospital,,v14,0.916,129,477,contained,
C-20260819-00551,2026-08-19 13:32:39,hi,renewal_premium,,v14,0.768,166,540,contained,
C-20260819-00552,2026-08-19 20:01:42,en,claim_status,CL7503070,v14,0.958,113,235,contained,
C-20260819-00553,2026-08-19 10:23:12,en,claim_status,CL8021795,v14,0.971,80,341,contained,
C-20260819-00554,2026-08-19 17:39:44,en,claim_status,CL8928468,v14,0.937,132,316,contained,
C-20260819-00555,2026-08-19 11:58:11,en,claim_status,CL7087734,v14,0.99,168,464,transferred_human,out_of_scope
C-20260819-00556,2026-08-19 16:58:03,en,claim_status,CL8963593,v14,0.973,115,392,contained,
C-20260819-00557,2026-08-19 09:16:47,en,network_hospital,,v14,0.901,30,464,contained,
C-20260819-00558,2026-08-19 12:55:12,hi,renewal_premium,,v14,0.828,214,317,transferred_human,agent_could_not_resolve
C-20260819-00559,2026-08-19 13:02:20,en,renewal_premium,,v14,0.828,100,414,transferred_human,out_of_scope
C-20260819-00560,2026-08-19 19:58:42,hi,network_hospital,,v14,0.841,66,334,contained,
C-20260819-00561,2026-08-19 19:16:36,en,claim_status,CL7370268,v14,0.99,153,465,contained,
C-20260819-00562,2026-08-19 17:56:27,en,claim_status,CL7406938,v14,0.99,268,343,transferred_human,caller_requested_human
C-20260819-00563,2026-08-19 12:44:58,en,policy_details,,v14,0.925,148,431,transferred_human,caller_requested_human
C-20260819-00564,2026-08-19 12:22:29,en,policy_details,,v14,0.99,108,445,contained,
C-20260819-00565,2026-08-19 13:58:06,hi,network_hospital,,v14,0.91,189,432,transferred_human,agent_could_not_resolve
C-20260819-00566,2026-08-19 20:46:25,hi,claim_status,CL8808899,v14,0.789,62,568,contained,
C-20260819-00567,2026-08-19 12:44:08,en,policy_details,,v14,0.878,179,307,transferred_human,out_of_scope
C-20260819-00568,2026-08-19 13:59:42,en,claim_status,CL8708045,v14,0.99,174,390,transferred_human,agent_could_not_resolve
C-20260819-00569,2026-08-19 14:26:18,en,policy_details,,v14,0.99,81,571,contained,
C-20260819-00570,2026-08-19 09:53:22,en,renewal_premium,,v14,0.965,57,432,contained,
C-20260819-00571,2026-08-19 15:28:24,hi,renewal_premium,,v14,0.908,111,471,contained,
C-20260819-00572,2026-08-19 12:47:18,en,renewal_premium,,v14,0.831,166,393,contained,
C-20260819-00573,2026-08-19 17:53:59,hi,claim_status,CL7977048,v14,0.881,139,345,contained,
C-20260819-00574,2026-08-19 19:36:51,en,claim_status,CL7382736,v14,0.871,129,335,contained,
C-20260820-00575,2026-08-20 09:46:28,en,claim_status,CL8624958,v14,0.93,101,284,contained,
C-20260820-00576,2026-08-20 15:21:49,en,network_hospital,,v14,0.934,128,444,contained,
C-20260820-00577,2026-08-20 20:22:56,en,network_hospital,,v14,0.872,107,225,contained,
C-20260820-00578,2026-08-20 12:49:39,en,policy_details,,v14,0.956,142,487,contained,
C-20260820-00579,2026-08-20 18:34:05,en,claim_status,CL8101894,v14,0.835,193,358,contained,
C-20260820-00580,2026-08-20 19:09:06,en,renewal_premium,,v14,0.99,168,401,transferred_human,escalation_policy
C-20260820-00581,2026-08-20 09:34:09,en,network_hospital,,v14,0.949,199,397,transferred_human,caller_requested_human
C-20260820-00582,2026-08-20 20:59:49,hi,renewal_premium,,v14,0.866,187,356,transferred_human,caller_requested_human
C-20260820-00583,2026-08-20 13:25:33,en,claim_status,CL8006296,v14,0.878,118,463,contained,
C-20260820-00584,2026-08-20 14:12:45,en,claim_status,CL7643858,v14,0.869,78,419,contained,
C-20260820-00585,2026-08-20 19:34:22,en,claim_status,CL8822709,v14,0.93,181,213,contained,
C-20260820-00586,2026-08-20 16:46:23,en,claim_status,CL8629735,v14,0.953,204,367,contained,
C-20260820-00587,2026-08-20 10:55:06,en,claim_status,CL7521900,v14,0.99,120,466,contained,
C-20260820-00588,2026-08-20 10:15:01,hi,claim_status,CL7994743,v14,0.924,121,411,contained,
C-20260820-00589,2026-08-20 11:55:56,en,claim_status,CL7387076,v14,0.988,167,328,transferred_human,caller_requested_human
C-20260820-00590,2026-08-20 12:08:45,en,claim_status,CL8643471,v14,0.971,136,517,transferred_human,out_of_scope
C-20260820-00591,2026-08-20 14:09:17,en,policy_details,,v14,0.99,125,508,transferred_human,agent_could_not_resolve
C-20260820-00592,2026-08-20 14:57:21,en,policy_details,,v14,0.906,154,429,contained,
C-20260820-00593,2026-08-20 11:28:04,en,claim_status,CL7505105,v14,0.99,143,291,contained,
C-20260820-00594,2026-08-20 12:22:27,hi,claim_status,CL8500047,v14,0.89,127,406,contained,
C-20260820-00595,2026-08-20 12:57:40,en,network_hospital,,v14,0.978,119,375,transferred_human,caller_requested_human
C-20260820-00596,2026-08-20 18:41:54,en,claim_status,CL8575888,v14,0.885,53,414,contained,
C-20260820-00597,2026-08-20 15:12:48,en,policy_details,,v14,0.876,155,433,contained,
C-20260820-00598,2026-08-20 12:06:53,hi,network_hospital,,v14,0.889,166,429,transferred_human,escalation_policy
C-20260820-00599,2026-08-20 15:15:03,en,renewal_premium,,v14,0.888,107,429,contained,
C-20260820-00600,2026-08-20 12:34:30,en,claim_status,CL8000324,v14,0.938,174,551,contained,
C-20260820-00601,2026-08-20 19:00:55,en,renewal_premium,,v14,0.925,80,468,contained,
C-20260820-00602,2026-08-20 15:16:41,en,renewal_premium,,v14,0.901,64,473,contained,
C-20260820-00603,2026-08-20 11:32:07,en,claim_status,CL7146887,v14,0.93,113,855,contained,
C-20260820-00604,2026-08-20 14:07:44,en,network_hospital,,v14,0.982,122,443,contained,
C-20260820-00605,2026-08-20 17:10:53,hi,network_hospital,,v14,0.871,88,340,contained,
C-20260820-00606,2026-08-20 11:59:42,hi,claim_status,CL8150842,v14,0.814,188,490,transferred_human,escalation_policy
C-20260820-00607,2026-08-20 18:06:00,en,claim_status,CL8581744,v14,0.938,129,473,transferred_human,out_of_scope
C-20260820-00608,2026-08-20 15:37:49,en,renewal_premium,,v14,0.957,196,411,transferred_human,caller_requested_human
C-20260820-00609,2026-08-20 09:13:57,en,renewal_premium,,v14,0.989,145,399,contained,
C-20260820-00610,2026-08-20 18:41:00,en,network_hospital,,v14,0.964,44,231,contained,
C-20260820-00611,2026-08-20 14:33:52,en,claim_status,CL8707212,v14,0.97,66,494,contained,
C-20260820-00612,2026-08-20 16:54:30,en,network_hospital,,v14,0.957,201,430,transferred_human,caller_requested_human
C-20260820-00613,2026-08-20 10:23:57,en,claim_status,CL7012200,v14,0.9,175,470,contained,
C-20260820-00614,2026-08-20 12:42:04,en,network_hospital,,v14,0.92,209,410,transferred_human,caller_requested_human
C-20260820-00615,2026-08-20 10:46:30,en,policy_details,,v14,0.931,59,373,contained,
C-20260820-00616,2026-08-20 12:02:47,en,claim_status,CL8044138,v14,0.942,112,514,contained,
C-20260820-00617,2026-08-20 13:11:19,en,claim_status,CL8752096,v14,0.889,183,530,contained,
C-20260820-00618,2026-08-20 13:03:06,hi,claim_status,CL8980717,v14,0.844,152,445,contained,
C-20260820-00619,2026-08-20 10:46:04,en,claim_status,CL7506066,v14,0.923,136,360,contained,
C-20260820-00620,2026-08-20 09:10:53,en,claim_status,CL8950310,v14,0.99,78,298,contained,
C-20260820-00621,2026-08-20 15:50:28,en,claim_status,CL8232904,v14,0.888,116,610,transferred_human,caller_requested_human
C-20260820-00622,2026-08-20 13:23:18,en,renewal_premium,,v14,0.914,167,300,transferred_human,agent_could_not_resolve
C-20260820-00623,2026-08-20 09:23:41,en,claim_status,CL8711416,v14,0.908,58,484,contained,
C-20260820-00624,2026-08-20 15:48:08,hi,renewal_premium,,v14,0.77,233,569,transferred_human,escalation_policy
C-20260820-00625,2026-08-20 11:17:15,hi,network_hospital,,v14,0.907,98,508,contained,
C-20260820-00626,2026-08-20 12:00:02,en,claim_status,CL7358567,v14,0.99,160,532,contained,
C-20260820-00627,2026-08-20 15:51:32,en,claim_status,CL8032042,v14,0.99,63,277,contained,
C-20260820-00628,2026-08-20 18:54:50,en,claim_status,CL8155118,v14,0.908,98,379,contained,
C-20260820-00629,2026-08-20 10:09:36,en,claim_status,CL7335781,v14,0.924,104,526,transferred_human,out_of_scope
C-20260820-00630,2026-08-20 11:12:22,en,policy_details,,v14,0.99,108,380,contained,
C-20260820-00631,2026-08-20 12:30:22,en,policy_details,,v14,0.876,133,503,contained,
C-20260820-00632,2026-08-20 16:29:08,en,network_hospital,,v14,0.939,169,480,contained,
C-20260820-00633,2026-08-20 15:39:51,hi,renewal_premium,,v14,0.87,52,411,contained,
C-20260820-00634,2026-08-20 20:31:26,en,policy_details,,v14,0.916,115,413,transferred_human,caller_requested_human
C-20260820-00635,2026-08-20 16:51:53,en,renewal_premium,,v14,0.99,145,607,contained,
C-20260820-00636,2026-08-20 11:25:35,en,renewal_premium,,v14,0.889,81,277,contained,
C-20260820-00637,2026-08-20 09:15:47,en,network_hospital,,v14,0.978,160,449,transferred_human,escalation_policy
C-20260820-00638,2026-08-20 12:09:14,hi,policy_details,,v14,0.868,54,462,contained,
C-20260820-00639,2026-08-20 11:45:50,en,renewal_premium,,v14,0.843,164,537,contained,
C-20260820-00640,2026-08-20 09:16:29,hi,claim_status,CL7031032,v14,0.902,119,522,contained,
C-20260820-00641,2026-08-20 18:12:12,hi,network_hospital,,v14,0.881,145,370,contained,
C-20260820-00642,2026-08-20 10:51:12,en,network_hospital,,v14,0.895,70,475,contained,
C-20260820-00643,2026-08-20 19:25:01,hi,claim_status,CL8419958,v14,0.911,142,302,contained,
C-20260820-00644,2026-08-20 15:26:22,en,renewal_premium,,v14,0.99,129,401,contained,
C-20260820-00645,2026-08-20 16:14:07,en,policy_details,,v14,0.99,56,521,contained,
C-20260820-00646,2026-08-20 19:36:29,en,network_hospital,,v14,0.886,223,360,transferred_human,caller_requested_human
C-20260820-00647,2026-08-20 14:34:44,en,policy_details,,v14,0.91,173,385,abandoned,
C-20260820-00648,2026-08-20 20:02:03,en,claim_status,CL7412110,v14,0.973,159,347,contained,
C-20260820-00649,2026-08-20 15:12:12,en,claim_status,CL7510623,v14,0.923,117,321,contained,
C-20260820-00650,2026-08-20 13:47:36,en,renewal_premium,,v14,0.915,108,483,contained,
C-20260820-00651,2026-08-20 09:04:22,en,network_hospital,,v14,0.99,90,511,transferred_human,out_of_scope
C-20260820-00652,2026-08-20 10:25:23,hi,renewal_premium,,v14,0.813,157,338,contained,
C-20260820-00653,2026-08-20 16:07:45,en,network_hospital,,v14,0.957,74,389,contained,
C-20260820-00654,2026-08-20 18:47:24,en,network_hospital,,v14,0.921,94,508,contained,
C-20260820-00655,2026-08-20 09:08:03,en,claim_status,CL7968939,v14,0.904,165,326,transferred_human,out_of_scope
C-20260820-00656,2026-08-20 20:15:41,en,network_hospital,,v14,0.856,128,390,transferred_human,escalation_policy
C-20260820-00657,2026-08-20 19:23:34,en,claim_status,CL8420783,v14,0.952,121,428,contained,
C-20260820-00658,2026-08-20 19:59:33,hi,network_hospital,,v14,0.895,105,426,transferred_human,escalation_policy
C-20260820-00659,2026-08-20 13:22:22,en,claim_status,CL8641050,v14,0.946,187,1479,contained,
C-20260820-00660,2026-08-20 13:48:21,hi,claim_status,CL7737521,v14,0.99,111,517,contained,
C-20260820-00661,2026-08-20 14:22:37,en,renewal_premium,,v14,0.926,226,298,transferred_human,out_of_scope
C-20260820-00662,2026-08-20 11:32:52,en,network_hospital,,v14,0.812,145,310,transferred_human,agent_could_not_resolve
C-20260820-00663,2026-08-20 14:16:35,en,renewal_premium,,v14,0.873,148,395,contained,
C-20260820-00664,2026-08-20 10:05:12,hi,claim_status,CL8417064,v14,0.939,162,409,transferred_human,out_of_scope
C-20260820-00665,2026-08-20 18:12:01,en,claim_status,CL7589493,v14,0.99,133,367,transferred_human,escalation_policy
C-20260820-00666,2026-08-20 14:22:06,hi,renewal_premium,,v14,0.814,174,1284,contained,
C-20260820-00667,2026-08-20 17:23:27,en,claim_status,CL7788482,v14,0.837,122,539,contained,
C-20260820-00668,2026-08-20 18:10:48,en,claim_status,CL7547965,v14,0.88,165,403,transferred_human,caller_requested_human
C-20260820-00669,2026-08-20 12:31:12,en,claim_status,CL8250728,v14,0.936,114,1544,contained,
C-20260820-00670,2026-08-20 10:25:46,en,renewal_premium,,v14,0.882,168,389,transferred_human,out_of_scope
C-20260820-00671,2026-08-20 12:13:08,en,network_hospital,,v14,0.911,142,510,contained,
C-20260820-00672,2026-08-20 16:04:52,en,network_hospital,,v14,0.983,84,460,transferred_human,agent_could_not_resolve
C-20260820-00673,2026-08-20 15:11:14,en,claim_status,CL7069846,v14,0.984,83,309,transferred_human,caller_requested_human
C-20260820-00674,2026-08-20 11:41:11,en,claim_status,CL7991125,v14,0.989,110,519,contained,
C-20260820-00675,2026-08-20 14:00:55,hi,claim_status,CL8969034,v14,0.857,54,625,contained,
C-20260820-00676,2026-08-20 16:38:54,en,claim_status,CL7952865,v14,0.943,58,403,contained,
C-20260820-00677,2026-08-20 10:53:04,en,network_hospital,,v14,0.99,91,515,contained,
C-20260820-00678,2026-08-20 10:49:59,en,renewal_premium,,v14,0.893,172,465,transferred_human,escalation_policy
C-20260820-00679,2026-08-20 09:22:30,en,network_hospital,,v14,0.926,140,549,contained,
C-20260820-00680,2026-08-20 09:49:02,en,claim_status,CL8262676,v14,0.974,194,371,transferred_human,agent_could_not_resolve
C-20260820-00681,2026-08-20 12:52:47,en,claim_status,CL7843942,v14,0.903,158,334,contained,
C-20260820-00682,2026-08-20 15:02:27,en,claim_status,CL8950164,v14,0.931,145,372,contained,
C-20260820-00683,2026-08-20 14:57:31,en,claim_status,CL7864741,v14,0.891,265,401,transferred_human,caller_requested_human
C-20260820-00684,2026-08-20 12:42:41,en,network_hospital,,v14,0.896,135,362,contained,
C-20260820-00685,2026-08-20 10:52:54,hi,claim_status,CL7425059,v14,0.83,100,550,contained,
C-20260820-00686,2026-08-20 11:59:55,hi,renewal_premium,,v14,0.907,103,410,contained,
C-20260820-00687,2026-08-20 12:38:16,en,policy_details,,v14,0.929,140,549,transferred_human,escalation_policy
C-20260820-00688,2026-08-20 09:58:44,en,claim_status,CL8927963,v14,0.955,61,383,contained,
C-20260820-00689,2026-08-20 11:00:46,en,claim_status,CL8630734,v14,0.926,72,511,contained,
C-20260820-00690,2026-08-20 17:39:40,en,network_hospital,,v14,0.99,93,296,contained,
C-20260820-00691,2026-08-20 12:58:01,en,policy_details,,v14,0.934,172,430,transferred_human,agent_could_not_resolve
C-20260820-00692,2026-08-20 15:46:08,en,renewal_premium,,v14,0.911,139,583,transferred_human,escalation_policy
C-20260820-00693,2026-08-20 13:48:09,en,claim_status,CL8609588,v14,0.962,126,524,contained,
C-20260820-00694,2026-08-20 16:57:28,hi,renewal_premium,,v14,0.791,168,323,contained,
C-20260820-00695,2026-08-20 18:49:46,en,claim_status,CL7567269,v14,0.962,103,248,contained,
C-20260820-00696,2026-08-20 12:23:59,hi,network_hospital,,v14,0.869,134,647,contained,
C-20260820-00697,2026-08-20 12:57:16,en,claim_status,CL8599771,v14,0.872,32,312,contained,
C-20260820-00698,2026-08-20 17:51:56,en,network_hospital,,v14,0.99,109,443,contained,
C-20260820-00699,2026-08-20 14:18:20,en,renewal_premium,,v14,0.948,163,1091,transferred_human,caller_requested_human
C-20260820-00700,2026-08-20 12:33:27,en,network_hospital,,v14,0.884,94,357,contained,
C-20260820-00701,2026-08-20 16:52:04,en,network_hospital,,v14,0.842,163,356,contained,
C-20260820-00702,2026-08-20 16:09:52,en,network_hospital,,v14,0.906,116,475,contained,
C-20260820-00703,2026-08-20 19:17:31,en,claim_status,CL7148308,v14,0.963,183,443,abandoned,
C-20260820-00704,2026-08-20 11:50:26,en,network_hospital,,v14,0.882,137,488,contained,
C-20260820-00705,2026-08-20 11:32:51,en,renewal_premium,,v14,0.92,128,368,abandoned,
C-20260820-00706,2026-08-20 10:02:50,en,network_hospital,,v14,0.889,25,436,contained,
C-20260820-00707,2026-08-20 13:12:09,hi,claim_status,CL7345757,v14,0.82,156,529,contained,
C-20260820-00708,2026-08-20 16:56:53,en,renewal_premium,,v14,0.953,70,557,contained,
C-20260820-00709,2026-08-20 10:31:27,en,network_hospital,,v14,0.86,164,466,transferred_human,out_of_scope
C-20260820-00710,2026-08-20 18:26:20,hi,network_hospital,,v14,0.872,95,324,transferred_human,out_of_scope
C-20260820-00711,2026-08-20 17:59:02,en,claim_status,CL7098527,v14,0.902,112,617,contained,
C-20260820-00712,2026-08-20 19:20:14,en,claim_status,CL8251675,v14,0.919,172,534,contained,
C-20260820-00713,2026-08-20 12:15:47,en,claim_status,CL7497072,v14,0.99,89,364,contained,
C-20260820-00714,2026-08-20 16:37:49,en,renewal_premium,,v14,0.833,221,612,abandoned,
C-20260820-00715,2026-08-20 20:08:45,en,claim_status,CL7198571,v14,0.921,80,342,contained,
C-20260820-00716,2026-08-20 16:04:21,en,claim_status,CL7605417,v14,0.99,117,401,contained,
C-20260820-00717,2026-08-20 16:46:45,en,renewal_premium,,v14,0.99,97,382,contained,
C-20260820-00718,2026-08-20 17:15:45,en,claim_status,CL7994237,v14,0.948,128,459,contained,
C-20260820-00719,2026-08-20 09:43:42,en,policy_details,,v14,0.933,136,278,contained,
C-20260820-00720,2026-08-20 12:19:33,en,policy_details,,v14,0.919,138,517,contained,
C-20260820-00721,2026-08-20 12:38:01,en,claim_status,CL7241660,v14,0.975,64,563,contained,
C-20260820-00722,2026-08-20 13:24:23,hi,claim_status,CL7721661,v14,0.926,121,333,contained,
C-20260820-00723,2026-08-20 10:58:10,hi,renewal_premium,,v14,0.871,170,523,transferred_human,caller_requested_human
C-20260820-00724,2026-08-20 14:27:20,en,claim_status,CL7925773,v14,0.934,70,474,contained,
C-20260820-00725,2026-08-20 14:08:53,hi,network_hospital,,v14,0.908,124,323,transferred_human,caller_requested_human
C-20260820-00726,2026-08-20 11:54:37,en,renewal_premium,,v14,0.919,158,421,contained,
C-20260820-00727,2026-08-20 11:14:36,en,renewal_premium,,v14,0.99,166,400,contained,
C-20260820-00728,2026-08-20 13:23:57,en,network_hospital,,v14,0.952,152,360,transferred_human,agent_could_not_resolve
C-20260820-00729,2026-08-20 15:57:45,en,network_hospital,,v14,0.97,99,238,contained,
C-20260820-00730,2026-08-20 17:28:01,en,claim_status,CL7903454,v14,0.891,180,524,transferred_human,agent_could_not_resolve
C-20260820-00731,2026-08-20 18:30:19,en,renewal_premium,,v14,0.83,141,573,transferred_human,caller_requested_human
C-20260820-00732,2026-08-20 17:52:37,en,claim_status,CL8068374,v14,0.93,101,604,contained,
C-20260820-00733,2026-08-20 15:42:54,en,renewal_premium,,v14,0.926,154,540,transferred_human,out_of_scope
C-20260820-00734,2026-08-20 10:44:22,en,claim_status,CL8343194,v14,0.977,80,423,contained,
C-20260820-00735,2026-08-20 11:35:30,en,claim_status,CL7679389,v14,0.941,81,450,contained,
C-20260820-00736,2026-08-20 12:36:30,en,policy_details,,v14,0.965,134,382,contained,
C-20260820-00737,2026-08-20 14:12:31,en,policy_details,,v14,0.914,76,419,contained,
C-20260820-00738,2026-08-20 15:24:44,en,renewal_premium,,v14,0.906,160,449,transferred_human,caller_requested_human
C-20260820-00739,2026-08-20 11:09:00,en,claim_status,CL7454957,v14,0.917,101,319,transferred_human,escalation_policy
C-20260820-00740,2026-08-20 15:18:55,en,claim_status,CL8396233,v14,0.925,94,350,contained,
C-20260820-00741,2026-08-20 14:04:20,hi,claim_status,CL8943632,v14,0.855,165,330,transferred_human,caller_requested_human
C-20260820-00742,2026-08-20 20:21:28,en,claim_status,CL8716124,v14,0.951,213,284,transferred_human,agent_could_not_resolve
C-20260820-00743,2026-08-20 10:26:15,en,claim_status,CL7322447,v14,0.99,39,433,contained,
C-20260820-00744,2026-08-20 10:55:58,en,claim_status,CL8285092,v14,0.927,57,427,contained,
C-20260820-00745,2026-08-20 17:04:51,en,renewal_premium,,v14,0.941,77,387,contained,
C-20260820-00746,2026-08-20 09:23:59,en,renewal_premium,,v14,0.928,148,507,contained,
C-20260820-00747,2026-08-20 14:15:22,en,network_hospital,,v14,0.934,146,571,contained,
C-20260820-00748,2026-08-20 10:42:48,en,renewal_premium,,v14,0.898,188,557,transferred_human,agent_could_not_resolve
C-20260820-00749,2026-08-20 11:44:47,en,claim_status,CL8357983,v14,0.911,147,502,contained,
C-20260820-00750,2026-08-20 11:40:53,en,renewal_premium,,v14,0.863,186,322,transferred_human,caller_requested_human
C-20260820-00751,2026-08-20 13:01:52,en,network_hospital,,v14,0.893,168,327,transferred_human,escalation_policy
C-20260820-00752,2026-08-20 11:45:20,en,policy_details,,v14,0.888,103,624,contained,
C-20260820-00753,2026-08-20 20:08:16,en,policy_details,,v14,0.944,140,396,contained,
C-20260820-00754,2026-08-20 17:30:31,en,network_hospital,,v14,0.858,78,453,contained,
C-20260820-00755,2026-08-20 17:00:38,en,network_hospital,,v14,0.936,173,397,transferred_human,escalation_policy
C-20260820-00756,2026-08-20 09:01:01,en,claim_status,CL8313131,v14,0.878,148,330,contained,
C-20260820-00757,2026-08-20 09:25:58,en,policy_details,,v14,0.905,70,322,contained,
C-20260820-00758,2026-08-20 18:26:55,en,claim_status,CL8540103,v14,0.856,207,517,abandoned,
C-20260820-00759,2026-08-20 17:08:40,en,claim_status,CL8636462,v14,0.894,111,452,contained,
C-20260820-00760,2026-08-20 16:48:32,en,claim_status,CL7465572,v14,0.924,92,300,contained,
C-20260820-00761,2026-08-20 11:42:37,hi,policy_details,,v14,0.79,118,342,contained,
C-20260821-00762,2026-08-21 20:27:53,en,network_hospital,,v14,0.941,146,350,contained,
C-20260821-00763,2026-08-21 12:29:19,hi,renewal_premium,,v14,0.816,186,461,transferred_human,caller_requested_human
C-20260821-00764,2026-08-21 16:22:57,en,renewal_premium,,v14,0.895,137,307,contained,
C-20260821-00765,2026-08-21 10:19:52,en,network_hospital,,v14,0.895,153,628,contained,
C-20260821-00766,2026-08-21 19:16:43,en,policy_details,,v14,0.902,178,485,transferred_human,out_of_scope
C-20260821-00767,2026-08-21 11:53:41,en,claim_status,CL8414781,v14,0.868,126,459,contained,
C-20260821-00768,2026-08-21 15:00:58,en,renewal_premium,,v14,0.951,221,347,abandoned,
C-20260821-00769,2026-08-21 11:17:39,en,renewal_premium,,v14,0.88,87,536,contained,
C-20260821-00770,2026-08-21 12:30:10,hi,renewal_premium,,v14,0.798,152,306,transferred_human,caller_requested_human
C-20260821-00771,2026-08-21 19:45:53,en,claim_status,CL7571359,v14,0.849,167,446,transferred_human,caller_requested_human
C-20260821-00772,2026-08-21 15:59:35,en,claim_status,CL7432987,v14,0.898,101,546,contained,
C-20260821-00773,2026-08-21 09:26:42,en,network_hospital,,v14,0.95,146,368,contained,
C-20260821-00774,2026-08-21 13:45:40,en,claim_status,CL7725574,v14,0.83,185,364,transferred_human,caller_requested_human
C-20260821-00775,2026-08-21 15:33:33,hi,claim_status,CL8181303,v14,0.953,139,446,contained,
C-20260821-00776,2026-08-21 20:28:06,en,claim_status,CL8439929,v14,0.99,148,351,contained,
C-20260821-00777,2026-08-21 12:17:20,en,network_hospital,,v14,0.963,189,410,contained,
C-20260821-00778,2026-08-21 10:39:03,en,claim_status,CL7606007,v14,0.95,163,427,contained,
C-20260821-00779,2026-08-21 15:21:51,hi,policy_details,,v14,0.917,161,310,transferred_human,out_of_scope
C-20260821-00780,2026-08-21 10:13:49,en,renewal_premium,,v14,0.896,153,507,transferred_human,out_of_scope
C-20260821-00781,2026-08-21 13:47:25,en,renewal_premium,,v14,0.832,224,504,transferred_human,caller_requested_human
C-20260821-00782,2026-08-21 12:03:51,en,policy_details,,v14,0.953,77,345,contained,
C-20260821-00783,2026-08-21 09:32:06,en,network_hospital,,v14,0.891,182,400,transferred_human,out_of_scope
C-20260821-00784,2026-08-21 17:42:07,en,renewal_premium,,v14,0.886,150,638,transferred_human,escalation_policy
C-20260821-00785,2026-08-21 16:22:50,en,renewal_premium,,v14,0.983,110,486,contained,
C-20260821-00786,2026-08-21 12:59:42,en,renewal_premium,,v14,0.941,141,395,contained,
C-20260821-00787,2026-08-21 13:56:42,en,network_hospital,,v14,0.904,122,379,contained,
C-20260821-00788,2026-08-21 09:50:29,en,claim_status,CL7213886,v14,0.954,153,436,contained,
C-20260821-00789,2026-08-21 12:07:09,en,claim_status,CL7768810,v14,0.89,25,334,contained,
C-20260821-00790,2026-08-21 15:50:42,en,renewal_premium,,v14,0.953,30,333,contained,
C-20260821-00791,2026-08-21 11:16:51,en,claim_status,CL7340688,v14,0.921,151,282,contained,
C-20260821-00792,2026-08-21 11:49:19,en,renewal_premium,,v14,0.99,149,480,contained,
C-20260821-00793,2026-08-21 10:44:11,en,renewal_premium,,v14,0.923,109,359,contained,
C-20260821-00794,2026-08-21 15:53:03,en,renewal_premium,,v14,0.948,132,375,contained,
C-20260821-00795,2026-08-21 19:48:13,en,claim_status,CL8287944,v14,0.938,74,423,contained,
C-20260821-00796,2026-08-21 17:28:29,en,renewal_premium,,v14,0.965,164,474,transferred_human,caller_requested_human
C-20260821-00797,2026-08-21 18:15:13,en,claim_status,CL8075546,v14,0.9,116,527,contained,
C-20260821-00798,2026-08-21 20:56:46,en,network_hospital,,v14,0.935,133,280,transferred_human,agent_could_not_resolve
C-20260821-00799,2026-08-21 15:48:34,en,claim_status,CL7994586,v14,0.967,189,391,contained,
C-20260821-00800,2026-08-21 12:01:36,hi,network_hospital,,v14,0.923,163,418,contained,
C-20260821-00801,2026-08-21 18:06:09,en,renewal_premium,,v14,0.922,128,350,transferred_human,caller_requested_human
C-20260821-00802,2026-08-21 20:34:12,en,network_hospital,,v14,0.889,121,410,contained,
C-20260821-00803,2026-08-21 20:17:39,en,network_hospital,,v14,0.93,151,424,contained,
C-20260821-00804,2026-08-21 15:11:45,en,renewal_premium,,v14,0.979,115,543,contained,
C-20260821-00805,2026-08-21 12:38:26,en,network_hospital,,v14,0.946,63,277,contained,
C-20260821-00806,2026-08-21 15:00:21,en,claim_status,CL8430766,v14,0.902,175,440,contained,
C-20260821-00807,2026-08-21 14:05:10,en,claim_status,CL7563992,v14,0.99,121,340,contained,
C-20260821-00808,2026-08-21 15:31:24,en,claim_status,CL7623981,v14,0.939,209,539,transferred_human,caller_requested_human
C-20260821-00809,2026-08-21 19:26:50,en,network_hospital,,v14,0.99,108,465,contained,
C-20260821-00810,2026-08-21 16:49:40,en,claim_status,CL7181025,v14,0.97,127,634,contained,
C-20260821-00811,2026-08-21 13:11:23,hi,claim_status,CL7863867,v14,0.869,112,392,contained,
C-20260821-00812,2026-08-21 12:01:01,en,claim_status,CL7626988,v14,0.925,91,458,contained,
C-20260821-00813,2026-08-21 16:05:10,en,claim_status,CL7748094,v14,0.891,144,411,transferred_human,caller_requested_human
C-20260821-00814,2026-08-21 12:51:42,en,claim_status,CL7393503,v14,0.91,121,349,contained,
C-20260821-00815,2026-08-21 18:53:51,en,renewal_premium,,v14,0.99,180,340,contained,
C-20260821-00816,2026-08-21 19:17:33,en,claim_status,CL8029054,v14,0.888,191,525,contained,
C-20260821-00817,2026-08-21 19:52:57,en,claim_status,CL7850450,v14,0.917,165,543,contained,
C-20260821-00818,2026-08-21 15:57:41,en,claim_status,CL7683632,v14,0.99,88,445,contained,
C-20260821-00819,2026-08-21 15:45:48,en,policy_details,,v14,0.801,83,377,contained,
C-20260821-00820,2026-08-21 10:42:30,en,claim_status,CL7700914,v14,0.963,109,420,contained,
C-20260821-00821,2026-08-21 13:54:17,en,renewal_premium,,v14,0.959,25,419,contained,
C-20260821-00822,2026-08-21 14:44:49,hi,claim_status,CL7804191,v14,0.795,102,360,contained,
C-20260821-00823,2026-08-21 19:41:50,en,network_hospital,,v14,0.959,91,459,contained,
C-20260821-00824,2026-08-21 11:18:01,hi,claim_status,CL8674564,v14,0.853,146,286,transferred_human,out_of_scope
C-20260821-00825,2026-08-21 12:50:06,hi,renewal_premium,,v14,0.921,201,344,transferred_human,agent_could_not_resolve
C-20260821-00826,2026-08-21 18:10:01,en,network_hospital,,v14,0.884,168,490,contained,
C-20260821-00827,2026-08-21 13:38:55,en,policy_details,,v14,0.879,139,553,contained,
C-20260821-00828,2026-08-21 11:09:34,en,renewal_premium,,v14,0.937,226,408,transferred_human,caller_requested_human
C-20260821-00829,2026-08-21 16:20:11,en,claim_status,CL8022738,v14,0.929,129,373,contained,
C-20260821-00830,2026-08-21 10:58:34,en,claim_status,CL8481859,v14,0.931,92,451,contained,
C-20260821-00831,2026-08-21 11:34:48,en,renewal_premium,,v14,0.945,242,309,transferred_human,escalation_policy
C-20260821-00832,2026-08-21 11:44:33,en,claim_status,CL8167283,v14,0.891,250,341,transferred_human,agent_could_not_resolve
C-20260821-00833,2026-08-21 19:18:37,en,network_hospital,,v14,0.914,109,434,transferred_human,caller_requested_human
C-20260821-00834,2026-08-21 12:14:04,en,claim_status,CL8398522,v14,0.912,64,478,contained,
C-20260821-00835,2026-08-21 15:11:55,en,claim_status,CL7732394,v14,0.931,130,367,contained,
C-20260821-00836,2026-08-21 09:50:35,hi,claim_status,CL7466388,v14,0.9,150,510,contained,
C-20260821-00837,2026-08-21 09:14:08,en,policy_details,,v14,0.896,158,373,contained,
C-20260821-00838,2026-08-21 18:58:06,hi,claim_status,CL7866916,v14,0.852,130,382,contained,
C-20260821-00839,2026-08-21 11:36:10,en,renewal_premium,,v14,0.99,163,484,transferred_human,agent_could_not_resolve
C-20260821-00840,2026-08-21 11:18:31,en,claim_status,CL7913799,v14,0.973,93,404,contained,
C-20260821-00841,2026-08-21 15:09:49,en,renewal_premium,,v14,0.914,161,478,transferred_human,caller_requested_human
C-20260821-00842,2026-08-21 17:39:33,en,policy_details,,v14,0.893,167,425,contained,
C-20260821-00843,2026-08-21 14:33:03,en,policy_details,,v14,0.972,163,536,contained,
C-20260821-00844,2026-08-21 09:07:30,en,claim_status,CL7204577,v14,0.99,89,353,contained,
C-20260821-00845,2026-08-21 11:22:22,en,policy_details,,v14,0.969,64,245,contained,
C-20260821-00846,2026-08-21 17:45:03,en,claim_status,CL7873495,v14,0.936,103,614,contained,
C-20260821-00847,2026-08-21 16:44:46,en,renewal_premium,,v14,0.879,100,387,contained,
C-20260821-00848,2026-08-21 12:30:21,hi,claim_status,CL7636952,v14,0.898,83,532,contained,
C-20260821-00849,2026-08-21 14:35:05,en,claim_status,CL7216505,v14,0.99,183,419,transferred_human,caller_requested_human
C-20260821-00850,2026-08-21 12:23:07,hi,claim_status,CL8116582,v14,0.745,87,379,contained,
C-20260821-00851,2026-08-21 15:02:40,hi,network_hospital,,v14,0.891,193,443,contained,
C-20260821-00852,2026-08-21 20:44:39,en,policy_details,,v14,0.938,131,420,contained,
C-20260821-00853,2026-08-21 13:30:08,en,claim_status,CL7537289,v14,0.887,120,439,transferred_human,out_of_scope
C-20260821-00854,2026-08-21 17:09:42,hi,network_hospital,,v14,0.827,120,385,contained,
C-20260821-00855,2026-08-21 12:54:30,en,claim_status,CL8137736,v14,0.909,119,344,contained,
C-20260821-00856,2026-08-21 14:36:56,en,claim_status,CL7557994,v14,0.965,121,422,contained,
C-20260821-00857,2026-08-21 13:43:50,en,renewal_premium,,v14,0.99,128,480,contained,
C-20260821-00858,2026-08-21 15:31:59,en,network_hospital,,v14,0.99,92,398,contained,
C-20260821-00859,2026-08-21 16:12:17,en,network_hospital,,v14,0.877,123,535,contained,
C-20260821-00860,2026-08-21 17:59:05,hi,claim_status,CL7544672,v14,0.848,81,534,contained,
C-20260821-00861,2026-08-21 17:24:32,en,renewal_premium,,v14,0.913,141,1199,contained,
C-20260821-00862,2026-08-21 09:29:02,en,claim_status,CL7789657,v14,0.978,85,360,contained,
C-20260821-00863,2026-08-21 16:00:31,hi,claim_status,CL7791270,v14,0.958,129,282,contained,
C-20260821-00864,2026-08-21 13:26:03,en,claim_status,CL7936705,v14,0.92,181,502,contained,
C-20260821-00865,2026-08-21 12:33:01,en,claim_status,CL8267905,v14,0.867,79,445,contained,
C-20260821-00866,2026-08-21 10:36:48,en,renewal_premium,,v14,0.888,137,418,transferred_human,caller_requested_human
C-20260821-00867,2026-08-21 20:51:14,en,claim_status,CL8103081,v14,0.952,60,346,contained,
C-20260821-00868,2026-08-21 13:14:34,en,network_hospital,,v14,0.979,191,466,transferred_human,out_of_scope
C-20260821-00869,2026-08-21 16:38:45,en,network_hospital,,v14,0.99,120,339,contained,
C-20260821-00870,2026-08-21 12:54:29,hi,claim_status,CL8014724,v14,0.9,114,385,transferred_human,agent_could_not_resolve
C-20260821-00871,2026-08-21 15:48:51,en,claim_status,CL7490491,v14,0.835,92,387,contained,
C-20260821-00872,2026-08-21 16:29:45,en,claim_status,CL8650654,v14,0.953,125,443,contained,
C-20260821-00873,2026-08-21 11:05:49,en,claim_status,CL8800917,v14,0.982,174,530,transferred_human,caller_requested_human
C-20260821-00874,2026-08-21 13:53:58,en,claim_status,CL7346010,v14,0.964,114,610,contained,
C-20260821-00875,2026-08-21 17:03:39,en,claim_status,CL8489533,v14,0.885,113,474,contained,
C-20260821-00876,2026-08-21 18:26:22,en,claim_status,CL7594108,v14,0.97,62,292,contained,
C-20260821-00877,2026-08-21 15:19:28,hi,renewal_premium,,v14,0.894,118,384,contained,
C-20260821-00878,2026-08-21 19:49:42,hi,claim_status,CL7131434,v14,0.801,88,391,transferred_human,caller_requested_human
C-20260821-00879,2026-08-21 09:27:55,en,network_hospital,,v14,0.903,160,537,transferred_human,caller_requested_human
C-20260821-00880,2026-08-21 17:52:01,en,policy_details,,v14,0.895,143,285,contained,
C-20260821-00881,2026-08-21 12:28:01,hi,claim_status,CL8867422,v14,0.794,141,416,contained,
C-20260821-00882,2026-08-21 17:16:28,en,renewal_premium,,v14,0.909,192,427,transferred_human,agent_could_not_resolve
C-20260821-00883,2026-08-21 11:29:17,en,claim_status,CL7107087,v14,0.968,162,578,contained,
C-20260821-00884,2026-08-21 15:32:37,en,claim_status,CL8863124,v14,0.955,142,452,contained,
C-20260821-00885,2026-08-21 09:36:31,en,claim_status,CL7225512,v14,0.99,192,429,contained,
C-20260821-00886,2026-08-21 11:16:28,hi,policy_details,,v14,0.9,100,374,transferred_human,out_of_scope
C-20260821-00887,2026-08-21 15:23:19,hi,renewal_premium,,v14,0.872,198,272,transferred_human,escalation_policy
C-20260821-00888,2026-08-21 12:50:40,en,claim_status,CL8220225,v14,0.857,52,401,contained,
C-20260821-00889,2026-08-21 14:41:26,en,claim_status,CL8184908,v14,0.99,186,508,contained,
C-20260821-00890,2026-08-21 19:57:18,en,renewal_premium,,v14,0.99,202,509,transferred_human,caller_requested_human
C-20260821-00891,2026-08-21 09:33:19,hi,network_hospital,,v14,0.894,100,605,transferred_human,agent_could_not_resolve
C-20260821-00892,2026-08-21 16:57:16,en,network_hospital,,v14,0.943,147,509,transferred_human,out_of_scope
C-20260821-00893,2026-08-21 13:53:20,en,policy_details,,v14,0.99,156,355,contained,
C-20260821-00894,2026-08-21 10:16:42,hi,policy_details,,v14,0.851,109,373,contained,
C-20260821-00895,2026-08-21 16:29:01,en,claim_status,CL8818557,v14,0.885,106,376,contained,
C-20260821-00896,2026-08-21 15:46:56,en,claim_status,CL8248301,v14,0.957,134,370,transferred_human,caller_requested_human
C-20260821-00897,2026-08-21 11:28:17,en,policy_details,,v14,0.845,77,449,contained,
C-20260821-00898,2026-08-21 10:43:28,en,claim_status,CL8026922,v14,0.968,149,400,contained,
C-20260821-00899,2026-08-21 13:50:24,hi,policy_details,,v14,0.852,125,349,contained,
C-20260821-00900,2026-08-21 14:22:03,en,claim_status,CL7440759,v14,0.921,132,300,contained,
C-20260821-00901,2026-08-21 19:15:34,en,network_hospital,,v14,0.892,155,589,contained,
C-20260821-00902,2026-08-21 12:04:59,hi,network_hospital,,v14,0.881,144,407,transferred_human,out_of_scope
C-20260821-00903,2026-08-21 11:05:28,en,network_hospital,,v14,0.938,159,441,contained,
C-20260821-00904,2026-08-21 12:40:52,hi,policy_details,,v14,0.828,161,404,transferred_human,out_of_scope
C-20260821-00905,2026-08-21 11:55:12,en,claim_status,CL8190677,v14,0.939,278,387,transferred_human,escalation_policy
C-20260821-00906,2026-08-21 17:30:29,en,policy_details,,v14,0.867,176,390,transferred_human,caller_requested_human
C-20260821-00907,2026-08-21 13:27:39,en,network_hospital,,v14,0.893,93,379,transferred_human,out_of_scope
C-20260821-00908,2026-08-21 20:38:34,en,renewal_premium,,v14,0.99,95,563,contained,
C-20260821-00909,2026-08-21 09:11:24,en,policy_details,,v14,0.915,67,484,contained,
C-20260821-00910,2026-08-21 09:09:02,en,claim_status,CL7657689,v14,0.99,114,588,contained,
C-20260821-00911,2026-08-21 10:24:00,en,renewal_premium,,v14,0.919,195,397,transferred_human,agent_could_not_resolve
C-20260821-00912,2026-08-21 14:12:04,hi,claim_status,CL7705582,v14,0.823,126,531,transferred_human,escalation_policy
C-20260821-00913,2026-08-21 17:39:38,en,policy_details,,v14,0.946,277,395,transferred_human,agent_could_not_resolve
C-20260821-00914,2026-08-21 15:02:10,hi,policy_details,,v14,0.885,94,400,contained,
C-20260821-00915,2026-08-21 09:48:36,en,claim_status,CL7965879,v14,0.923,163,313,contained,
C-20260821-00916,2026-08-21 18:48:09,en,network_hospital,,v14,0.892,61,390,contained,
C-20260821-00917,2026-08-21 18:37:55,en,policy_details,,v14,0.841,170,471,transferred_human,agent_could_not_resolve
C-20260821-00918,2026-08-21 16:09:52,en,claim_status,CL8734274,v14,0.959,175,368,transferred_human,caller_requested_human
C-20260821-00919,2026-08-21 12:46:05,en,network_hospital,,v14,0.952,133,344,contained,
C-20260821-00920,2026-08-21 09:21:32,en,network_hospital,,v14,0.99,154,456,contained,
C-20260821-00921,2026-08-21 15:34:45,en,claim_status,CL7926710,v14,0.877,185,529,transferred_human,caller_requested_human
C-20260821-00922,2026-08-21 09:10:34,en,claim_status,CL7340232,v14,0.877,69,499,contained,
C-20260821-00923,2026-08-21 17:19:51,en,renewal_premium,,v14,0.911,143,537,contained,
C-20260821-00924,2026-08-21 14:34:10,hi,claim_status,CL8846941,v14,0.901,89,459,contained,
C-20260821-00925,2026-08-21 13:52:59,hi,renewal_premium,,v14,0.761,177,523,transferred_human,out_of_scope
C-20260821-00926,2026-08-21 19:18:58,en,network_hospital,,v14,0.982,122,490,contained,
C-20260821-00927,2026-08-21 20:08:30,en,renewal_premium,,v14,0.984,155,500,transferred_human,out_of_scope
C-20260821-00928,2026-08-21 17:34:14,hi,network_hospital,,v14,0.813,181,403,transferred_human,caller_requested_human
C-20260821-00929,2026-08-21 16:54:34,en,network_hospital,,v14,0.906,132,397,contained,
C-20260821-00930,2026-08-21 16:25:16,en,policy_details,,v14,0.955,130,304,contained,
C-20260821-00931,2026-08-21 20:01:13,en,claim_status,CL8108284,v14,0.879,150,477,contained,
C-20260821-00932,2026-08-21 11:13:25,en,claim_status,CL7799033,v14,0.925,71,246,contained,
C-20260821-00933,2026-08-21 17:40:48,en,claim_status,CL8241145,v14,0.953,141,1434,transferred_human,agent_could_not_resolve
C-20260821-00934,2026-08-21 19:29:35,en,network_hospital,,v14,0.822,79,558,contained,
C-20260821-00935,2026-08-21 16:47:57,en,renewal_premium,,v14,0.89,124,380,contained,
C-20260821-00936,2026-08-21 16:59:55,en,claim_status,CL8314151,v14,0.909,133,412,contained,
C-20260821-00937,2026-08-21 19:20:48,en,policy_details,,v14,0.973,74,320,contained,
C-20260821-00938,2026-08-21 15:20:46,en,renewal_premium,,v14,0.926,191,385,transferred_human,caller_requested_human
C-20260821-00939,2026-08-21 18:25:54,en,claim_status,CL8310041,v14,0.907,119,503,contained,
C-20260821-00940,2026-08-21 12:28:54,en,claim_status,CL7829714,v14,0.83,82,466,contained,
C-20260821-00941,2026-08-21 17:40:27,en,network_hospital,,v14,0.929,72,405,contained,
C-20260821-00942,2026-08-21 18:39:56,hi,policy_details,,v14,0.851,46,502,contained,
C-20260821-00943,2026-08-21 13:30:30,en,network_hospital,,v14,0.939,145,447,contained,
C-20260821-00944,2026-08-21 12:07:49,en,claim_status,CL7229868,v14,0.99,132,412,contained,
C-20260821-00945,2026-08-21 19:25:11,en,claim_status,CL8963539,v14,0.871,170,435,contained,
C-20260821-00946,2026-08-21 20:54:45,hi,claim_status,CL7471115,v14,0.868,121,360,contained,
C-20260821-00947,2026-08-21 14:02:44,en,claim_status,CL8372305,v14,0.963,60,451,contained,
C-20260821-00948,2026-08-21 18:46:24,en,network_hospital,,v14,0.902,94,473,contained,
C-20260821-00949,2026-08-21 10:21:32,en,renewal_premium,,v14,0.921,120,408,contained,
C-20260821-00950,2026-08-21 19:31:25,en,claim_status,CL8880939,v14,0.925,173,436,abandoned,
C-20260821-00951,2026-08-21 19:08:34,en,network_hospital,,v14,0.834,182,499,transferred_human,caller_requested_human
C-20260821-00952,2026-08-21 09:20:37,en,claim_status,CL7130674,v14,0.859,198,400,transferred_human,out_of_scope
C-20260821-00953,2026-08-21 09:14:15,en,network_hospital,,v14,0.963,123,461,contained,
C-20260821-00954,2026-08-21 17:40:49,en,network_hospital,,v14,0.915,219,375,transferred_human,caller_requested_human
C-20260821-00955,2026-08-21 17:37:59,en,renewal_premium,,v14,0.847,102,458,contained,
C-20260821-00956,2026-08-21 16:09:08,en,renewal_premium,,v14,0.803,100,416,contained,
C-20260821-00957,2026-08-21 15:43:42,en,policy_details,,v14,0.892,87,483,contained,
C-20260822-00958,2026-08-22 13:24:08,en,renewal_premium,,v14,0.94,175,342,contained,
C-20260822-00959,2026-08-22 09:32:23,en,network_hospital,,v14,0.99,130,514,contained,
C-20260822-00960,2026-08-22 14:11:20,en,network_hospital,,v14,0.845,197,335,transferred_human,caller_requested_human
C-20260822-00961,2026-08-22 13:52:35,hi,network_hospital,,v14,0.778,194,573,contained,
C-20260822-00962,2026-08-22 17:38:36,en,policy_details,,v14,0.842,90,389,contained,
C-20260822-00963,2026-08-22 10:22:15,en,claim_status,CL7769344,v14,0.799,156,403,contained,
C-20260822-00964,2026-08-22 18:38:50,en,policy_details,,v14,0.97,67,354,contained,
C-20260822-00965,2026-08-22 17:09:46,en,renewal_premium,,v14,0.925,141,538,contained,
C-20260822-00966,2026-08-22 10:09:55,en,claim_status,CL7056578,v14,0.927,97,560,contained,
C-20260822-00967,2026-08-22 18:54:45,en,policy_details,,v14,0.981,119,450,transferred_human,out_of_scope
C-20260822-00968,2026-08-22 12:13:39,en,policy_details,,v14,0.983,47,495,contained,
C-20260822-00969,2026-08-22 09:56:32,en,policy_details,,v14,0.968,95,404,contained,
C-20260822-00970,2026-08-22 15:10:22,en,network_hospital,,v14,0.873,217,484,transferred_human,escalation_policy
C-20260822-00971,2026-08-22 09:47:13,en,claim_status,CL8589327,v14,0.892,119,412,contained,
C-20260822-00972,2026-08-22 12:50:17,en,renewal_premium,,v14,0.931,115,545,contained,
C-20260822-00973,2026-08-22 12:34:01,en,claim_status,CL8518714,v14,0.909,118,285,contained,
C-20260822-00974,2026-08-22 12:47:27,en,policy_details,,v14,0.925,91,409,contained,
C-20260822-00975,2026-08-22 09:12:11,en,claim_status,CL8741273,v14,0.975,92,398,contained,
C-20260822-00976,2026-08-22 13:14:17,en,claim_status,CL8095608,v14,0.99,178,1755,transferred_human,escalation_policy
C-20260822-00977,2026-08-22 11:30:32,en,claim_status,CL8782090,v14,0.99,104,313,contained,
C-20260822-00978,2026-08-22 11:00:28,en,network_hospital,,v14,0.929,131,357,transferred_human,caller_requested_human
C-20260822-00979,2026-08-22 16:58:16,en,renewal_premium,,v14,0.833,43,425,contained,
C-20260822-00980,2026-08-22 10:57:17,hi,claim_status,CL7043160,v14,0.927,168,268,contained,
C-20260822-00981,2026-08-22 10:49:30,en,network_hospital,,v14,0.961,66,441,contained,
C-20260822-00982,2026-08-22 14:40:17,en,network_hospital,,v14,0.972,188,400,transferred_human,agent_could_not_resolve
C-20260822-00983,2026-08-22 17:41:28,en,claim_status,CL7434880,v14,0.975,85,439,contained,
C-20260822-00984,2026-08-22 17:08:01,hi,renewal_premium,,v14,0.96,87,1450,contained,
C-20260822-00985,2026-08-22 11:04:38,en,claim_status,CL8939521,v14,0.99,83,396,contained,
C-20260822-00986,2026-08-22 16:02:48,en,claim_status,CL7944595,v14,0.974,129,551,contained,
C-20260822-00987,2026-08-22 11:28:24,en,network_hospital,,v14,0.895,137,386,transferred_human,agent_could_not_resolve
C-20260822-00988,2026-08-22 11:51:27,en,renewal_premium,,v14,0.932,157,427,transferred_human,caller_requested_human
C-20260822-00989,2026-08-22 10:32:01,en,claim_status,CL8453152,v14,0.956,129,229,contained,
C-20260822-00990,2026-08-22 16:06:42,en,policy_details,,v14,0.937,90,508,contained,
C-20260822-00991,2026-08-22 20:45:07,en,claim_status,CL7293669,v14,0.874,90,329,contained,
C-20260822-00992,2026-08-22 16:57:52,hi,policy_details,,v14,0.876,228,372,transferred_human,escalation_policy
C-20260822-00993,2026-08-22 14:59:28,hi,claim_status,CL8781542,v14,0.84,119,476,contained,
C-20260822-00994,2026-08-22 11:53:29,en,renewal_premium,,v14,0.947,256,383,transferred_human,agent_could_not_resolve
C-20260822-00995,2026-08-22 16:09:08,hi,claim_status,CL8530185,v14,0.891,131,620,contained,
C-20260822-00996,2026-08-22 14:09:41,en,claim_status,CL8954042,v14,0.915,120,349,contained,
C-20260822-00997,2026-08-22 18:59:35,en,network_hospital,,v14,0.947,98,386,contained,
C-20260822-00998,2026-08-22 09:52:51,en,claim_status,CL8016410,v14,0.9,127,491,contained,
C-20260822-00999,2026-08-22 17:33:18,en,renewal_premium,,v14,0.935,92,611,contained,
C-20260822-01000,2026-08-22 15:42:10,en,policy_details,,v14,0.921,133,262,transferred_human,escalation_policy
C-20260822-01001,2026-08-22 14:48:27,en,policy_details,,v14,0.99,184,314,contained,
C-20260822-01002,2026-08-22 15:20:26,en,claim_status,CL7305699,v14,0.945,124,417,contained,
C-20260822-01003,2026-08-22 15:08:57,hi,claim_status,CL8566521,v14,0.91,164,346,transferred_human,caller_requested_human
C-20260822-01004,2026-08-22 14:21:52,en,claim_status,CL7399689,v14,0.909,144,480,transferred_human,agent_could_not_resolve
C-20260822-01005,2026-08-22 16:17:57,en,network_hospital,,v14,0.922,109,313,contained,
C-20260822-01006,2026-08-22 12:20:47,en,renewal_premium,,v14,0.891,122,440,transferred_human,escalation_policy
C-20260822-01007,2026-08-22 13:29:37,en,network_hospital,,v14,0.925,94,300,contained,
C-20260822-01008,2026-08-22 10:37:19,en,claim_status,CL8734772,v14,0.848,108,497,contained,
C-20260822-01009,2026-08-22 16:54:27,en,claim_status,CL8978176,v14,0.958,49,414,abandoned,
C-20260822-01010,2026-08-22 15:20:03,hi,renewal_premium,,v14,0.724,66,560,contained,
C-20260822-01011,2026-08-22 16:21:23,en,claim_status,CL7424925,v14,0.971,107,495,contained,
C-20260822-01012,2026-08-22 12:24:10,en,renewal_premium,,v14,0.92,164,471,transferred_human,agent_could_not_resolve
C-20260822-01013,2026-08-22 14:02:49,en,claim_status,CL8612113,v14,0.967,216,417,transferred_human,caller_requested_human
C-20260822-01014,2026-08-22 15:12:40,en,renewal_premium,,v14,0.927,138,390,contained,
C-20260822-01015,2026-08-22 14:53:29,en,claim_status,CL7814805,v14,0.885,101,469,transferred_human,caller_requested_human
C-20260822-01016,2026-08-22 11:11:38,hi,claim_status,CL8923198,v14,0.902,116,362,contained,
C-20260822-01017,2026-08-22 14:22:37,en,claim_status,CL8505722,v14,0.962,213,552,transferred_human,out_of_scope
C-20260822-01018,2026-08-22 11:58:30,en,policy_details,,v14,0.923,89,471,contained,
C-20260822-01019,2026-08-22 17:19:52,en,renewal_premium,,v14,0.979,219,517,transferred_human,out_of_scope
C-20260822-01020,2026-08-22 17:53:20,en,claim_status,CL7116786,v14,0.976,102,503,contained,
C-20260822-01021,2026-08-22 17:20:26,en,policy_details,,v14,0.911,162,542,contained,
C-20260822-01022,2026-08-22 20:07:33,en,claim_status,CL7794160,v14,0.887,199,546,transferred_human,escalation_policy
C-20260822-01023,2026-08-22 13:02:07,en,policy_details,,v14,0.99,171,492,transferred_human,caller_requested_human
C-20260822-01024,2026-08-22 19:10:28,en,policy_details,,v14,0.895,168,374,transferred_human,out_of_scope
C-20260822-01025,2026-08-22 15:21:29,en,claim_status,CL8365316,v14,0.936,125,281,contained,
C-20260822-01026,2026-08-22 09:21:01,en,claim_status,CL7759098,v14,0.896,186,540,transferred_human,agent_could_not_resolve
C-20260822-01027,2026-08-22 10:15:32,en,policy_details,,v14,0.963,48,279,contained,
C-20260822-01028,2026-08-22 12:28:49,en,claim_status,CL7089330,v14,0.904,155,372,contained,
C-20260822-01029,2026-08-22 20:37:20,en,renewal_premium,,v14,0.89,142,502,contained,
C-20260822-01030,2026-08-22 17:48:56,en,network_hospital,,v14,0.908,56,467,transferred_human,caller_requested_human
C-20260822-01031,2026-08-22 11:21:07,en,renewal_premium,,v14,0.905,157,383,abandoned,
C-20260822-01032,2026-08-22 18:45:01,en,network_hospital,,v14,0.99,130,480,contained,
C-20260822-01033,2026-08-22 11:40:12,en,renewal_premium,,v14,0.929,160,582,contained,
C-20260822-01034,2026-08-22 18:27:13,en,network_hospital,,v14,0.99,169,421,contained,
C-20260822-01035,2026-08-22 13:56:47,en,renewal_premium,,v14,0.99,107,403,contained,
C-20260822-01036,2026-08-22 09:21:27,en,claim_status,CL8965587,v14,0.888,95,485,contained,
C-20260822-01037,2026-08-22 14:38:50,en,claim_status,CL7901442,v14,0.917,83,303,contained,
C-20260822-01038,2026-08-22 09:08:15,en,renewal_premium,,v14,0.981,178,526,contained,
C-20260822-01039,2026-08-22 14:09:17,en,renewal_premium,,v14,0.955,92,461,contained,
C-20260822-01040,2026-08-22 14:14:14,en,claim_status,CL7565945,v14,0.894,152,365,contained,
C-20260822-01041,2026-08-22 12:46:06,en,network_hospital,,v14,0.904,232,635,contained,
C-20260822-01042,2026-08-22 17:50:07,en,claim_status,CL8150619,v14,0.927,130,413,contained,
C-20260822-01043,2026-08-22 12:45:19,en,renewal_premium,,v14,0.918,184,600,transferred_human,caller_requested_human
C-20260822-01044,2026-08-22 10:16:32,en,claim_status,CL7539577,v14,0.879,160,349,contained,
C-20260822-01045,2026-08-22 10:18:55,en,policy_details,,v14,0.913,111,383,contained,
C-20260822-01046,2026-08-22 13:25:04,en,claim_status,CL7538746,v14,0.99,147,639,contained,
C-20260822-01047,2026-08-22 12:45:45,en,claim_status,CL7669543,v14,0.86,118,452,contained,
C-20260822-01048,2026-08-22 11:39:23,en,renewal_premium,,v14,0.99,113,442,transferred_human,out_of_scope
C-20260822-01049,2026-08-22 09:16:05,en,claim_status,CL7152794,v14,0.931,79,459,contained,
C-20260822-01050,2026-08-22 11:54:16,en,claim_status,CL8589992,v14,0.95,127,461,contained,
C-20260822-01051,2026-08-22 17:04:05,en,claim_status,CL7393505,v14,0.99,41,303,contained,
C-20260822-01052,2026-08-22 18:49:35,en,claim_status,CL8028045,v14,0.928,79,429,contained,
C-20260822-01053,2026-08-22 13:09:15,en,claim_status,CL7744871,v14,0.931,142,416,contained,
C-20260822-01054,2026-08-22 10:01:01,en,claim_status,CL8148745,v14,0.747,197,507,transferred_human,out_of_scope
C-20260822-01055,2026-08-22 20:22:15,hi,claim_status,CL7081114,v14,0.938,85,547,contained,
C-20260822-01056,2026-08-22 18:16:19,en,claim_status,CL8468947,v14,0.885,150,583,contained,
C-20260822-01057,2026-08-22 14:35:39,en,policy_details,,v14,0.888,174,413,transferred_human,caller_requested_human
C-20260822-01058,2026-08-22 11:01:45,en,network_hospital,,v14,0.961,77,450,contained,
C-20260822-01059,2026-08-22 12:05:10,en,claim_status,CL8666165,v14,0.864,107,433,contained,
C-20260822-01060,2026-08-22 14:00:01,en,renewal_premium,,v14,0.868,49,389,contained,
C-20260822-01061,2026-08-22 15:36:13,en,policy_details,,v14,0.963,94,477,contained,
C-20260822-01062,2026-08-22 09:12:39,en,renewal_premium,,v14,0.901,205,520,transferred_human,out_of_scope
C-20260822-01063,2026-08-22 12:22:08,hi,claim_status,CL8558127,v14,0.874,119,432,contained,
C-20260822-01064,2026-08-22 13:19:05,en,claim_status,CL7453392,v14,0.866,171,364,contained,
C-20260822-01065,2026-08-22 12:07:11,en,policy_details,,v14,0.863,181,473,transferred_human,escalation_policy
C-20260822-01066,2026-08-22 12:41:11,en,policy_details,,v14,0.92,151,335,contained,
C-20260822-01067,2026-08-22 10:01:36,hi,renewal_premium,,v14,0.861,57,553,contained,
C-20260822-01068,2026-08-22 12:01:01,en,renewal_premium,,v14,0.931,94,366,contained,
C-20260822-01069,2026-08-22 16:52:45,hi,claim_status,CL7820105,v14,0.887,167,454,transferred_human,out_of_scope
C-20260822-01070,2026-08-22 11:41:39,en,policy_details,,v14,0.906,186,502,transferred_human,out_of_scope
C-20260822-01071,2026-08-22 12:25:32,en,claim_status,CL8267082,v14,0.987,125,437,transferred_human,out_of_scope
C-20260822-01072,2026-08-22 13:21:34,en,claim_status,CL7714354,v14,0.929,94,370,contained,
C-20260822-01073,2026-08-22 14:31:35,en,claim_status,CL8805424,v14,0.973,90,489,contained,
C-20260822-01074,2026-08-22 10:06:26,en,policy_details,,v14,0.843,128,354,contained,
C-20260822-01075,2026-08-22 17:01:24,en,claim_status,CL7475713,v14,0.936,40,369,contained,
C-20260822-01076,2026-08-22 19:17:03,en,renewal_premium,,v14,0.93,99,485,transferred_human,out_of_scope
C-20260822-01077,2026-08-22 12:54:53,hi,claim_status,CL8549598,v14,0.88,117,425,transferred_human,caller_requested_human
C-20260822-01078,2026-08-22 14:16:03,en,claim_status,CL8150151,v14,0.917,129,420,transferred_human,out_of_scope
C-20260822-01079,2026-08-22 20:34:08,en,claim_status,CL7148412,v14,0.91,115,412,contained,
C-20260822-01080,2026-08-22 19:47:15,en,renewal_premium,,v14,0.869,171,318,contained,
C-20260822-01081,2026-08-22 14:12:38,en,claim_status,CL8438309,v14,0.967,84,375,contained,
C-20260822-01082,2026-08-22 17:37:10,en,policy_details,,v14,0.957,95,473,contained,
C-20260822-01083,2026-08-22 13:38:59,en,claim_status,CL7407834,v14,0.942,112,419,contained,
C-20260822-01084,2026-08-22 18:45:28,en,policy_details,,v14,0.918,122,402,contained,
C-20260822-01085,2026-08-22 09:07:46,en,policy_details,,v14,0.898,123,355,contained,
C-20260822-01086,2026-08-22 15:29:16,en,network_hospital,,v14,0.959,106,573,contained,
C-20260822-01087,2026-08-22 10:58:57,en,renewal_premium,,v14,0.972,41,391,contained,
C-20260822-01088,2026-08-22 13:23:38,hi,policy_details,,v14,0.798,186,523,transferred_human,caller_requested_human
C-20260822-01089,2026-08-22 18:28:59,en,claim_status,CL8858055,v14,0.874,117,407,contained,
C-20260822-01090,2026-08-22 19:07:57,en,network_hospital,,v14,0.912,92,439,contained,
C-20260822-01091,2026-08-22 11:37:48,hi,renewal_premium,,v14,0.937,187,408,contained,
C-20260822-01092,2026-08-22 13:23:53,en,renewal_premium,,v14,0.938,154,314,transferred_human,agent_could_not_resolve
C-20260822-01093,2026-08-22 14:17:31,en,claim_status,CL7484141,v14,0.987,117,469,contained,
C-20260822-01094,2026-08-22 14:56:49,en,claim_status,CL7958901,v14,0.968,125,350,contained,
C-20260822-01095,2026-08-22 13:47:11,en,claim_status,CL7138199,v14,0.947,153,357,contained,
C-20260823-01096,2026-08-23 17:22:36,en,network_hospital,,v14,0.954,131,494,contained,
C-20260823-01097,2026-08-23 16:40:33,en,network_hospital,,v14,0.883,182,338,transferred_human,caller_requested_human
C-20260823-01098,2026-08-23 16:45:47,hi,claim_status,CL7296610,v14,0.756,175,512,transferred_human,caller_requested_human
C-20260823-01099,2026-08-23 16:07:01,en,policy_details,,v14,0.903,34,481,contained,
C-20260823-01100,2026-08-23 13:10:05,en,claim_status,CL7474320,v14,0.919,111,385,transferred_human,out_of_scope
C-20260823-01101,2026-08-23 17:26:48,en,claim_status,CL7287699,v14,0.958,128,373,contained,
C-20260823-01102,2026-08-23 18:29:41,en,claim_status,CL7084361,v14,0.945,100,425,contained,
C-20260823-01103,2026-08-23 11:20:56,en,claim_status,CL8670026,v14,0.958,201,406,transferred_human,agent_could_not_resolve
C-20260823-01104,2026-08-23 17:31:03,en,renewal_premium,,v14,0.899,154,280,contained,
C-20260823-01105,2026-08-23 13:08:46,en,renewal_premium,,v14,0.985,146,390,transferred_human,escalation_policy
C-20260823-01106,2026-08-23 17:01:30,en,policy_details,,v14,0.99,75,461,contained,
C-20260823-01107,2026-08-23 16:48:14,hi,claim_status,CL7311957,v14,0.914,197,303,transferred_human,out_of_scope
C-20260823-01108,2026-08-23 17:34:34,en,renewal_premium,,v14,0.841,169,314,transferred_human,agent_could_not_resolve
C-20260823-01109,2026-08-23 16:47:36,en,claim_status,CL7063298,v14,0.99,94,507,contained,
C-20260823-01110,2026-08-23 16:42:48,hi,claim_status,CL7606393,v14,0.886,89,508,contained,
C-20260823-01111,2026-08-23 13:44:34,hi,policy_details,,v14,0.844,98,437,contained,
C-20260823-01112,2026-08-23 12:17:59,hi,network_hospital,,v14,0.962,140,390,transferred_human,caller_requested_human
C-20260823-01113,2026-08-23 09:12:03,en,policy_details,,v14,0.92,167,389,contained,
C-20260823-01114,2026-08-23 12:40:21,en,renewal_premium,,v14,0.929,101,445,contained,
C-20260823-01115,2026-08-23 16:55:44,hi,network_hospital,,v14,0.858,104,224,contained,
C-20260823-01116,2026-08-23 13:04:57,en,claim_status,CL7711142,v14,0.874,109,424,contained,
C-20260823-01117,2026-08-23 14:33:46,en,renewal_premium,,v14,0.847,133,542,contained,
C-20260823-01118,2026-08-23 17:23:06,en,renewal_premium,,v14,0.882,218,418,transferred_human,agent_could_not_resolve
C-20260823-01119,2026-08-23 11:37:08,en,policy_details,,v14,0.919,237,447,transferred_human,agent_could_not_resolve
C-20260823-01120,2026-08-23 10:50:23,en,claim_status,CL7312597,v14,0.946,231,308,transferred_human,escalation_policy
C-20260823-01121,2026-08-23 19:34:34,en,network_hospital,,v14,0.952,220,412,transferred_human,out_of_scope
C-20260823-01122,2026-08-23 18:53:33,en,renewal_premium,,v14,0.903,146,697,abandoned,
C-20260823-01123,2026-08-23 13:21:01,en,network_hospital,,v14,0.99,75,532,contained,
C-20260823-01124,2026-08-23 12:09:15,en,network_hospital,,v14,0.99,113,464,contained,
C-20260823-01125,2026-08-23 14:07:53,en,renewal_premium,,v14,0.861,119,493,contained,
C-20260823-01126,2026-08-23 19:08:57,en,network_hospital,,v14,0.958,108,256,contained,
C-20260823-01127,2026-08-23 13:01:35,hi,claim_status,CL8759810,v14,0.945,93,488,transferred_human,agent_could_not_resolve
C-20260823-01128,2026-08-23 18:17:44,en,claim_status,CL7231469,v14,0.963,115,495,transferred_human,out_of_scope
C-20260823-01129,2026-08-23 16:10:46,en,claim_status,CL8096872,v14,0.96,244,517,transferred_human,out_of_scope
C-20260823-01130,2026-08-23 17:37:14,en,renewal_premium,,v14,0.971,132,400,contained,
C-20260823-01131,2026-08-23 16:23:29,en,claim_status,CL8555186,v14,0.861,210,462,transferred_human,escalation_policy
C-20260823-01132,2026-08-23 11:09:36,en,policy_details,,v14,0.855,140,585,contained,
C-20260823-01133,2026-08-23 18:55:25,en,policy_details,,v14,0.945,92,291,transferred_human,agent_could_not_resolve
C-20260823-01134,2026-08-23 11:45:55,en,network_hospital,,v14,0.89,124,295,contained,
C-20260823-01135,2026-08-23 14:25:09,hi,renewal_premium,,v14,0.84,166,415,abandoned,
C-20260823-01136,2026-08-23 11:37:51,en,policy_details,,v14,0.934,180,432,transferred_human,agent_could_not_resolve
C-20260823-01137,2026-08-23 14:09:32,en,policy_details,,v14,0.857,147,505,contained,
C-20260823-01138,2026-08-23 11:45:39,en,network_hospital,,v14,0.847,214,669,transferred_human,caller_requested_human
C-20260823-01139,2026-08-23 10:53:08,en,claim_status,CL8261551,v14,0.99,103,356,transferred_human,out_of_scope
C-20260823-01140,2026-08-23 19:37:31,en,network_hospital,,v14,0.94,191,542,transferred_human,out_of_scope
C-20260823-01141,2026-08-23 16:50:48,hi,network_hospital,,v14,0.826,131,505,contained,
C-20260823-01142,2026-08-23 12:09:38,en,network_hospital,,v14,0.985,77,363,contained,
C-20260823-01143,2026-08-23 12:58:33,en,claim_status,CL8008642,v14,0.963,121,399,contained,
C-20260823-01144,2026-08-23 17:51:29,en,network_hospital,,v14,0.808,159,421,contained,
C-20260823-01145,2026-08-23 12:53:17,en,claim_status,CL7316863,v14,0.947,128,428,contained,
C-20260823-01146,2026-08-23 11:24:36,en,renewal_premium,,v14,0.99,102,435,contained,
C-20260823-01147,2026-08-23 11:20:11,en,network_hospital,,v14,0.907,152,215,transferred_human,agent_could_not_resolve
C-20260823-01148,2026-08-23 09:53:46,en,renewal_premium,,v14,0.905,146,504,abandoned,
C-20260823-01149,2026-08-23 12:06:50,en,renewal_premium,,v14,0.938,201,347,transferred_human,out_of_scope
C-20260823-01150,2026-08-23 14:26:10,en,claim_status,CL7174583,v14,0.922,69,472,contained,
C-20260823-01151,2026-08-23 12:43:45,en,renewal_premium,,v14,0.987,118,426,contained,
C-20260823-01152,2026-08-23 12:51:49,hi,claim_status,CL8973697,v14,0.865,177,334,transferred_human,agent_could_not_resolve
C-20260823-01153,2026-08-23 18:28:59,en,policy_details,,v14,0.925,187,453,transferred_human,escalation_policy
C-20260823-01154,2026-08-23 19:33:56,en,policy_details,,v14,0.887,154,415,contained,
C-20260823-01155,2026-08-23 16:19:36,en,claim_status,CL7338291,v14,0.87,152,527,contained,
C-20260823-01156,2026-08-23 11:12:14,en,claim_status,CL7660085,v14,0.952,117,409,contained,
C-20260823-01157,2026-08-23 09:41:24,en,claim_status,CL8615282,v14,0.92,166,488,transferred_human,agent_could_not_resolve
C-20260823-01158,2026-08-23 11:29:42,en,claim_status,CL7897570,v14,0.99,90,504,contained,
C-20260823-01159,2026-08-23 15:51:42,en,network_hospital,,v14,0.941,136,321,contained,
C-20260823-01160,2026-08-23 12:13:49,en,claim_status,CL7158608,v14,0.906,150,450,contained,
C-20260823-01161,2026-08-23 10:31:09,hi,claim_status,CL8040249,v14,0.864,140,416,contained,
C-20260823-01162,2026-08-23 17:11:02,en,claim_status,CL7304735,v14,0.969,193,483,transferred_human,out_of_scope
C-20260823-01163,2026-08-23 10:46:21,en,renewal_premium,,v14,0.949,105,388,contained,
C-20260823-01164,2026-08-23 12:30:22,en,claim_status,CL7210045,v14,0.98,106,520,contained,
C-20260823-01165,2026-08-23 16:04:09,en,claim_status,CL8734330,v14,0.99,143,383,contained,
C-20260823-01166,2026-08-23 12:56:06,en,claim_status,CL8795501,v14,0.941,139,541,contained,
C-20260823-01167,2026-08-23 17:56:26,en,claim_status,CL7934553,v14,0.927,85,595,contained,
C-20260823-01168,2026-08-23 13:09:47,en,network_hospital,,v14,0.874,119,473,contained,
C-20260823-01169,2026-08-23 15:23:31,en,claim_status,CL7158828,v14,0.823,121,302,contained,
C-20260823-01170,2026-08-23 18:09:27,hi,policy_details,,v14,0.896,140,460,contained,
C-20260823-01171,2026-08-23 13:42:12,en,network_hospital,,v14,0.91,152,375,abandoned,
C-20260823-01172,2026-08-23 14:16:26,en,claim_status,CL8892247,v14,0.903,108,365,contained,
C-20260823-01173,2026-08-23 10:42:49,hi,network_hospital,,v14,0.898,124,379,contained,
C-20260823-01174,2026-08-23 19:07:51,en,network_hospital,,v14,0.888,41,323,contained,
C-20260823-01175,2026-08-23 12:58:57,en,policy_details,,v14,0.989,144,603,transferred_human,caller_requested_human
C-20260823-01176,2026-08-23 10:20:52,hi,claim_status,CL8143485,v14,0.878,130,571,transferred_human,agent_could_not_resolve
C-20260823-01177,2026-08-23 11:15:40,en,policy_details,,v14,0.939,134,569,contained,
C-20260823-01178,2026-08-23 13:04:19,en,claim_status,CL8568583,v14,0.99,163,493,contained,
C-20260823-01179,2026-08-23 15:27:14,en,claim_status,CL7443505,v14,0.981,135,465,contained,
C-20260823-01180,2026-08-23 15:26:48,en,renewal_premium,,v14,0.952,142,547,contained,
C-20260823-01181,2026-08-23 18:12:29,hi,renewal_premium,,v14,0.816,108,515,transferred_human,out_of_scope
C-20260823-01182,2026-08-23 13:25:46,hi,claim_status,CL7178677,v14,0.901,71,401,contained,
C-20260823-01183,2026-08-23 11:27:48,en,renewal_premium,,v14,0.928,142,476,contained,
C-20260823-01184,2026-08-23 14:12:22,en,claim_status,CL8642690,v14,0.845,213,362,transferred_human,out_of_scope
C-20260823-01185,2026-08-23 15:20:42,en,claim_status,CL8086342,v14,0.85,137,369,contained,
C-20260823-01186,2026-08-23 17:07:34,hi,claim_status,CL7042262,v14,0.772,119,488,contained,
C-20260823-01187,2026-08-23 17:33:01,en,network_hospital,,v14,0.98,157,492,transferred_human,out_of_scope
C-20260823-01188,2026-08-23 12:01:07,en,claim_status,CL7697762,v14,0.929,163,407,transferred_human,caller_requested_human
C-20260823-01189,2026-08-23 12:05:24,en,policy_details,,v14,0.929,177,314,transferred_human,agent_could_not_resolve
C-20260823-01190,2026-08-23 13:45:43,en,claim_status,CL8725742,v14,0.959,99,597,contained,
C-20260823-01191,2026-08-23 12:05:05,en,claim_status,CL8672548,v14,0.879,104,412,contained,
C-20260823-01192,2026-08-23 11:13:21,en,network_hospital,,v14,0.961,184,441,abandoned,
C-20260823-01193,2026-08-23 17:50:27,hi,policy_details,,v14,0.943,142,413,contained,
C-20260823-01194,2026-08-23 11:07:48,hi,claim_status,CL7034312,v14,0.908,104,609,contained,
C-20260824-01195,2026-08-24 12:20:03,en,renewal_premium,,v14,0.928,137,435,contained,
C-20260824-01196,2026-08-24 16:33:05,en,renewal_premium,,v14,0.977,53,408,contained,
C-20260824-01197,2026-08-24 12:55:54,en,network_hospital,,v14,0.99,128,412,contained,
C-20260824-01198,2026-08-24 13:46:07,en,claim_status,CL7225042,v14,0.898,149,452,contained,
C-20260824-01199,2026-08-24 14:32:39,en,network_hospital,,v14,0.973,80,349,transferred_human,agent_could_not_resolve
C-20260824-01200,2026-08-24 18:29:07,en,network_hospital,,v14,0.923,99,359,transferred_human,out_of_scope
C-20260824-01201,2026-08-24 12:10:06,en,claim_status,CL8111001,v14,0.904,194,483,contained,
C-20260824-01202,2026-08-24 18:10:17,en,renewal_premium,,v14,0.905,177,526,contained,
C-20260824-01203,2026-08-24 15:48:51,en,policy_details,,v14,0.975,117,466,contained,
C-20260824-01204,2026-08-24 13:53:42,en,claim_status,CL8785536,v14,0.941,175,393,contained,
C-20260824-01205,2026-08-24 16:15:46,en,policy_details,,v14,0.99,70,498,contained,
C-20260824-01206,2026-08-24 10:50:45,en,renewal_premium,,v14,0.931,128,500,contained,
C-20260824-01207,2026-08-24 14:43:07,en,network_hospital,,v14,0.948,70,492,contained,
C-20260824-01208,2026-08-24 18:54:46,en,network_hospital,,v14,0.886,113,403,contained,
C-20260824-01209,2026-08-24 13:32:49,en,claim_status,CL7762335,v14,0.871,129,526,contained,
C-20260824-01210,2026-08-24 10:20:42,en,policy_details,,v14,0.799,194,472,transferred_human,escalation_policy
C-20260824-01211,2026-08-24 15:58:53,en,renewal_premium,,v14,0.963,148,301,contained,
C-20260824-01212,2026-08-24 19:16:45,hi,claim_status,CL7093286,v14,0.851,145,512,contained,
C-20260824-01213,2026-08-24 18:18:12,en,renewal_premium,,v14,0.86,253,471,transferred_human,agent_could_not_resolve
C-20260824-01214,2026-08-24 13:49:21,en,claim_status,CL7432825,v14,0.887,213,484,transferred_human,agent_could_not_resolve
C-20260824-01215,2026-08-24 12:53:30,en,network_hospital,,v14,0.914,194,496,transferred_human,escalation_policy
C-20260824-01216,2026-08-24 11:03:17,hi,renewal_premium,,v14,0.825,133,550,transferred_human,agent_could_not_resolve
C-20260824-01217,2026-08-24 11:31:01,en,claim_status,CL7050498,v14,0.946,73,524,contained,
C-20260824-01218,2026-08-24 15:20:48,hi,renewal_premium,,v14,0.853,141,560,transferred_human,out_of_scope
C-20260824-01219,2026-08-24 18:39:27,en,renewal_premium,,v14,0.888,183,456,transferred_human,out_of_scope
C-20260824-01220,2026-08-24 12:07:53,hi,network_hospital,,v14,0.762,195,341,transferred_human,escalation_policy
C-20260824-01221,2026-08-24 19:47:24,hi,policy_details,,v14,0.84,157,522,transferred_human,caller_requested_human
C-20260824-01222,2026-08-24 12:37:33,hi,network_hospital,,v14,0.893,72,529,contained,
C-20260824-01223,2026-08-24 16:33:00,en,renewal_premium,,v14,0.898,197,449,transferred_human,agent_could_not_resolve
C-20260824-01224,2026-08-24 17:40:17,en,renewal_premium,,v14,0.921,144,555,contained,
C-20260824-01225,2026-08-24 13:44:43,en,renewal_premium,,v14,0.893,147,319,contained,
C-20260824-01226,2026-08-24 16:09:38,en,network_hospital,,v14,0.91,143,372,contained,
C-20260824-01227,2026-08-24 12:50:46,en,claim_status,CL8085187,v14,0.907,85,373,contained,
C-20260824-01228,2026-08-24 11:02:46,en,network_hospital,,v14,0.984,153,432,contained,
C-20260824-01229,2026-08-24 12:25:36,en,policy_details,,v14,0.99,120,575,contained,
C-20260824-01230,2026-08-24 12:51:02,en,policy_details,,v14,0.99,65,587,contained,
C-20260824-01231,2026-08-24 15:40:06,en,claim_status,CL7170117,v14,0.843,83,308,contained,
C-20260824-01232,2026-08-24 14:56:47,en,network_hospital,,v14,0.885,136,576,contained,
C-20260824-01233,2026-08-24 10:34:12,en,claim_status,CL8007922,v14,0.946,89,500,contained,
C-20260824-01234,2026-08-24 11:55:58,en,claim_status,CL7101179,v14,0.9,164,291,contained,
C-20260824-01235,2026-08-24 17:14:25,hi,claim_status,CL7708324,v14,0.903,188,458,transferred_human,escalation_policy
C-20260824-01236,2026-08-24 09:26:49,hi,network_hospital,,v14,0.825,192,542,contained,
C-20260824-01237,2026-08-24 20:48:55,en,renewal_premium,,v14,0.962,139,505,transferred_human,agent_could_not_resolve
C-20260824-01238,2026-08-24 18:57:03,en,policy_details,,v14,0.99,139,477,transferred_human,escalation_policy
C-20260824-01239,2026-08-24 20:37:58,en,claim_status,CL8282726,v14,0.928,139,453,contained,
C-20260824-01240,2026-08-24 12:26:53,en,network_hospital,,v14,0.943,141,402,contained,
C-20260824-01241,2026-08-24 09:10:33,en,policy_details,,v14,0.978,170,524,transferred_human,escalation_policy
C-20260824-01242,2026-08-24 18:46:39,hi,policy_details,,v14,0.896,112,532,contained,
C-20260824-01243,2026-08-24 10:08:39,en,claim_status,CL7613149,v14,0.88,63,418,contained,
C-20260824-01244,2026-08-24 13:22:48,hi,claim_status,CL7253712,v14,0.902,86,417,contained,
C-20260824-01245,2026-08-24 19:21:02,en,renewal_premium,,v14,0.942,127,299,contained,
C-20260824-01246,2026-08-24 13:29:51,en,claim_status,CL7737393,v14,0.99,215,517,transferred_human,out_of_scope
C-20260824-01247,2026-08-24 14:42:03,en,claim_status,CL8584280,v14,0.852,215,592,transferred_human,out_of_scope
C-20260824-01248,2026-08-24 10:38:28,hi,claim_status,CL8297245,v14,0.847,221,461,contained,
C-20260824-01249,2026-08-24 11:30:43,en,network_hospital,,v14,0.878,128,322,contained,
C-20260824-01250,2026-08-24 17:07:38,en,network_hospital,,v14,0.99,156,530,contained,
C-20260824-01251,2026-08-24 20:34:00,en,policy_details,,v14,0.978,63,466,contained,
C-20260824-01252,2026-08-24 11:00:21,en,claim_status,CL8525535,v14,0.909,109,397,contained,
C-20260824-01253,2026-08-24 12:03:54,en,renewal_premium,,v14,0.894,148,441,contained,
C-20260824-01254,2026-08-24 12:44:31,en,network_hospital,,v14,0.94,95,307,contained,
C-20260824-01255,2026-08-24 15:30:52,en,network_hospital,,v14,0.87,160,387,contained,
C-20260824-01256,2026-08-24 18:59:23,en,claim_status,CL8780307,v14,0.953,174,471,contained,
C-20260824-01257,2026-08-24 13:29:20,en,claim_status,CL8359553,v14,0.963,183,335,contained,
C-20260824-01258,2026-08-24 13:39:57,en,claim_status,CL7811516,v14,0.984,148,493,contained,
C-20260824-01259,2026-08-24 16:02:09,hi,network_hospital,,v14,0.851,147,535,contained,
C-20260824-01260,2026-08-24 16:17:38,hi,claim_status,CL8460750,v14,0.822,144,484,contained,
C-20260824-01261,2026-08-24 16:50:57,en,renewal_premium,,v14,0.946,176,431,transferred_human,caller_requested_human
C-20260824-01262,2026-08-24 16:16:45,en,policy_details,,v14,0.873,156,414,contained,
C-20260824-01263,2026-08-24 13:27:00,en,claim_status,CL8068180,v14,0.88,97,582,contained,
C-20260824-01264,2026-08-24 16:18:37,en,network_hospital,,v14,0.925,133,368,contained,
C-20260824-01265,2026-08-24 11:16:13,en,claim_status,CL8372140,v14,0.858,175,484,abandoned,
C-20260824-01266,2026-08-24 15:54:52,en,claim_status,CL8351052,v14,0.953,103,558,contained,
C-20260824-01267,2026-08-24 09:43:31,en,network_hospital,,v14,0.951,74,457,contained,
C-20260824-01268,2026-08-24 15:35:41,en,renewal_premium,,v14,0.975,155,531,contained,
C-20260824-01269,2026-08-24 11:28:32,hi,policy_details,,v14,0.843,137,451,contained,
C-20260824-01270,2026-08-24 18:03:06,en,renewal_premium,,v14,0.99,130,352,transferred_human,caller_requested_human
C-20260824-01271,2026-08-24 16:01:49,en,network_hospital,,v14,0.882,185,475,contained,
C-20260824-01272,2026-08-24 19:35:08,en,policy_details,,v14,0.903,152,481,transferred_human,escalation_policy
C-20260824-01273,2026-08-24 12:40:06,hi,claim_status,CL8508346,v14,0.888,123,465,transferred_human,caller_requested_human
C-20260824-01274,2026-08-24 14:14:18,hi,network_hospital,,v14,0.848,178,553,contained,
C-20260824-01275,2026-08-24 11:52:35,hi,claim_status,CL8910680,v14,0.837,84,475,contained,
C-20260824-01276,2026-08-24 16:40:54,en,claim_status,CL8233455,v14,0.977,127,615,transferred_human,out_of_scope
C-20260824-01277,2026-08-24 14:01:01,en,claim_status,CL8323848,v14,0.939,161,371,contained,
C-20260824-01278,2026-08-24 12:55:12,en,policy_details,,v14,0.899,156,431,contained,
C-20260824-01279,2026-08-24 15:31:52,hi,claim_status,CL8037427,v14,0.885,142,230,contained,
C-20260824-01280,2026-08-24 09:45:09,en,network_hospital,,v14,0.99,68,705,contained,
C-20260824-01281,2026-08-24 16:00:13,en,claim_status,CL7453712,v14,0.973,140,528,contained,
C-20260824-01282,2026-08-24 18:08:22,en,renewal_premium,,v14,0.885,124,406,contained,
C-20260824-01283,2026-08-24 11:16:03,hi,claim_status,CL7618234,v14,0.817,93,418,contained,
C-20260824-01284,2026-08-24 16:14:50,en,network_hospital,,v14,0.971,120,483,contained,
C-20260824-01285,2026-08-24 19:44:12,en,network_hospital,,v14,0.948,167,763,transferred_human,caller_requested_human
C-20260824-01286,2026-08-24 09:56:47,en,claim_status,CL8805092,v14,0.911,89,388,contained,
C-20260824-01287,2026-08-24 12:27:14,en,claim_status,CL8963912,v14,0.894,93,414,contained,
C-20260824-01288,2026-08-24 16:32:15,en,claim_status,CL7906249,v14,0.99,99,454,contained,
C-20260824-01289,2026-08-24 18:18:51,hi,policy_details,,v14,0.932,162,294,transferred_human,caller_requested_human
C-20260824-01290,2026-08-24 12:51:37,en,policy_details,,v14,0.952,88,498,contained,
C-20260824-01291,2026-08-24 12:36:51,en,network_hospital,,v14,0.921,147,453,contained,
C-20260824-01292,2026-08-24 17:42:18,en,claim_status,CL7215511,v14,0.934,133,427,contained,
C-20260824-01293,2026-08-24 11:59:18,en,network_hospital,,v14,0.982,131,412,contained,
C-20260824-01294,2026-08-24 18:02:32,en,claim_status,CL7141536,v14,0.882,165,499,transferred_human,out_of_scope
C-20260824-01295,2026-08-24 17:46:04,hi,renewal_premium,,v14,0.779,178,472,transferred_human,out_of_scope
C-20260824-01296,2026-08-24 14:38:07,en,renewal_premium,,v14,0.917,229,455,transferred_human,caller_requested_human
C-20260824-01297,2026-08-24 16:33:01,en,claim_status,CL7538092,v14,0.939,135,367,contained,
C-20260824-01298,2026-08-24 13:54:28,en,network_hospital,,v14,0.909,228,497,transferred_human,caller_requested_human
C-20260824-01299,2026-08-24 09:22:32,en,claim_status,CL7346187,v14,0.99,149,329,contained,
C-20260824-01300,2026-08-24 12:36:23,hi,network_hospital,,v14,0.924,147,473,contained,
C-20260824-01301,2026-08-24 16:28:54,hi,claim_status,CL7573248,v14,0.968,111,377,contained,
C-20260824-01302,2026-08-24 17:27:10,en,claim_status,CL7406886,v14,0.917,122,563,transferred_human,agent_could_not_resolve
C-20260824-01303,2026-08-24 16:41:50,en,network_hospital,,v14,0.88,76,518,contained,
C-20260824-01304,2026-08-24 17:13:27,en,network_hospital,,v14,0.933,109,443,contained,
C-20260824-01305,2026-08-24 16:35:58,en,renewal_premium,,v14,0.931,69,304,contained,
C-20260824-01306,2026-08-24 15:44:25,hi,renewal_premium,,v14,0.88,164,493,contained,
C-20260824-01307,2026-08-24 19:55:15,en,claim_status,CL8802623,v14,0.969,93,298,contained,
C-20260824-01308,2026-08-24 16:04:39,en,claim_status,CL7169414,v14,0.923,90,457,contained,
C-20260824-01309,2026-08-24 15:55:14,en,claim_status,CL7770662,v14,0.915,125,462,contained,
C-20260824-01310,2026-08-24 10:43:10,en,renewal_premium,,v14,0.874,216,305,transferred_human,caller_requested_human
C-20260824-01311,2026-08-24 14:56:30,en,claim_status,CL8289549,v14,0.865,108,416,contained,
C-20260824-01312,2026-08-24 14:39:38,en,renewal_premium,,v14,0.919,101,358,contained,
C-20260824-01313,2026-08-24 19:26:49,hi,renewal_premium,,v14,0.883,212,427,transferred_human,caller_requested_human
C-20260824-01314,2026-08-24 13:55:50,en,claim_status,CL7225548,v14,0.894,105,482,contained,
C-20260824-01315,2026-08-24 12:36:21,en,claim_status,CL8449673,v14,0.867,196,512,contained,
C-20260824-01316,2026-08-24 12:19:35,hi,renewal_premium,,v14,0.849,163,399,contained,
C-20260824-01317,2026-08-24 18:06:30,en,renewal_premium,,v14,0.948,128,563,contained,
C-20260824-01318,2026-08-24 18:29:51,en,network_hospital,,v14,0.912,68,476,contained,
C-20260824-01319,2026-08-24 13:02:20,en,policy_details,,v14,0.924,171,517,transferred_human,out_of_scope
C-20260824-01320,2026-08-24 15:12:45,en,claim_status,CL7025331,v14,0.899,127,485,contained,
C-20260824-01321,2026-08-24 16:18:58,en,renewal_premium,,v14,0.824,78,526,contained,
C-20260824-01322,2026-08-24 18:39:18,en,renewal_premium,,v14,0.904,78,366,contained,
C-20260824-01323,2026-08-24 11:28:50,en,claim_status,CL8549935,v14,0.973,74,507,contained,
C-20260824-01324,2026-08-24 17:13:01,hi,claim_status,CL7154237,v14,0.886,124,374,contained,
C-20260824-01325,2026-08-24 13:56:35,hi,policy_details,,v14,0.918,99,555,transferred_human,caller_requested_human
C-20260824-01326,2026-08-24 10:31:35,en,claim_status,CL7915678,v14,0.975,152,416,contained,
C-20260824-01327,2026-08-24 11:20:28,en,policy_details,,v14,0.959,113,427,contained,
C-20260824-01328,2026-08-24 16:31:52,en,claim_status,CL8656263,v14,0.919,142,525,transferred_human,caller_requested_human
C-20260824-01329,2026-08-24 17:06:05,en,renewal_premium,,v14,0.962,176,346,contained,
C-20260824-01330,2026-08-24 16:41:25,en,claim_status,CL7631293,v14,0.932,161,313,transferred_human,caller_requested_human
C-20260824-01331,2026-08-24 10:30:50,en,claim_status,CL7280480,v14,0.879,166,182,transferred_human,agent_could_not_resolve
C-20260824-01332,2026-08-24 12:26:58,en,network_hospital,,v14,0.895,84,433,contained,
C-20260824-01333,2026-08-24 14:59:51,en,claim_status,CL8218419,v14,0.915,80,472,contained,
C-20260824-01334,2026-08-24 11:36:21,en,network_hospital,,v14,0.95,164,426,contained,
C-20260824-01335,2026-08-24 17:56:27,hi,network_hospital,,v14,0.925,98,487,contained,
C-20260824-01336,2026-08-24 15:15:35,en,policy_details,,v14,0.99,105,436,transferred_human,out_of_scope
C-20260824-01337,2026-08-24 14:49:57,en,renewal_premium,,v14,0.931,128,349,contained,
C-20260824-01338,2026-08-24 18:36:37,en,renewal_premium,,v14,0.848,86,468,contained,
C-20260824-01339,2026-08-24 15:57:48,en,network_hospital,,v14,0.906,217,449,transferred_human,caller_requested_human
C-20260824-01340,2026-08-24 15:24:53,en,claim_status,CL8641416,v14,0.914,87,447,contained,
C-20260824-01341,2026-08-24 11:22:10,en,renewal_premium,,v14,0.902,94,445,contained,
C-20260824-01342,2026-08-24 18:34:02,en,network_hospital,,v14,0.984,106,394,contained,
C-20260824-01343,2026-08-24 09:26:02,en,network_hospital,,v14,0.94,90,259,contained,
C-20260824-01344,2026-08-24 11:26:40,en,network_hospital,,v14,0.99,127,363,contained,
C-20260824-01345,2026-08-24 14:12:44,en,claim_status,CL8181163,v14,0.909,164,564,contained,
C-20260824-01346,2026-08-24 12:26:18,en,policy_details,,v14,0.944,154,396,transferred_human,out_of_scope
C-20260824-01347,2026-08-24 10:04:51,hi,network_hospital,,v14,0.872,127,584,transferred_human,out_of_scope
C-20260824-01348,2026-08-24 11:36:10,en,claim_status,CL8804228,v14,0.957,108,491,contained,
C-20260824-01349,2026-08-24 10:57:45,en,renewal_premium,,v14,0.99,165,424,abandoned,
C-20260824-01350,2026-08-24 18:09:05,en,claim_status,CL8127655,v14,0.887,130,514,contained,
C-20260824-01351,2026-08-24 15:42:22,hi,policy_details,,v14,0.882,211,469,transferred_human,caller_requested_human
C-20260824-01352,2026-08-24 16:10:53,en,claim_status,CL8010763,v14,0.895,151,521,transferred_human,agent_could_not_resolve
C-20260824-01353,2026-08-24 14:21:42,en,claim_status,CL8763430,v14,0.919,93,729,contained,
C-20260824-01354,2026-08-24 10:35:33,hi,claim_status,CL7280748,v14,0.86,140,496,contained,
C-20260824-01355,2026-08-24 16:07:32,hi,network_hospital,,v14,0.766,125,432,contained,
C-20260824-01356,2026-08-24 09:07:58,hi,renewal_premium,,v14,0.932,130,407,contained,
C-20260824-01357,2026-08-24 11:52:46,en,network_hospital,,v14,0.861,100,390,contained,
C-20260824-01358,2026-08-24 15:05:27,en,renewal_premium,,v14,0.931,138,491,contained,
C-20260824-01359,2026-08-24 10:30:14,en,claim_status,CL7911869,v14,0.935,128,433,contained,
C-20260824-01360,2026-08-24 17:23:54,en,claim_status,CL8164633,v14,0.927,170,453,contained,
C-20260824-01361,2026-08-24 15:34:48,en,claim_status,CL8563598,v14,0.879,179,551,transferred_human,caller_requested_human
C-20260824-01362,2026-08-24 12:01:20,en,claim_status,CL7431811,v14,0.863,138,457,contained,
C-20260824-01363,2026-08-24 09:54:48,en,network_hospital,,v14,0.83,166,212,transferred_human,escalation_policy
C-20260824-01364,2026-08-24 10:16:27,en,claim_status,CL8491122,v14,0.95,106,575,contained,
C-20260824-01365,2026-08-24 17:58:13,hi,claim_status,CL8742680,v14,0.907,105,587,contained,
C-20260824-01366,2026-08-24 10:01:33,en,renewal_premium,,v14,0.946,54,330,contained,
C-20260824-01367,2026-08-24 18:28:49,en,claim_status,CL8678191,v14,0.959,113,444,contained,
C-20260824-01368,2026-08-24 15:41:59,en,policy_details,,v14,0.838,111,335,contained,
C-20260824-01369,2026-08-24 17:21:59,en,claim_status,CL8935911,v14,0.956,122,478,contained,
C-20260824-01370,2026-08-24 11:39:35,hi,claim_status,CL8171331,v14,0.805,219,482,contained,
C-20260824-01371,2026-08-24 19:36:19,en,claim_status,CL7688231,v14,0.944,181,487,contained,
C-20260824-01372,2026-08-24 11:06:42,en,claim_status,CL7360534,v14,0.956,140,392,contained,
C-20260824-01373,2026-08-24 09:07:08,hi,network_hospital,,v14,0.814,184,450,transferred_human,caller_requested_human
C-20260824-01374,2026-08-24 16:10:45,en,claim_status,CL8717096,v14,0.895,158,346,abandoned,
C-20260824-01375,2026-08-24 20:24:42,en,network_hospital,,v14,0.874,101,314,contained,
C-20260824-01376,2026-08-24 12:47:18,en,renewal_premium,,v14,0.97,41,522,contained,
C-20260824-01377,2026-08-24 16:40:16,hi,claim_status,CL8434814,v14,0.857,127,515,contained,
C-20260825-01378,2026-08-25 12:25:34,en,network_hospital,,v14,0.955,100,198,contained,
C-20260825-01379,2026-08-25 14:18:52,en,renewal_premium,,v14,0.919,142,520,abandoned,
C-20260825-01380,2026-08-25 16:51:25,en,claim_status,CL7050422,v14,0.935,106,329,contained,
C-20260825-01381,2026-08-25 13:07:11,hi,claim_status,CL7009748,v14,0.846,175,339,transferred_human,caller_requested_human
C-20260825-01382,2026-08-25 09:41:30,en,network_hospital,,v14,0.934,109,428,contained,
C-20260825-01383,2026-08-25 13:35:58,en,policy_details,,v14,0.922,88,430,contained,
C-20260825-01384,2026-08-25 14:29:11,hi,renewal_premium,,v14,0.843,84,355,contained,
C-20260825-01385,2026-08-25 12:06:28,hi,renewal_premium,,v14,0.754,207,453,transferred_human,caller_requested_human
C-20260825-01386,2026-08-25 16:04:08,en,renewal_premium,,v14,0.909,144,474,transferred_human,caller_requested_human
C-20260825-01387,2026-08-25 16:39:00,hi,claim_status,CL7734720,v14,0.908,163,464,contained,
C-20260825-01388,2026-08-25 10:00:05,en,renewal_premium,,v14,0.903,120,560,abandoned,
C-20260825-01389,2026-08-25 11:59:33,en,network_hospital,,v14,0.924,133,499,abandoned,
C-20260825-01390,2026-08-25 14:22:42,en,policy_details,,v14,0.984,46,1231,contained,
C-20260825-01391,2026-08-25 12:50:01,en,network_hospital,,v14,0.888,81,488,abandoned,
C-20260825-01392,2026-08-25 18:52:08,hi,claim_status,CL7978319,v14,0.811,139,560,transferred_human,caller_requested_human
C-20260825-01393,2026-08-25 17:41:11,en,claim_status,CL8240975,v14,0.866,118,426,contained,
C-20260825-01394,2026-08-25 17:25:34,en,claim_status,CLM-2026-95934,v14,0.948,183,1401,transferred_human,agent_could_not_resolve
C-20260825-01395,2026-08-25 12:15:34,en,policy_details,,v14,0.891,85,509,contained,
C-20260825-01396,2026-08-25 15:56:38,en,renewal_premium,,v14,0.932,170,513,contained,
C-20260825-01397,2026-08-25 18:03:00,en,renewal_premium,,v14,0.889,134,472,transferred_human,caller_requested_human
C-20260825-01398,2026-08-25 09:46:33,en,renewal_premium,,v14,0.94,145,397,contained,
C-20260825-01399,2026-08-25 14:42:07,en,claim_status,CL8952984,v14,0.99,102,430,contained,
C-20260825-01400,2026-08-25 13:31:47,hi,renewal_premium,,v14,0.853,30,440,contained,
C-20260825-01401,2026-08-25 14:26:03,hi,claim_status,CLM-2026-58358,v14,0.832,139,1212,transferred_human,agent_could_not_resolve
C-20260825-01402,2026-08-25 12:14:57,en,claim_status,CL8657506,v14,0.978,148,413,transferred_human,agent_could_not_resolve
C-20260825-01403,2026-08-25 16:33:23,en,claim_status,CLM-2026-94586,v14,0.97,240,1704,transferred_human,agent_could_not_resolve
C-20260825-01404,2026-08-25 17:15:09,en,renewal_premium,,v14,0.984,124,299,contained,
C-20260825-01405,2026-08-25 11:36:43,en,policy_details,,v14,0.902,110,327,transferred_human,caller_requested_human
C-20260825-01406,2026-08-25 12:00:16,en,claim_status,CL7659948,v14,0.911,88,599,contained,
C-20260825-01407,2026-08-25 15:05:58,en,network_hospital,,v14,0.921,192,592,transferred_human,agent_could_not_resolve
C-20260825-01408,2026-08-25 11:15:40,en,claim_status,CL8330728,v14,0.984,166,422,contained,
C-20260825-01409,2026-08-25 15:52:10,en,policy_details,,v14,0.99,124,278,contained,
C-20260825-01410,2026-08-25 16:50:55,en,claim_status,CL7129676,v14,0.99,163,449,contained,
C-20260825-01411,2026-08-25 12:38:31,en,claim_status,CL7008940,v14,0.916,170,497,transferred_human,agent_could_not_resolve
C-20260825-01412,2026-08-25 12:12:31,en,claim_status,CL8034143,v14,0.92,172,257,contained,
C-20260825-01413,2026-08-25 13:27:56,en,network_hospital,,v14,0.938,122,587,contained,
C-20260825-01414,2026-08-25 10:48:18,en,renewal_premium,,v14,0.923,142,526,transferred_human,agent_could_not_resolve
C-20260825-01415,2026-08-25 10:52:38,en,renewal_premium,,v14,0.934,97,495,contained,
C-20260825-01416,2026-08-25 17:22:07,en,claim_status,CL7113380,v14,0.99,149,369,contained,
C-20260825-01417,2026-08-25 11:01:41,en,renewal_premium,,v14,0.875,183,303,transferred_human,escalation_policy
C-20260825-01418,2026-08-25 15:11:06,hi,claim_status,CLM-2026-87148,v14,0.948,146,1743,transferred_human,agent_could_not_resolve
C-20260825-01419,2026-08-25 15:55:18,hi,claim_status,CL7734300,v14,0.855,135,433,transferred_human,caller_requested_human
C-20260825-01420,2026-08-25 14:27:56,en,renewal_premium,,v14,0.915,183,373,transferred_human,out_of_scope
C-20260825-01421,2026-08-25 11:48:52,en,claim_status,CL7141347,v14,0.898,68,477,contained,
C-20260825-01422,2026-08-25 20:37:43,hi,renewal_premium,,v14,0.895,189,412,abandoned,
C-20260825-01423,2026-08-25 11:54:39,en,renewal_premium,,v14,0.99,152,329,transferred_human,escalation_policy
C-20260825-01424,2026-08-25 13:28:45,en,claim_status,CLM-2026-82125,v14,0.99,125,1161,transferred_human,agent_could_not_resolve
C-20260825-01425,2026-08-25 15:42:54,en,claim_status,CL8173840,v14,0.99,99,414,contained,
C-20260825-01426,2026-08-25 12:10:21,hi,claim_status,CL8401082,v14,0.895,194,377,transferred_human,out_of_scope
C-20260825-01427,2026-08-25 15:43:57,en,claim_status,CL7082225,v14,0.986,217,317,abandoned,
C-20260825-01428,2026-08-25 15:32:14,en,policy_details,,v14,0.928,142,319,transferred_human,caller_requested_human
C-20260825-01429,2026-08-25 18:40:32,en,renewal_premium,,v14,0.905,44,369,contained,
C-20260825-01430,2026-08-25 14:29:46,en,claim_status,CL8711564,v14,0.911,170,471,transferred_human,escalation_policy
C-20260825-01431,2026-08-25 12:43:26,en,network_hospital,,v14,0.927,127,436,contained,
C-20260825-01432,2026-08-25 18:10:17,hi,policy_details,,v14,0.901,164,456,contained,
C-20260825-01433,2026-08-25 13:28:41,en,claim_status,CL7472331,v14,0.965,129,596,contained,
C-20260825-01434,2026-08-25 10:59:07,en,claim_status,CLM-2026-50209,v14,0.908,203,1272,transferred_human,agent_could_not_resolve
C-20260825-01435,2026-08-25 13:36:52,en,claim_status,CL8690991,v14,0.889,117,352,contained,
C-20260825-01436,2026-08-25 15:52:46,en,renewal_premium,,v14,0.952,186,403,transferred_human,caller_requested_human
C-20260825-01437,2026-08-25 11:08:26,en,policy_details,,v14,0.969,151,424,contained,
C-20260825-01438,2026-08-25 16:12:42,en,renewal_premium,,v14,0.913,43,494,contained,
C-20260825-01439,2026-08-25 16:27:50,en,renewal_premium,,v14,0.89,128,276,contained,
C-20260825-01440,2026-08-25 16:50:52,en,network_hospital,,v14,0.839,189,597,transferred_human,agent_could_not_resolve
C-20260825-01441,2026-08-25 20:00:19,en,claim_status,CL7616058,v14,0.959,159,478,contained,
C-20260825-01442,2026-08-25 12:12:00,en,claim_status,CL7570975,v14,0.965,115,453,contained,
C-20260825-01443,2026-08-25 13:33:06,hi,claim_status,CL7353778,v14,0.877,85,435,contained,
C-20260825-01444,2026-08-25 20:39:44,en,renewal_premium,,v14,0.872,143,519,contained,
C-20260825-01445,2026-08-25 18:08:57,en,claim_status,CL8337479,v14,0.912,183,312,transferred_human,caller_requested_human
C-20260825-01446,2026-08-25 16:38:49,en,claim_status,CL7628603,v14,0.918,125,363,transferred_human,escalation_policy
C-20260825-01447,2026-08-25 12:51:49,en,claim_status,CL8928958,v14,0.988,155,406,transferred_human,out_of_scope
C-20260825-01448,2026-08-25 15:33:08,en,renewal_premium,,v14,0.951,63,394,contained,
C-20260825-01449,2026-08-25 12:54:32,hi,renewal_premium,,v14,0.904,81,340,contained,
C-20260825-01450,2026-08-25 12:08:19,en,renewal_premium,,v14,0.915,98,394,contained,
C-20260825-01451,2026-08-25 10:21:41,en,policy_details,,v14,0.918,138,358,contained,
C-20260825-01452,2026-08-25 11:08:28,hi,renewal_premium,,v14,0.893,102,485,contained,
C-20260825-01453,2026-08-25 09:43:00,en,claim_status,CL7486443,v14,0.99,152,598,transferred_human,caller_requested_human
C-20260825-01454,2026-08-25 09:02:51,en,network_hospital,,v14,0.89,115,332,contained,
C-20260825-01455,2026-08-25 11:56:18,en,claim_status,CL8280105,v14,0.913,97,394,contained,
C-20260825-01456,2026-08-25 16:00:52,en,claim_status,CL7773905,v14,0.872,130,502,contained,
C-20260825-01457,2026-08-25 15:56:03,hi,renewal_premium,,v14,0.962,52,366,contained,
C-20260825-01458,2026-08-25 09:02:01,en,network_hospital,,v14,0.972,126,448,contained,
C-20260825-01459,2026-08-25 16:56:28,hi,renewal_premium,,v14,0.95,139,348,transferred_human,out_of_scope
C-20260825-01460,2026-08-25 18:08:09,en,claim_status,CLM-2026-71984,v14,0.904,239,1293,transferred_human,agent_could_not_resolve
C-20260825-01461,2026-08-25 19:02:28,en,renewal_premium,,v14,0.96,108,394,contained,
C-20260825-01462,2026-08-25 15:09:50,en,network_hospital,,v14,0.924,185,334,transferred_human,escalation_policy
C-20260825-01463,2026-08-25 18:46:29,hi,policy_details,,v14,0.897,128,492,transferred_human,caller_requested_human
C-20260825-01464,2026-08-25 10:44:37,hi,claim_status,CL8808280,v14,0.774,97,493,contained,
C-20260825-01465,2026-08-25 17:50:54,en,network_hospital,,v14,0.962,137,305,contained,
C-20260825-01466,2026-08-25 17:22:05,en,renewal_premium,,v14,0.924,130,535,contained,
C-20260825-01467,2026-08-25 09:57:47,en,claim_status,CL8093858,v14,0.937,51,376,contained,
C-20260825-01468,2026-08-25 16:19:39,en,renewal_premium,,v14,0.96,93,507,contained,
C-20260825-01469,2026-08-25 10:45:50,en,renewal_premium,,v14,0.939,167,502,transferred_human,escalation_policy
C-20260825-01470,2026-08-25 16:31:01,en,claim_status,CL8189470,v14,0.922,153,370,contained,
C-20260825-01471,2026-08-25 17:04:07,hi,claim_status,CL7352743,v14,0.829,80,429,contained,
C-20260825-01472,2026-08-25 16:51:53,en,claim_status,CLM-2026-45602,v14,0.979,131,1347,transferred_human,agent_could_not_resolve
C-20260825-01473,2026-08-25 16:35:30,en,renewal_premium,,v14,0.98,147,455,transferred_human,caller_requested_human
C-20260825-01474,2026-08-25 12:14:30,hi,renewal_premium,,v14,0.879,139,468,transferred_human,agent_could_not_resolve
C-20260825-01475,2026-08-25 17:47:09,en,network_hospital,,v14,0.932,33,267,contained,
C-20260825-01476,2026-08-25 10:58:25,en,claim_status,CL8354613,v14,0.972,195,421,transferred_human,escalation_policy
C-20260825-01477,2026-08-25 11:45:08,en,policy_details,,v14,0.954,38,212,contained,
C-20260825-01478,2026-08-25 11:03:57,en,policy_details,,v14,0.98,223,418,transferred_human,out_of_scope
C-20260825-01479,2026-08-25 19:39:09,en,claim_status,CL7063672,v14,0.99,111,368,contained,
C-20260825-01480,2026-08-25 14:13:35,en,claim_status,CL8339812,v14,0.94,90,377,contained,
C-20260825-01481,2026-08-25 13:04:19,en,renewal_premium,,v14,0.917,127,322,contained,
C-20260825-01482,2026-08-25 12:07:06,en,claim_status,CL8733276,v14,0.918,134,304,contained,
C-20260825-01483,2026-08-25 10:00:01,en,policy_details,,v14,0.923,230,377,transferred_human,out_of_scope
C-20260825-01484,2026-08-25 16:28:57,en,renewal_premium,,v14,0.95,130,531,transferred_human,agent_could_not_resolve
C-20260825-01485,2026-08-25 19:22:33,en,claim_status,CL8139115,v14,0.99,122,403,contained,
C-20260825-01486,2026-08-25 15:43:45,en,network_hospital,,v14,0.906,105,457,transferred_human,out_of_scope
C-20260825-01487,2026-08-25 12:17:57,hi,claim_status,CL7794718,v14,0.833,86,486,contained,
C-20260825-01488,2026-08-25 15:25:19,en,claim_status,CLM-2026-58597,v14,0.967,181,1254,transferred_human,agent_could_not_resolve
C-20260825-01489,2026-08-25 10:44:25,en,claim_status,CLM-2026-28726,v14,0.99,192,1224,transferred_human,agent_could_not_resolve
C-20260825-01490,2026-08-25 10:34:04,en,network_hospital,,v14,0.99,118,455,contained,
C-20260825-01491,2026-08-25 16:31:38,en,renewal_premium,,v14,0.99,105,505,contained,
C-20260825-01492,2026-08-25 13:03:16,en,renewal_premium,,v14,0.86,119,344,contained,
C-20260825-01493,2026-08-25 11:56:31,en,claim_status,CLM-2026-96705,v14,0.856,128,1104,transferred_human,agent_could_not_resolve
C-20260825-01494,2026-08-25 13:38:49,en,claim_status,CL7357004,v14,0.99,143,453,contained,
C-20260825-01495,2026-08-25 16:05:46,en,claim_status,CL8997831,v14,0.958,90,502,contained,
C-20260825-01496,2026-08-25 11:19:59,en,claim_status,CL8318778,v14,0.947,145,505,transferred_human,escalation_policy
C-20260825-01497,2026-08-25 14:47:26,en,claim_status,CLM-2026-45406,v14,0.955,149,912,transferred_human,agent_could_not_resolve
C-20260825-01498,2026-08-25 15:47:50,en,claim_status,CL8927669,v14,0.953,115,371,transferred_human,out_of_scope
C-20260825-01499,2026-08-25 12:42:56,en,claim_status,CLM-2026-74004,v14,0.975,118,1422,transferred_human,agent_could_not_resolve
C-20260825-01500,2026-08-25 18:20:50,hi,claim_status,CL7663665,v14,0.866,168,364,transferred_human,escalation_policy
C-20260825-01501,2026-08-25 20:41:50,en,claim_status,CL8166036,v14,0.907,92,608,contained,
C-20260825-01502,2026-08-25 17:07:13,en,claim_status,CL7682874,v14,0.884,124,493,contained,
C-20260825-01503,2026-08-25 18:13:25,en,renewal_premium,,v14,0.848,125,348,contained,
C-20260825-01504,2026-08-25 13:02:14,en,claim_status,CL8572791,v14,0.933,147,1404,contained,
C-20260825-01505,2026-08-25 19:00:24,en,claim_status,CL8492189,v14,0.99,92,481,contained,
C-20260825-01506,2026-08-25 19:50:21,en,claim_status,CL8221677,v14,0.856,37,541,contained,
C-20260825-01507,2026-08-25 10:07:50,en,claim_status,CL7411291,v14,0.88,37,444,contained,
C-20260825-01508,2026-08-25 12:25:01,en,claim_status,CLM-2026-91579,v14,0.988,161,1362,transferred_human,agent_could_not_resolve
C-20260825-01509,2026-08-25 20:03:06,en,claim_status,CL7535753,v14,0.908,132,499,contained,
C-20260825-01510,2026-08-25 17:31:22,hi,claim_status,CLM-2026-32430,v14,0.932,133,1257,transferred_human,agent_could_not_resolve
C-20260825-01511,2026-08-25 18:42:35,en,policy_details,,v14,0.84,225,592,transferred_human,agent_could_not_resolve
C-20260825-01512,2026-08-25 14:15:19,en,policy_details,,v14,0.883,126,537,contained,
C-20260825-01513,2026-08-25 12:46:01,en,claim_status,CLM-2026-27240,v14,0.982,160,1506,transferred_human,agent_could_not_resolve
C-20260825-01514,2026-08-25 17:04:17,en,claim_status,CLM-2026-13769,v14,0.914,213,1050,transferred_human,agent_could_not_resolve
C-20260825-01515,2026-08-25 17:33:07,en,claim_status,CL8739066,v14,0.984,87,492,contained,
C-20260825-01516,2026-08-25 11:13:37,en,claim_status,CL8605051,v14,0.908,139,356,transferred_human,out_of_scope
C-20260825-01517,2026-08-25 09:15:39,en,network_hospital,,v14,0.88,190,420,transferred_human,caller_requested_human
C-20260825-01518,2026-08-25 17:51:30,en,network_hospital,,v14,0.977,175,343,transferred_human,agent_could_not_resolve
C-20260825-01519,2026-08-25 09:49:56,en,network_hospital,,v14,0.947,98,408,contained,
C-20260825-01520,2026-08-25 12:05:42,en,claim_status,CL8108896,v14,0.904,117,336,contained,
C-20260825-01521,2026-08-25 17:33:25,en,policy_details,,v14,0.898,77,420,contained,
C-20260825-01522,2026-08-25 16:09:16,en,network_hospital,,v14,0.875,129,418,contained,
C-20260825-01523,2026-08-25 20:30:33,en,renewal_premium,,v14,0.945,172,414,transferred_human,escalation_policy
C-20260825-01524,2026-08-25 10:30:52,en,claim_status,CL8477584,v14,0.944,205,479,transferred_human,agent_could_not_resolve
C-20260825-01525,2026-08-25 18:48:08,hi,claim_status,CL8172842,v14,0.893,161,416,transferred_human,escalation_policy
C-20260825-01526,2026-08-25 19:57:46,hi,renewal_premium,,v14,0.947,105,616,contained,
C-20260825-01527,2026-08-25 10:32:09,en,claim_status,CL8300300,v14,0.951,112,435,contained,
C-20260825-01528,2026-08-25 13:09:28,hi,policy_details,,v14,0.98,94,479,contained,
C-20260825-01529,2026-08-25 10:10:40,hi,claim_status,CL7278892,v14,0.889,116,499,abandoned,
C-20260825-01530,2026-08-25 14:46:04,hi,claim_status,CLM-2026-82704,v14,0.887,184,1449,transferred_human,agent_could_not_resolve
C-20260825-01531,2026-08-25 20:44:44,en,claim_status,CL7074928,v14,0.927,149,460,contained,
C-20260825-01532,2026-08-25 11:33:34,hi,network_hospital,,v14,0.924,134,507,contained,
C-20260825-01533,2026-08-25 14:53:05,en,network_hospital,,v14,0.913,155,483,transferred_human,caller_requested_human
C-20260825-01534,2026-08-25 18:30:44,en,policy_details,,v14,0.919,128,383,transferred_human,agent_could_not_resolve
C-20260825-01535,2026-08-25 11:27:39,en,network_hospital,,v14,0.98,135,587,transferred_human,caller_requested_human
C-20260825-01536,2026-08-25 17:54:41,hi,renewal_premium,,v14,0.873,193,456,transferred_human,out_of_scope
C-20260825-01537,2026-08-25 19:28:29,en,network_hospital,,v14,0.924,154,373,transferred_human,out_of_scope
C-20260825-01538,2026-08-25 12:13:42,en,claim_status,CL7278876,v14,0.972,190,335,transferred_human,out_of_scope
C-20260825-01539,2026-08-25 13:00:32,hi,claim_status,CL7013536,v14,0.799,164,662,transferred_human,out_of_scope
C-20260825-01540,2026-08-25 16:49:41,en,renewal_premium,,v14,0.959,118,536,transferred_human,escalation_policy
C-20260825-01541,2026-08-25 13:13:22,en,policy_details,,v14,0.927,202,303,abandoned,
C-20260825-01542,2026-08-25 13:14:10,hi,network_hospital,,v14,0.838,140,297,transferred_human,agent_could_not_resolve
C-20260825-01543,2026-08-25 16:05:16,en,claim_status,CL8568972,v14,0.925,136,377,contained,
C-20260825-01544,2026-08-25 14:17:50,en,renewal_premium,,v14,0.99,54,486,contained,
C-20260825-01545,2026-08-25 18:18:56,hi,network_hospital,,v14,0.777,69,408,contained,
C-20260825-01546,2026-08-25 14:54:36,en,policy_details,,v14,0.943,152,465,transferred_human,caller_requested_human
C-20260825-01547,2026-08-25 10:48:37,en,policy_details,,v14,0.865,172,334,transferred_human,caller_requested_human
C-20260825-01548,2026-08-25 10:20:54,en,policy_details,,v14,0.967,143,363,contained,
C-20260825-01549,2026-08-25 20:02:56,en,network_hospital,,v14,0.903,83,511,contained,
C-20260825-01550,2026-08-25 15:25:38,en,claim_status,CL7405452,v14,0.961,227,467,transferred_human,agent_could_not_resolve
C-20260825-01551,2026-08-25 11:17:49,en,renewal_premium,,v14,0.99,126,416,contained,
C-20260825-01552,2026-08-25 18:00:20,en,policy_details,,v14,0.884,118,349,contained,
C-20260825-01553,2026-08-25 14:04:02,en,claim_status,CLM-2026-89105,v14,0.903,190,1215,transferred_human,agent_could_not_resolve
C-20260825-01554,2026-08-25 13:28:31,en,renewal_premium,,v14,0.951,172,321,contained,
C-20260825-01555,2026-08-25 18:47:08,hi,claim_status,CL7443956,v14,0.861,166,381,contained,
C-20260825-01556,2026-08-25 11:04:49,en,renewal_premium,,v14,0.981,79,553,contained,
C-20260825-01557,2026-08-25 09:09:07,hi,policy_details,,v14,0.946,101,326,contained,
C-20260825-01558,2026-08-25 19:21:02,hi,claim_status,CLM-2026-89154,v14,0.876,164,1386,transferred_human,agent_could_not_resolve
C-20260825-01559,2026-08-25 11:19:19,en,claim_status,CLM-2026-93655,v14,0.819,139,1560,transferred_human,agent_could_not_resolve
C-20260825-01560,2026-08-25 15:40:35,en,network_hospital,,v14,0.922,86,379,contained,
C-20260825-01561,2026-08-25 12:07:04,en,renewal_premium,,v14,0.888,36,414,contained,
C-20260825-01562,2026-08-25 10:00:05,hi,network_hospital,,v14,0.905,128,484,contained,
C-20260826-01563,2026-08-26 11:57:48,en,policy_details,,v14,0.813,142,382,contained,
C-20260826-01564,2026-08-26 18:11:39,en,policy_details,,v14,0.959,123,330,transferred_human,caller_requested_human
C-20260826-01565,2026-08-26 16:22:48,hi,network_hospital,,v14,0.868,130,295,contained,
C-20260826-01566,2026-08-26 09:14:14,hi,renewal_premium,,v14,0.887,131,492,transferred_human,escalation_policy
C-20260826-01567,2026-08-26 15:56:39,en,claim_status,CL7665114,v14,0.966,149,465,contained,
C-20260826-01568,2026-08-26 12:11:45,hi,renewal_premium,,v14,0.837,105,412,contained,
C-20260826-01569,2026-08-26 11:57:18,hi,policy_details,,v14,0.831,146,324,contained,
C-20260826-01570,2026-08-26 15:48:40,en,renewal_premium,,v14,0.911,122,431,contained,
C-20260826-01571,2026-08-26 12:59:46,en,policy_details,,v14,0.916,137,429,transferred_human,escalation_policy
C-20260826-01572,2026-08-26 10:28:33,en,claim_status,CL8150997,v14,0.913,222,482,transferred_human,out_of_scope
C-20260826-01573,2026-08-26 11:39:47,en,renewal_premium,,v14,0.955,165,545,transferred_human,out_of_scope
C-20260826-01574,2026-08-26 14:07:02,hi,network_hospital,,v14,0.866,159,536,transferred_human,caller_requested_human
C-20260826-01575,2026-08-26 18:21:49,hi,network_hospital,,v14,0.843,154,512,contained,
C-20260826-01576,2026-08-26 17:20:16,en,renewal_premium,,v14,0.97,136,1758,contained,
C-20260826-01577,2026-08-26 13:58:09,hi,claim_status,CL8686444,v14,0.908,79,419,contained,
C-20260826-01578,2026-08-26 11:24:44,en,policy_details,,v14,0.858,192,371,transferred_human,agent_could_not_resolve
C-20260826-01579,2026-08-26 16:41:01,en,renewal_premium,,v14,0.895,192,587,transferred_human,out_of_scope
C-20260826-01580,2026-08-26 16:23:23,en,claim_status,CL8726065,v14,0.892,88,450,contained,
C-20260826-01581,2026-08-26 17:55:32,en,network_hospital,,v14,0.93,181,368,contained,
C-20260826-01582,2026-08-26 19:40:10,en,claim_status,CL7260107,v14,0.927,143,607,contained,
C-20260826-01583,2026-08-26 17:41:03,en,network_hospital,,v14,0.886,155,269,contained,
C-20260826-01584,2026-08-26 14:27:43,en,renewal_premium,,v14,0.883,134,542,contained,
C-20260826-01585,2026-08-26 16:24:20,en,policy_details,,v14,0.99,163,456,transferred_human,out_of_scope
C-20260826-01586,2026-08-26 11:59:38,hi,claim_status,CL8907195,v14,0.852,134,441,transferred_human,out_of_scope
C-20260826-01587,2026-08-26 11:54:50,en,policy_details,,v14,0.99,130,445,contained,
C-20260826-01588,2026-08-26 15:52:28,hi,claim_status,CLM-2026-51719,v14,0.876,139,1209,transferred_human,agent_could_not_resolve
C-20260826-01589,2026-08-26 15:24:18,en,claim_status,CL8588217,v14,0.887,103,366,contained,
C-20260826-01590,2026-08-26 19:21:18,hi,claim_status,CL8103381,v14,0.911,121,497,abandoned,
C-20260826-01591,2026-08-26 17:00:49,en,network_hospital,,v14,0.908,157,485,contained,
C-20260826-01592,2026-08-26 15:20:36,hi,claim_status,CL7781335,v14,0.916,158,486,transferred_human,escalation_policy
C-20260826-01593,2026-08-26 13:50:43,en,network_hospital,,v14,0.99,167,532,contained,
C-20260826-01594,2026-08-26 13:23:17,hi,renewal_premium,,v14,0.855,135,526,contained,
C-20260826-01595,2026-08-26 19:34:42,hi,policy_details,,v14,0.901,209,598,contained,
C-20260826-01596,2026-08-26 11:59:52,hi,claim_status,CL8647486,v14,0.887,156,379,transferred_human,caller_requested_human
C-20260826-01597,2026-08-26 10:18:17,en,network_hospital,,v14,0.99,98,373,contained,
C-20260826-01598,2026-08-26 12:58:07,hi,claim_status,CL8845964,v14,0.97,119,552,contained,
C-20260826-01599,2026-08-26 17:50:04,en,network_hospital,,v14,0.929,206,360,transferred_human,agent_could_not_resolve
C-20260826-01600,2026-08-26 14:20:53,en,network_hospital,,v14,0.941,74,528,contained,
C-20260826-01601,2026-08-26 10:39:41,en,policy_details,,v14,0.985,102,457,contained,
C-20260826-01602,2026-08-26 17:17:57,en,network_hospital,,v14,0.863,158,585,transferred_human,escalation_policy
C-20260826-01603,2026-08-26 18:48:24,hi,claim_status,CL8108485,v14,0.859,90,381,contained,
C-20260826-01604,2026-08-26 10:02:51,en,policy_details,,v14,0.926,164,135,transferred_human,agent_could_not_resolve
C-20260826-01605,2026-08-26 11:31:29,en,claim_status,CL7932243,v14,0.977,72,427,contained,
C-20260826-01606,2026-08-26 14:56:33,en,policy_details,,v14,0.931,110,558,contained,
C-20260826-01607,2026-08-26 09:19:38,en,policy_details,,v14,0.945,154,384,transferred_human,out_of_scope
C-20260826-01608,2026-08-26 17:43:08,hi,renewal_premium,,v14,0.817,143,448,contained,
C-20260826-01609,2026-08-26 16:11:53,en,claim_status,CL7953810,v14,0.99,159,514,contained,
C-20260826-01610,2026-08-26 12:32:17,en,claim_status,CL8090997,v14,0.921,86,407,contained,
C-20260826-01611,2026-08-26 14:48:20,en,policy_details,,v14,0.946,198,422,contained,
C-20260826-01612,2026-08-26 15:23:30,hi,claim_status,CL7737599,v14,0.877,171,360,contained,
C-20260826-01613,2026-08-26 15:38:50,en,claim_status,CL8367287,v14,0.887,164,422,contained,
C-20260826-01614,2026-08-26 17:37:03,hi,renewal_premium,,v14,0.941,129,317,contained,
C-20260826-01615,2026-08-26 14:29:33,en,network_hospital,,v14,0.835,61,521,contained,
C-20260826-01616,2026-08-26 16:58:43,hi,network_hospital,,v14,0.86,135,247,transferred_human,out_of_scope
C-20260826-01617,2026-08-26 14:16:52,en,claim_status,CL7099320,v14,0.908,128,491,contained,
C-20260826-01618,2026-08-26 18:32:21,en,policy_details,,v14,0.99,149,572,contained,
C-20260826-01619,2026-08-26 15:00:38,en,network_hospital,,v14,0.99,240,429,transferred_human,caller_requested_human
C-20260826-01620,2026-08-26 18:18:41,en,network_hospital,,v14,0.877,190,309,transferred_human,caller_requested_human
C-20260826-01621,2026-08-26 12:04:11,en,claim_status,CL8694442,v14,0.951,138,393,contained,
C-20260826-01622,2026-08-26 18:15:55,en,claim_status,CL7149912,v14,0.895,204,376,transferred_human,out_of_scope
C-20260826-01623,2026-08-26 10:14:46,en,renewal_premium,,v14,0.862,176,242,transferred_human,caller_requested_human
C-20260826-01624,2026-08-26 17:10:37,en,renewal_premium,,v14,0.88,131,410,contained,
C-20260826-01625,2026-08-26 10:18:06,hi,network_hospital,,v14,0.855,78,466,contained,
C-20260826-01626,2026-08-26 14:46:43,en,claim_status,CL8502800,v14,0.99,82,470,contained,
C-20260826-01627,2026-08-26 12:31:14,en,claim_status,CL8840254,v14,0.849,77,457,contained,
C-20260826-01628,2026-08-26 13:00:43,hi,claim_status,CL8717137,v14,0.822,167,410,transferred_human,agent_could_not_resolve
C-20260826-01629,2026-08-26 10:59:45,en,claim_status,CL8378642,v14,0.846,122,398,contained,
C-20260826-01630,2026-08-26 10:13:57,en,network_hospital,,v14,0.965,109,384,contained,
C-20260826-01631,2026-08-26 17:20:37,en,claim_status,CL8925024,v14,0.96,125,371,contained,
C-20260826-01632,2026-08-26 17:48:21,en,claim_status,CL7178338,v14,0.962,156,489,contained,
C-20260826-01633,2026-08-26 10:45:42,en,claim_status,CL8522484,v14,0.927,164,426,contained,
C-20260826-01634,2026-08-26 17:39:05,en,renewal_premium,,v14,0.884,176,506,contained,
C-20260826-01635,2026-08-26 14:49:36,en,policy_details,,v14,0.965,89,238,contained,
C-20260826-01636,2026-08-26 12:40:05,en,network_hospital,,v14,0.818,162,459,transferred_human,caller_requested_human
C-20260826-01637,2026-08-26 13:05:35,en,renewal_premium,,v14,0.874,166,405,transferred_human,agent_could_not_resolve
C-20260826-01638,2026-08-26 13:59:10,en,claim_status,CL8117020,v14,0.897,178,1739,abandoned,
C-20260826-01639,2026-08-26 16:06:44,en,claim_status,CL7431119,v14,0.892,144,280,contained,
C-20260826-01640,2026-08-26 12:18:45,en,policy_details,,v14,0.978,126,342,contained,
C-20260826-01641,2026-08-26 09:14:44,en,policy_details,,v14,0.973,155,340,contained,
C-20260826-01642,2026-08-26 14:43:25,en,claim_status,CL8754709,v14,0.99,165,389,transferred_human,caller_requested_human
C-20260826-01643,2026-08-26 18:38:04,en,claim_status,CL7126849,v14,0.961,182,474,contained,
C-20260826-01644,2026-08-26 12:07:31,hi,claim_status,CLM-2026-85586,v14,0.929,126,1329,transferred_human,agent_could_not_resolve
C-20260826-01645,2026-08-26 19:41:53,en,claim_status,CL8476735,v14,0.932,76,503,contained,
C-20260826-01646,2026-08-26 11:55:00,hi,claim_status,CL7100424,v14,0.835,131,293,contained,
C-20260826-01647,2026-08-26 10:56:24,en,claim_status,CL8521896,v14,0.899,64,437,contained,
C-20260826-01648,2026-08-26 20:42:59,en,claim_status,CL7648655,v14,0.956,212,342,transferred_human,out_of_scope
C-20260826-01649,2026-08-26 17:21:57,en,claim_status,CL7959338,v14,0.99,106,452,contained,
C-20260826-01650,2026-08-26 18:25:52,hi,policy_details,,v14,0.927,133,257,contained,
C-20260826-01651,2026-08-26 12:13:27,hi,policy_details,,v14,0.838,61,440,contained,
C-20260826-01652,2026-08-26 13:06:43,en,renewal_premium,,v14,0.974,142,483,contained,
C-20260826-01653,2026-08-26 15:19:57,en,policy_details,,v14,0.853,174,570,transferred_human,agent_could_not_resolve
C-20260826-01654,2026-08-26 14:46:35,hi,network_hospital,,v14,0.838,176,507,transferred_human,out_of_scope
C-20260826-01655,2026-08-26 10:32:03,en,renewal_premium,,v14,0.938,79,433,contained,
C-20260826-01656,2026-08-26 15:19:18,en,claim_status,CLM-2026-76482,v14,0.947,201,1338,transferred_human,agent_could_not_resolve
C-20260826-01657,2026-08-26 09:55:27,en,network_hospital,,v14,0.971,92,302,abandoned,
C-20260826-01658,2026-08-26 11:33:14,en,claim_status,CLM-2026-85425,v14,0.906,205,942,transferred_human,agent_could_not_resolve
C-20260826-01659,2026-08-26 13:31:38,en,claim_status,CL7190879,v14,0.942,157,397,contained,
C-20260826-01660,2026-08-26 16:55:16,en,claim_status,CL7857212,v14,0.99,129,433,contained,
C-20260826-01661,2026-08-26 13:39:22,en,policy_details,,v14,0.99,144,421,contained,
C-20260826-01662,2026-08-26 09:54:03,en,policy_details,,v14,0.937,131,470,contained,
C-20260826-01663,2026-08-26 15:09:49,en,claim_status,CL8321940,v14,0.865,61,315,contained,
C-20260826-01664,2026-08-26 12:24:41,en,claim_status,CL8973942,v14,0.912,91,632,contained,
C-20260826-01665,2026-08-26 09:14:41,en,claim_status,CLM-2026-27803,v14,0.887,240,1242,transferred_human,agent_could_not_resolve
C-20260826-01666,2026-08-26 11:19:41,en,claim_status,CLM-2026-75497,v14,0.954,175,1191,transferred_human,agent_could_not_resolve
C-20260826-01667,2026-08-26 14:47:53,en,renewal_premium,,v14,0.928,172,454,abandoned,
C-20260826-01668,2026-08-26 14:29:52,en,renewal_premium,,v14,0.856,102,517,contained,
C-20260826-01669,2026-08-26 12:23:13,en,renewal_premium,,v14,0.99,161,470,contained,
C-20260826-01670,2026-08-26 12:43:54,en,claim_status,CLM-2026-20384,v14,0.99,180,906,transferred_human,agent_could_not_resolve
C-20260826-01671,2026-08-26 13:52:36,en,claim_status,CL8554713,v14,0.973,68,492,contained,
C-20260826-01672,2026-08-26 18:11:19,en,policy_details,,v14,0.903,167,335,transferred_human,caller_requested_human
C-20260826-01673,2026-08-26 12:19:17,hi,network_hospital,,v14,0.81,65,530,transferred_human,agent_could_not_resolve
C-20260826-01674,2026-08-26 18:09:38,en,network_hospital,,v14,0.944,133,417,contained,
C-20260826-01675,2026-08-26 14:17:12,en,renewal_premium,,v14,0.827,166,313,contained,
C-20260826-01676,2026-08-26 18:15:10,en,network_hospital,,v14,0.924,143,381,abandoned,
C-20260826-01677,2026-08-26 16:00:06,en,policy_details,,v14,0.854,176,375,contained,
C-20260826-01678,2026-08-26 18:33:42,en,policy_details,,v14,0.935,186,468,transferred_human,escalation_policy
C-20260826-01679,2026-08-26 19:31:10,en,policy_details,,v14,0.937,134,413,contained,
C-20260826-01680,2026-08-26 19:06:53,hi,claim_status,CL7505981,v14,0.848,72,418,contained,
C-20260826-01681,2026-08-26 18:09:41,en,claim_status,CLM-2026-96519,v14,0.99,152,1296,transferred_human,agent_could_not_resolve
C-20260826-01682,2026-08-26 12:52:11,en,claim_status,CL8534353,v14,0.894,110,419,contained,
C-20260826-01683,2026-08-26 17:43:02,en,claim_status,CLM-2026-27699,v14,0.99,114,1305,transferred_human,agent_could_not_resolve
C-20260826-01684,2026-08-26 12:33:11,en,network_hospital,,v14,0.812,148,551,transferred_human,out_of_scope
C-20260826-01685,2026-08-26 19:29:26,en,claim_status,CL8707003,v14,0.99,164,285,transferred_human,escalation_policy
C-20260826-01686,2026-08-26 12:00:56,hi,renewal_premium,,v14,0.94,109,431,contained,
C-20260826-01687,2026-08-26 19:43:12,en,renewal_premium,,v14,0.843,111,444,contained,
C-20260826-01688,2026-08-26 16:43:04,en,claim_status,CL7895052,v14,0.898,126,548,contained,
C-20260826-01689,2026-08-26 09:24:12,en,claim_status,CL7055381,v14,0.981,151,438,contained,
C-20260826-01690,2026-08-26 10:05:50,en,claim_status,CL7488521,v14,0.839,139,343,contained,
C-20260826-01691,2026-08-26 11:45:20,hi,network_hospital,,v14,0.863,105,506,contained,
C-20260826-01692,2026-08-26 17:18:48,en,claim_status,CL8891150,v14,0.868,158,509,contained,
C-20260826-01693,2026-08-26 20:43:27,en,claim_status,CL7320904,v14,0.99,85,498,contained,
C-20260826-01694,2026-08-26 14:38:59,en,claim_status,CL8802399,v14,0.814,105,439,contained,
C-20260826-01695,2026-08-26 18:33:45,en,claim_status,CL8435624,v14,0.884,148,460,contained,
C-20260826-01696,2026-08-26 13:37:10,en,renewal_premium,,v14,0.939,226,347,transferred_human,out_of_scope
C-20260826-01697,2026-08-26 13:25:04,en,claim_status,CL8845266,v14,0.911,165,364,transferred_human,agent_could_not_resolve
C-20260826-01698,2026-08-26 20:34:00,en,renewal_premium,,v14,0.976,121,348,contained,
C-20260826-01699,2026-08-26 15:46:07,en,renewal_premium,,v14,0.923,142,418,contained,
C-20260826-01700,2026-08-26 11:52:23,en,claim_status,CL7631008,v14,0.863,78,376,abandoned,
C-20260826-01701,2026-08-26 15:18:05,en,renewal_premium,,v14,0.885,178,312,abandoned,
C-20260826-01702,2026-08-26 11:41:24,en,renewal_premium,,v14,0.839,208,356,contained,
C-20260826-01703,2026-08-26 10:39:11,en,claim_status,CL8685424,v14,0.967,100,424,abandoned,
C-20260826-01704,2026-08-26 11:59:41,en,claim_status,CL7866306,v14,0.977,133,475,contained,
C-20260826-01705,2026-08-26 17:37:58,en,claim_status,CL7134024,v14,0.988,137,275,contained,
C-20260826-01706,2026-08-26 17:48:11,en,network_hospital,,v14,0.986,136,569,contained,
C-20260826-01707,2026-08-26 10:45:07,en,claim_status,CL7145755,v14,0.931,108,369,contained,
C-20260826-01708,2026-08-26 09:15:04,en,policy_details,,v14,0.99,125,354,contained,
C-20260826-01709,2026-08-26 19:20:15,en,policy_details,,v14,0.892,34,317,contained,
C-20260826-01710,2026-08-26 11:35:57,en,renewal_premium,,v14,0.947,105,457,contained,
C-20260826-01711,2026-08-26 09:47:53,hi,network_hospital,,v14,0.932,143,499,contained,
C-20260826-01712,2026-08-26 20:46:09,en,claim_status,CL8565274,v14,0.974,191,351,contained,
C-20260826-01713,2026-08-26 12:03:06,hi,network_hospital,,v14,0.884,111,576,transferred_human,agent_could_not_resolve
C-20260826-01714,2026-08-26 16:35:56,en,renewal_premium,,v14,0.974,153,540,transferred_human,agent_could_not_resolve
C-20260826-01715,2026-08-26 12:32:11,hi,policy_details,,v14,0.96,90,376,contained,
C-20260826-01716,2026-08-26 12:44:42,en,network_hospital,,v14,0.914,184,563,contained,
C-20260826-01717,2026-08-26 17:40:21,en,claim_status,CLM-2026-61105,v14,0.891,190,1455,transferred_human,agent_could_not_resolve
C-20260826-01718,2026-08-26 10:24:30,en,policy_details,,v14,0.873,86,291,contained,
C-20260826-01719,2026-08-26 10:36:17,en,renewal_premium,,v14,0.903,84,336,contained,
C-20260826-01720,2026-08-26 15:48:36,hi,renewal_premium,,v14,0.799,144,538,transferred_human,caller_requested_human
C-20260826-01721,2026-08-26 13:52:57,en,claim_status,CL8632124,v14,0.866,102,562,contained,
C-20260826-01722,2026-08-26 16:28:22,en,network_hospital,,v14,0.909,145,491,contained,
C-20260826-01723,2026-08-26 16:56:52,hi,claim_status,CL8536308,v14,0.801,256,1282,transferred_human,escalation_policy
C-20260826-01724,2026-08-26 11:54:43,en,policy_details,,v14,0.904,164,406,transferred_human,escalation_policy
C-20260826-01725,2026-08-26 17:33:09,en,renewal_premium,,v14,0.98,142,438,contained,
C-20260826-01726,2026-08-26 15:10:07,en,claim_status,CL8723660,v14,0.911,104,424,contained,
C-20260826-01727,2026-08-26 10:03:56,en,claim_status,CL8337096,v14,0.939,129,391,contained,
C-20260826-01728,2026-08-26 12:34:51,en,policy_details,,v14,0.838,127,632,contained,
C-20260826-01729,2026-08-26 17:08:59,en,claim_status,CL7668707,v14,0.846,140,1486,contained,
C-20260826-01730,2026-08-26 14:37:50,en,claim_status,CLM-2026-98257,v14,0.975,210,1350,transferred_human,agent_could_not_resolve
C-20260826-01731,2026-08-26 16:31:21,en,network_hospital,,v14,0.956,104,432,contained,
C-20260826-01732,2026-08-26 12:10:59,hi,network_hospital,,v14,0.956,79,254,contained,
C-20260826-01733,2026-08-26 19:21:46,en,renewal_premium,,v14,0.934,83,285,contained,
C-20260826-01734,2026-08-26 15:32:09,en,policy_details,,v14,0.892,123,398,contained,
C-20260826-01735,2026-08-26 16:27:51,en,policy_details,,v14,0.956,77,357,contained,
C-20260826-01736,2026-08-26 11:29:31,en,network_hospital,,v14,0.88,83,556,contained,
C-20260826-01737,2026-08-26 15:10:09,en,network_hospital,,v14,0.943,158,382,abandoned,
C-20260826-01738,2026-08-26 13:51:15,en,claim_status,CL7993181,v14,0.865,107,308,contained,
C-20260826-01739,2026-08-26 13:08:16,en,policy_details,,v14,0.974,207,487,transferred_human,caller_requested_human
C-20260826-01740,2026-08-26 12:07:04,en,claim_status,CL7009812,v14,0.849,74,480,contained,
C-20260826-01741,2026-08-26 18:08:46,en,network_hospital,,v14,0.964,125,360,contained,
C-20260826-01742,2026-08-26 10:39:36,en,policy_details,,v14,0.948,119,376,contained,
C-20260826-01743,2026-08-26 14:06:18,hi,network_hospital,,v14,0.953,106,497,contained,
C-20260826-01744,2026-08-26 11:51:19,hi,claim_status,CL8799957,v14,0.784,158,622,transferred_human,agent_could_not_resolve
C-20260826-01745,2026-08-26 18:47:45,en,claim_status,CL8232928,v14,0.887,182,374,transferred_human,out_of_scope
C-20260826-01746,2026-08-26 17:55:18,en,network_hospital,,v14,0.777,154,407,contained,
C-20260826-01747,2026-08-26 13:39:33,en,claim_status,CLM-2026-18691,v14,0.902,157,1431,transferred_human,agent_could_not_resolve
C-20260826-01748,2026-08-26 11:51:34,hi,policy_details,,v14,0.966,177,371,transferred_human,agent_could_not_resolve
C-20260826-01749,2026-08-26 20:30:38,en,policy_details,,v14,0.851,157,509,contained,
C-20260826-01750,2026-08-26 11:09:18,en,network_hospital,,v14,0.917,184,618,transferred_human,out_of_scope
C-20260826-01751,2026-08-26 20:47:24,en,policy_details,,v14,0.842,140,375,contained,
C-20260826-01752,2026-08-26 13:55:48,hi,renewal_premium,,v14,0.911,78,394,contained,
C-20260826-01753,2026-08-26 16:37:41,en,network_hospital,,v14,0.94,148,544,transferred_human,agent_could_not_resolve
C-20260826-01754,2026-08-26 16:01:05,hi,renewal_premium,,v14,0.919,188,395,transferred_human,caller_requested_human
C-20260827-01755,2026-08-27 15:23:44,hi,claim_status,CL8431176,v14,0.929,155,245,transferred_human,escalation_policy
C-20260827-01756,2026-08-27 10:13:54,en,claim_status,CL8277450,v14,0.958,187,402,contained,
C-20260827-01757,2026-08-27 20:10:28,hi,network_hospital,,v14,0.889,80,642,contained,
C-20260827-01758,2026-08-27 19:16:27,en,policy_details,,v14,0.91,61,399,contained,
C-20260827-01759,2026-08-27 11:26:38,en,renewal_premium,,v14,0.96,137,473,abandoned,
C-20260827-01760,2026-08-27 12:18:57,hi,renewal_premium,,v14,0.819,80,271,contained,
C-20260827-01761,2026-08-27 17:01:53,en,renewal_premium,,v14,0.961,168,508,transferred_human,out_of_scope
C-20260827-01762,2026-08-27 13:44:10,en,renewal_premium,,v14,0.907,89,360,contained,
C-20260827-01763,2026-08-27 11:45:03,en,claim_status,CL7393171,v14,0.965,206,315,contained,
C-20260827-01764,2026-08-27 15:04:14,en,claim_status,CL7353422,v14,0.905,84,457,contained,
C-20260827-01765,2026-08-27 16:33:38,en,policy_details,,v14,0.868,98,290,transferred_human,caller_requested_human
C-20260827-01766,2026-08-27 09:13:27,en,renewal_premium,,v14,0.944,131,409,transferred_human,out_of_scope
C-20260827-01767,2026-08-27 18:20:55,en,renewal_premium,,v14,0.937,208,445,transferred_human,caller_requested_human
C-20260827-01768,2026-08-27 18:39:44,en,network_hospital,,v14,0.971,174,396,transferred_human,escalation_policy
C-20260827-01769,2026-08-27 10:17:32,en,claim_status,CL7735831,v14,0.915,174,181,contained,
C-20260827-01770,2026-08-27 10:21:48,en,claim_status,CL8002713,v14,0.99,111,398,contained,
C-20260827-01771,2026-08-27 16:13:52,en,network_hospital,,v14,0.94,110,516,contained,
C-20260827-01772,2026-08-27 13:30:39,en,claim_status,CL7253904,v14,0.905,104,336,transferred_human,agent_could_not_resolve
C-20260827-01773,2026-08-27 12:37:06,en,claim_status,CL7585031,v14,0.844,174,358,transferred_human,out_of_scope
C-20260827-01774,2026-08-27 14:12:29,en,renewal_premium,,v14,0.959,136,598,transferred_human,agent_could_not_resolve
C-20260827-01775,2026-08-27 14:48:18,hi,claim_status,CLM-2026-81777,v14,0.921,282,1629,transferred_human,agent_could_not_resolve
C-20260827-01776,2026-08-27 11:16:45,en,policy_details,,v14,0.89,177,566,transferred_human,caller_requested_human
C-20260827-01777,2026-08-27 16:06:20,en,network_hospital,,v14,0.854,135,343,contained,
C-20260827-01778,2026-08-27 13:56:33,en,claim_status,CL7889692,v14,0.916,132,346,contained,
C-20260827-01779,2026-08-27 19:50:28,hi,claim_status,CL7752567,v14,0.811,199,456,transferred_human,out_of_scope
C-20260827-01780,2026-08-27 12:49:50,hi,renewal_premium,,v14,0.926,174,456,contained,
C-20260827-01781,2026-08-27 12:24:23,en,network_hospital,,v14,0.804,115,566,contained,
C-20260827-01782,2026-08-27 11:18:46,hi,renewal_premium,,v14,0.817,123,465,contained,
C-20260827-01783,2026-08-27 11:23:51,en,renewal_premium,,v14,0.984,141,417,transferred_human,agent_could_not_resolve
C-20260827-01784,2026-08-27 12:26:48,hi,network_hospital,,v14,0.861,66,411,contained,
C-20260827-01785,2026-08-27 16:51:19,en,renewal_premium,,v14,0.88,80,382,contained,
C-20260827-01786,2026-08-27 16:18:52,en,policy_details,,v14,0.897,106,1470,contained,
C-20260827-01787,2026-08-27 18:18:06,hi,claim_status,CL7377875,v14,0.816,169,247,transferred_human,agent_could_not_resolve
C-20260827-01788,2026-08-27 12:59:20,en,claim_status,CL7349623,v14,0.927,185,369,contained,
C-20260827-01789,2026-08-27 11:56:11,hi,network_hospital,,v14,0.858,122,291,contained,
C-20260827-01790,2026-08-27 11:37:22,en,network_hospital,,v14,0.924,143,542,contained,
C-20260827-01791,2026-08-27 11:06:59,en,claim_status,CL7716806,v14,0.923,72,516,contained,
C-20260827-01792,2026-08-27 15:19:19,en,policy_details,,v14,0.972,116,366,contained,
C-20260827-01793,2026-08-27 18:15:02,hi,claim_status,CL7743017,v14,0.856,55,475,contained,
C-20260827-01794,2026-08-27 12:29:13,en,claim_status,CLM-2026-36456,v14,0.868,127,1413,transferred_human,agent_could_not_resolve
C-20260827-01795,2026-08-27 18:12:35,hi,renewal_premium,,v14,0.864,151,500,contained,
C-20260827-01796,2026-08-27 20:07:30,en,renewal_premium,,v14,0.968,174,403,transferred_human,escalation_policy
C-20260827-01797,2026-08-27 16:56:29,en,renewal_premium,,v14,0.961,197,492,contained,
C-20260827-01798,2026-08-27 19:38:55,en,claim_status,CLM-2026-63730,v14,0.969,162,1584,abandoned,
C-20260827-01799,2026-08-27 20:38:42,hi,claim_status,CL8727065,v14,0.856,187,445,transferred_human,caller_requested_human
C-20260827-01800,2026-08-27 12:11:44,en,renewal_premium,,v14,0.852,166,382,contained,
C-20260827-01801,2026-08-27 17:06:26,en,claim_status,CL8289989,v14,0.909,237,493,transferred_human,out_of_scope
C-20260827-01802,2026-08-27 14:52:56,en,policy_details,,v14,0.917,195,463,transferred_human,out_of_scope
C-20260827-01803,2026-08-27 10:41:57,en,claim_status,CL8579637,v14,0.99,134,492,contained,
C-20260827-01804,2026-08-27 18:41:44,hi,renewal_premium,,v14,0.863,89,470,contained,
C-20260827-01805,2026-08-27 12:43:41,en,network_hospital,,v14,0.938,87,380,contained,
C-20260827-01806,2026-08-27 19:35:15,en,network_hospital,,v14,0.862,129,491,contained,
C-20260827-01807,2026-08-27 13:04:50,en,claim_status,CL7136788,v14,0.898,89,611,contained,
C-20260827-01808,2026-08-27 12:41:37,en,claim_status,CLM-2026-38687,v14,0.906,138,612,transferred_human,agent_could_not_resolve
C-20260827-01809,2026-08-27 13:15:10,en,renewal_premium,,v14,0.863,188,404,contained,
C-20260827-01810,2026-08-27 13:31:08,en,network_hospital,,v14,0.869,182,517,contained,
C-20260827-01811,2026-08-27 18:42:38,en,claim_status,CL7072078,v14,0.929,109,544,contained,
C-20260827-01812,2026-08-27 11:03:09,hi,network_hospital,,v14,0.879,58,456,contained,
C-20260827-01813,2026-08-27 10:16:33,en,renewal_premium,,v14,0.851,136,506,abandoned,
C-20260827-01814,2026-08-27 20:16:41,en,renewal_premium,,v14,0.883,111,594,contained,
C-20260827-01815,2026-08-27 18:59:55,en,claim_status,CL8178975,v14,0.955,25,395,contained,
C-20260827-01816,2026-08-27 13:59:25,en,network_hospital,,v14,0.891,153,511,contained,
C-20260827-01817,2026-08-27 19:05:19,en,claim_status,CL7922290,v14,0.99,195,396,transferred_human,out_of_scope
C-20260827-01818,2026-08-27 12:49:41,hi,claim_status,CL7436073,v14,0.851,176,583,transferred_human,agent_could_not_resolve
C-20260827-01819,2026-08-27 11:31:29,en,policy_details,,v14,0.954,80,453,contained,
C-20260827-01820,2026-08-27 12:50:54,hi,network_hospital,,v14,0.856,242,441,transferred_human,escalation_policy
C-20260827-01821,2026-08-27 19:30:07,hi,renewal_premium,,v14,0.84,92,557,transferred_human,escalation_policy
C-20260827-01822,2026-08-27 18:16:31,en,claim_status,CL7630908,v14,0.98,205,484,transferred_human,caller_requested_human
C-20260827-01823,2026-08-27 13:44:58,en,renewal_premium,,v14,0.99,148,517,contained,
C-20260827-01824,2026-08-27 11:55:16,en,renewal_premium,,v14,0.864,124,439,contained,
C-20260827-01825,2026-08-27 18:36:33,en,claim_status,CL7459351,v14,0.911,201,357,contained,
C-20260827-01826,2026-08-27 14:39:35,hi,claim_status,CL8819654,v14,0.843,105,433,contained,
C-20260827-01827,2026-08-27 16:00:11,hi,claim_status,CL8237106,v14,0.871,192,513,transferred_human,escalation_policy
C-20260827-01828,2026-08-27 11:28:59,en,renewal_premium,,v14,0.92,132,400,abandoned,
C-20260827-01829,2026-08-27 12:13:11,en,network_hospital,,v14,0.87,117,549,contained,
C-20260827-01830,2026-08-27 15:22:14,en,renewal_premium,,v14,0.913,107,373,contained,
C-20260827-01831,2026-08-27 19:53:52,en,network_hospital,,v14,0.889,157,460,transferred_human,out_of_scope
C-20260827-01832,2026-08-27 18:36:34,hi,network_hospital,,v14,0.892,87,334,contained,
C-20260827-01833,2026-08-27 12:52:25,en,policy_details,,v14,0.888,142,521,contained,
C-20260827-01834,2026-08-27 14:50:00,hi,claim_status,CL8418238,v14,0.854,200,433,contained,
C-20260827-01835,2026-08-27 12:23:40,en,network_hospital,,v14,0.99,190,371,contained,
C-20260827-01836,2026-08-27 10:10:48,en,claim_status,CL8369626,v14,0.948,114,423,transferred_human,out_of_scope
C-20260827-01837,2026-08-27 15:28:25,hi,network_hospital,,v14,0.933,104,534,contained,
C-20260827-01838,2026-08-27 15:06:39,en,claim_status,CL8166826,v14,0.885,169,316,contained,
C-20260827-01839,2026-08-27 13:00:57,hi,claim_status,CL7268267,v14,0.864,93,568,contained,
C-20260827-01840,2026-08-27 18:41:56,hi,claim_status,CL7332416,v14,0.921,106,527,contained,
C-20260827-01841,2026-08-27 17:50:01,hi,claim_status,CLM-2026-68073,v14,0.883,158,1263,transferred_human,agent_could_not_resolve
C-20260827-01842,2026-08-27 15:42:33,hi,claim_status,CL7592774,v14,0.799,77,326,contained,
C-20260827-01843,2026-08-27 09:19:49,en,claim_status,CL7888567,v14,0.909,146,580,transferred_human,out_of_scope
C-20260827-01844,2026-08-27 12:54:59,en,policy_details,,v14,0.902,45,489,contained,
C-20260827-01845,2026-08-27 16:10:06,hi,network_hospital,,v14,0.875,115,384,contained,
C-20260827-01846,2026-08-27 12:14:43,en,claim_status,CL8976737,v14,0.834,113,451,contained,
C-20260827-01847,2026-08-27 11:57:17,en,claim_status,CLM-2026-67630,v14,0.884,140,1596,transferred_human,agent_could_not_resolve
C-20260827-01848,2026-08-27 09:20:03,en,claim_status,CL7222884,v14,0.906,105,429,contained,
C-20260827-01849,2026-08-27 12:39:26,hi,network_hospital,,v14,0.783,152,455,contained,
C-20260827-01850,2026-08-27 15:46:32,hi,claim_status,CL8588585,v14,0.924,124,350,contained,
C-20260827-01851,2026-08-27 19:10:05,en,network_hospital,,v14,0.99,128,479,contained,
C-20260827-01852,2026-08-27 15:02:00,en,claim_status,CL7805146,v14,0.961,94,396,contained,
C-20260827-01853,2026-08-27 17:38:59,en,policy_details,,v14,0.968,173,384,contained,
C-20260827-01854,2026-08-27 11:30:08,en,claim_status,CL8672538,v14,0.965,206,551,contained,
C-20260827-01855,2026-08-27 10:49:20,en,claim_status,CL7265910,v14,0.947,121,464,contained,
C-20260827-01856,2026-08-27 16:18:59,hi,renewal_premium,,v14,0.843,64,463,contained,
C-20260827-01857,2026-08-27 15:25:25,en,renewal_premium,,v14,0.981,153,483,contained,
C-20260827-01858,2026-08-27 11:43:35,en,renewal_premium,,v14,0.965,171,528,transferred_human,caller_requested_human
C-20260827-01859,2026-08-27 10:50:30,en,claim_status,CL8121468,v14,0.98,148,439,contained,
C-20260827-01860,2026-08-27 11:19:34,en,renewal_premium,,v14,0.99,117,427,contained,
C-20260827-01861,2026-08-27 16:27:20,en,network_hospital,,v14,0.874,118,298,contained,
C-20260827-01862,2026-08-27 17:17:48,en,claim_status,CL8887023,v14,0.928,161,332,contained,
C-20260827-01863,2026-08-27 11:24:12,hi,network_hospital,,v14,0.907,168,472,transferred_human,out_of_scope
C-20260827-01864,2026-08-27 17:49:18,en,network_hospital,,v14,0.979,145,577,contained,
C-20260827-01865,2026-08-27 17:13:19,en,network_hospital,,v14,0.963,83,495,contained,
C-20260827-01866,2026-08-27 17:13:59,hi,network_hospital,,v14,0.905,138,403,transferred_human,caller_requested_human
C-20260827-01867,2026-08-27 12:17:45,en,policy_details,,v14,0.928,204,359,contained,
C-20260827-01868,2026-08-27 12:41:12,en,renewal_premium,,v14,0.99,137,429,contained,
C-20260827-01869,2026-08-27 12:15:01,en,renewal_premium,,v14,0.93,207,442,transferred_human,agent_could_not_resolve
C-20260827-01870,2026-08-27 12:09:39,hi,renewal_premium,,v14,0.847,182,336,abandoned,
C-20260827-01871,2026-08-27 18:04:27,hi,network_hospital,,v14,0.931,239,355,contained,
C-20260827-01872,2026-08-27 09:37:10,en,claim_status,CL7297336,v14,0.984,43,411,contained,
C-20260827-01873,2026-08-27 20:54:45,en,renewal_premium,,v14,0.873,151,453,contained,
C-20260827-01874,2026-08-27 15:31:53,en,network_hospital,,v14,0.805,135,459,contained,
C-20260827-01875,2026-08-27 12:42:29,en,renewal_premium,,v14,0.923,70,580,contained,
C-20260827-01876,2026-08-27 11:57:19,en,renewal_premium,,v14,0.931,113,369,transferred_human,caller_requested_human
C-20260827-01877,2026-08-27 20:12:57,en,renewal_premium,,v14,0.895,174,598,contained,
C-20260827-01878,2026-08-27 18:57:57,en,claim_status,CL7333534,v14,0.923,159,1069,contained,
C-20260827-01879,2026-08-27 19:22:00,en,renewal_premium,,v14,0.871,85,653,contained,
C-20260827-01880,2026-08-27 09:21:10,en,claim_status,CL7477234,v14,0.99,205,390,contained,
C-20260827-01881,2026-08-27 11:57:52,en,network_hospital,,v14,0.872,115,424,contained,
C-20260827-01882,2026-08-27 17:53:07,en,policy_details,,v14,0.912,137,381,contained,
C-20260827-01883,2026-08-27 11:21:53,en,claim_status,CL8823665,v14,0.931,55,390,contained,
C-20260827-01884,2026-08-27 20:09:13,hi,renewal_premium,,v14,0.915,137,442,contained,
C-20260827-01885,2026-08-27 12:43:46,en,claim_status,CL7685854,v14,0.87,71,449,contained,
C-20260827-01886,2026-08-27 17:51:33,en,claim_status,CL8340595,v14,0.963,29,331,contained,
C-20260827-01887,2026-08-27 09:56:24,hi,network_hospital,,v14,0.882,68,397,contained,
C-20260827-01888,2026-08-27 14:46:09,en,policy_details,,v14,0.855,192,434,transferred_human,out_of_scope
C-20260827-01889,2026-08-27 11:39:15,hi,network_hospital,,v14,0.856,127,235,contained,
C-20260827-01890,2026-08-27 17:17:25,en,claim_status,CL8247067,v14,0.86,81,348,contained,
C-20260827-01891,2026-08-27 13:01:31,en,renewal_premium,,v14,0.99,36,249,contained,
C-20260827-01892,2026-08-27 09:28:10,hi,claim_status,CL7106472,v14,0.822,159,282,contained,
C-20260827-01893,2026-08-27 18:50:41,en,claim_status,CL8719921,v14,0.99,128,511,contained,
C-20260827-01894,2026-08-27 18:56:19,en,claim_status,CLM-2026-59071,v14,0.918,155,1488,transferred_human,agent_could_not_resolve
C-20260827-01895,2026-08-27 12:33:04,en,renewal_premium,,v14,0.922,184,281,transferred_human,out_of_scope
C-20260827-01896,2026-08-27 12:38:22,en,claim_status,CL7508549,v14,0.97,225,450,transferred_human,out_of_scope
C-20260827-01897,2026-08-27 16:52:10,en,claim_status,CLM-2026-90901,v14,0.973,181,1446,transferred_human,agent_could_not_resolve
C-20260827-01898,2026-08-27 10:52:19,en,network_hospital,,v14,0.911,102,310,contained,
C-20260827-01899,2026-08-27 14:10:10,en,claim_status,CL7655732,v14,0.931,152,464,contained,
C-20260827-01900,2026-08-27 17:45:09,hi,claim_status,CL8196337,v14,0.869,172,487,transferred_human,out_of_scope
C-20260827-01901,2026-08-27 17:00:57,en,renewal_premium,,v14,0.943,136,270,contained,
C-20260827-01902,2026-08-27 14:50:40,en,network_hospital,,v14,0.876,137,487,contained,
C-20260827-01903,2026-08-27 16:26:04,en,policy_details,,v14,0.99,237,490,transferred_human,out_of_scope
C-20260827-01904,2026-08-27 19:47:56,en,claim_status,CL8118472,v14,0.953,53,345,contained,
C-20260827-01905,2026-08-27 16:37:32,en,claim_status,CL7597910,v14,0.931,57,387,contained,
C-20260827-01906,2026-08-27 17:34:19,en,renewal_premium,,v14,0.911,143,497,transferred_human,agent_could_not_resolve
C-20260827-01907,2026-08-27 12:31:51,en,claim_status,CL8451639,v14,0.989,57,354,contained,
C-20260827-01908,2026-08-27 11:09:45,en,claim_status,CL7863216,v14,0.875,97,505,contained,
C-20260827-01909,2026-08-27 18:26:41,en,claim_status,CL8472007,v14,0.973,41,392,contained,
C-20260827-01910,2026-08-27 10:11:44,hi,claim_status,CL7274211,v14,0.844,99,376,transferred_human,caller_requested_human
C-20260827-01911,2026-08-27 14:04:25,en,claim_status,CLM-2026-46882,v14,0.874,190,1224,transferred_human,agent_could_not_resolve
C-20260827-01912,2026-08-27 14:16:17,hi,renewal_premium,,v14,0.884,116,292,contained,
C-20260827-01913,2026-08-27 09:41:39,en,network_hospital,,v14,0.976,143,316,transferred_human,out_of_scope
C-20260827-01914,2026-08-27 11:47:56,hi,claim_status,CL7332709,v14,0.812,63,575,contained,
C-20260827-01915,2026-08-27 09:34:28,en,network_hospital,,v14,0.98,137,548,contained,
C-20260827-01916,2026-08-27 16:40:46,en,policy_details,,v14,0.889,206,343,transferred_human,agent_could_not_resolve
C-20260827-01917,2026-08-27 17:57:33,hi,claim_status,CL7307331,v14,0.79,94,398,contained,
C-20260827-01918,2026-08-27 18:07:27,hi,policy_details,,v14,0.776,115,503,contained,
C-20260827-01919,2026-08-27 17:58:42,en,claim_status,CLM-2026-68893,v14,0.942,219,1413,transferred_human,agent_could_not_resolve
C-20260827-01920,2026-08-27 19:13:52,en,network_hospital,,v14,0.947,178,314,transferred_human,agent_could_not_resolve
C-20260827-01921,2026-08-27 12:38:17,en,network_hospital,,v14,0.952,142,401,transferred_human,out_of_scope
C-20260827-01922,2026-08-27 12:24:53,en,renewal_premium,,v14,0.963,100,329,contained,
C-20260827-01923,2026-08-27 18:46:41,en,network_hospital,,v14,0.942,179,468,transferred_human,caller_requested_human
C-20260827-01924,2026-08-27 18:05:09,en,policy_details,,v14,0.951,115,483,contained,
C-20260827-01925,2026-08-27 17:16:59,en,policy_details,,v14,0.946,96,559,contained,
C-20260827-01926,2026-08-27 14:05:13,en,claim_status,CL7876486,v14,0.948,139,501,contained,
C-20260827-01927,2026-08-27 19:10:57,en,policy_details,,v14,0.97,162,311,contained,
C-20260827-01928,2026-08-27 10:24:03,en,policy_details,,v14,0.952,87,543,contained,
C-20260827-01929,2026-08-27 12:35:26,en,policy_details,,v14,0.977,118,329,contained,
C-20260827-01930,2026-08-27 12:14:28,hi,policy_details,,v14,0.91,88,452,contained,
C-20260827-01931,2026-08-27 17:32:13,en,network_hospital,,v14,0.894,142,428,transferred_human,out_of_scope
C-20260827-01932,2026-08-27 12:50:28,en,renewal_premium,,v14,0.976,120,333,contained,
C-20260827-01933,2026-08-27 19:09:37,en,claim_status,CL8038418,v14,0.917,133,439,transferred_human,escalation_policy
C-20260827-01934,2026-08-27 20:20:00,en,network_hospital,,v14,0.918,177,385,transferred_human,escalation_policy
C-20260827-01935,2026-08-27 16:51:25,en,claim_status,CL7435448,v14,0.855,117,167,transferred_human,escalation_policy
C-20260827-01936,2026-08-27 11:43:19,en,policy_details,,v14,0.914,216,374,transferred_human,out_of_scope
C-20260827-01937,2026-08-27 12:48:13,hi,claim_status,CL8675375,v14,0.93,178,389,contained,
C-20260827-01938,2026-08-27 09:19:29,en,claim_status,CL7993747,v14,0.99,132,415,transferred_human,caller_requested_human
C-20260827-01939,2026-08-27 15:49:07,en,claim_status,CL7802272,v14,0.914,226,492,transferred_human,escalation_policy
C-20260827-01940,2026-08-27 18:34:13,en,claim_status,CL7261216,v14,0.866,40,247,contained,
C-20260827-01941,2026-08-27 15:28:38,en,claim_status,CLM-2026-62272,v14,0.949,128,756,transferred_human,agent_could_not_resolve
C-20260827-01942,2026-08-27 12:24:03,en,claim_status,CL7157153,v14,0.948,157,532,transferred_human,caller_requested_human
C-20260827-01943,2026-08-27 10:06:24,en,claim_status,CL7178802,v14,0.89,102,404,contained,
C-20260827-01944,2026-08-27 20:12:07,en,claim_status,CL8337643,v14,0.842,163,443,contained,
C-20260827-01945,2026-08-27 09:05:06,hi,renewal_premium,,v14,0.879,242,461,transferred_human,escalation_policy
C-20260827-01946,2026-08-27 16:30:45,hi,claim_status,CL8189250,v14,0.903,105,468,abandoned,
C-20260827-01947,2026-08-27 13:40:45,en,claim_status,CL8924670,v14,0.9,108,490,contained,
C-20260827-01948,2026-08-27 15:29:50,en,claim_status,CL8053749,v14,0.9,97,400,contained,
C-20260828-01949,2026-08-28 20:59:19,en,renewal_premium,,v15,0.939,40,558,contained,
C-20260828-01950,2026-08-28 09:01:31,en,network_hospital,,v15,0.942,183,547,contained,
C-20260828-01951,2026-08-28 16:13:34,hi,claim_status,CL7932693,v15,0.875,179,583,transferred_human,caller_requested_human
C-20260828-01952,2026-08-28 12:45:49,en,claim_status,CL7290160,v15,0.944,90,407,contained,
C-20260828-01953,2026-08-28 19:28:58,hi,claim_status,CL7395948,v15,0.757,152,484,transferred_human,caller_requested_human
C-20260828-01954,2026-08-28 09:18:31,hi,policy_details,,v15,0.905,116,1655,contained,
C-20260828-01955,2026-08-28 11:54:16,en,renewal_premium,,v15,0.909,173,425,transferred_human,caller_requested_human
C-20260828-01956,2026-08-28 19:12:01,en,claim_status,CL7754308,v15,0.942,179,510,contained,
C-20260828-01957,2026-08-28 10:52:50,en,claim_status,CL7771231,v15,0.857,48,299,contained,
C-20260828-01958,2026-08-28 16:53:29,en,claim_status,CLM-2026-56850,v15,0.863,226,1566,transferred_human,agent_could_not_resolve
C-20260828-01959,2026-08-28 13:39:36,en,network_hospital,,v15,0.901,213,439,transferred_human,agent_could_not_resolve
C-20260828-01960,2026-08-28 15:01:53,en,policy_details,,v15,0.975,76,344,contained,
C-20260828-01961,2026-08-28 14:41:25,en,renewal_premium,,v15,0.98,167,470,contained,
C-20260828-01962,2026-08-28 16:08:36,en,renewal_premium,,v15,0.853,146,513,transferred_human,out_of_scope
C-20260828-01963,2026-08-28 10:29:02,en,claim_status,CLM-2026-77916,v15,0.94,136,1200,transferred_human,agent_could_not_resolve
C-20260828-01964,2026-08-28 15:53:45,en,renewal_premium,,v15,0.908,140,502,abandoned,
C-20260828-01965,2026-08-28 10:30:51,en,policy_details,,v15,0.868,147,253,contained,
C-20260828-01966,2026-08-28 15:44:23,en,renewal_premium,,v15,0.961,155,419,abandoned,
C-20260828-01967,2026-08-28 20:51:23,en,claim_status,CL8217326,v15,0.95,78,472,contained,
C-20260828-01968,2026-08-28 13:02:01,en,renewal_premium,,v15,0.941,193,557,transferred_human,caller_requested_human
C-20260828-01969,2026-08-28 15:13:33,en,renewal_premium,,v15,0.933,123,535,contained,
C-20260828-01970,2026-08-28 19:41:46,hi,claim_status,CLM-2026-30178,v15,0.915,118,1302,transferred_human,agent_could_not_resolve
C-20260828-01971,2026-08-28 19:32:44,hi,network_hospital,,v15,0.888,164,439,contained,
C-20260828-01972,2026-08-28 15:08:43,en,claim_status,CLM-2026-34535,v15,0.928,174,1308,transferred_human,agent_could_not_resolve
C-20260828-01973,2026-08-28 17:02:48,en,network_hospital,,v15,0.861,68,389,contained,
C-20260828-01974,2026-08-28 11:50:35,en,network_hospital,,v15,0.987,60,508,contained,
C-20260828-01975,2026-08-28 18:03:10,hi,claim_status,CL7100535,v15,0.843,170,567,transferred_human,caller_requested_human
C-20260828-01976,2026-08-28 16:30:35,en,network_hospital,,v15,0.958,173,449,contained,
C-20260828-01977,2026-08-28 10:15:30,en,network_hospital,,v15,0.943,203,1518,contained,
C-20260828-01978,2026-08-28 10:39:40,en,claim_status,CL8104247,v15,0.936,112,313,contained,
C-20260828-01979,2026-08-28 16:23:07,en,claim_status,CLM-2026-56775,v15,0.914,196,1092,transferred_human,agent_could_not_resolve
C-20260828-01980,2026-08-28 10:55:30,en,claim_status,CLM-2026-36413,v15,0.872,138,1212,transferred_human,agent_could_not_resolve
C-20260828-01981,2026-08-28 12:09:24,hi,claim_status,CL7367751,v15,0.937,199,307,transferred_human,escalation_policy
C-20260828-01982,2026-08-28 11:03:30,en,policy_details,,v15,0.965,178,403,transferred_human,caller_requested_human
C-20260828-01983,2026-08-28 17:18:51,hi,claim_status,CLM-2026-37254,v15,0.903,143,1503,transferred_human,agent_could_not_resolve
C-20260828-01984,2026-08-28 17:11:53,en,claim_status,CL8434223,v15,0.961,201,507,transferred_human,out_of_scope
C-20260828-01985,2026-08-28 20:28:47,en,renewal_premium,,v15,0.948,147,366,transferred_human,agent_could_not_resolve
C-20260828-01986,2026-08-28 14:40:50,hi,policy_details,,v15,0.869,95,345,contained,
C-20260828-01987,2026-08-28 11:37:46,hi,network_hospital,,v15,0.887,184,313,transferred_human,caller_requested_human
C-20260828-01988,2026-08-28 14:54:39,en,network_hospital,,v15,0.854,97,389,contained,
C-20260828-01989,2026-08-28 12:17:13,en,renewal_premium,,v15,0.99,160,402,transferred_human,caller_requested_human
C-20260828-01990,2026-08-28 17:12:50,en,claim_status,CL7321250,v15,0.914,101,280,contained,
C-20260828-01991,2026-08-28 13:10:22,en,renewal_premium,,v15,0.876,178,401,transferred_human,agent_could_not_resolve
C-20260828-01992,2026-08-28 16:59:19,hi,claim_status,CL8033239,v15,0.857,138,462,contained,
C-20260828-01993,2026-08-28 16:13:17,en,network_hospital,,v15,0.975,88,447,contained,
C-20260828-01994,2026-08-28 09:14:31,en,claim_status,CL7279164,v15,0.904,138,471,contained,
C-20260828-01995,2026-08-28 12:23:19,en,claim_status,CL7581501,v15,0.854,69,480,contained,
C-20260828-01996,2026-08-28 17:46:12,en,claim_status,CLM-2026-31794,v15,0.99,168,1614,transferred_human,agent_could_not_resolve
C-20260828-01997,2026-08-28 18:46:21,en,renewal_premium,,v15,0.933,133,613,contained,
C-20260828-01998,2026-08-28 10:16:12,hi,renewal_premium,,v15,0.958,189,412,transferred_human,caller_requested_human
C-20260828-01999,2026-08-28 13:03:28,en,policy_details,,v15,0.99,85,274,transferred_human,caller_requested_human
C-20260828-02000,2026-08-28 19:06:53,hi,renewal_premium,,v15,0.827,149,511,transferred_human,out_of_scope
C-20260828-02001,2026-08-28 17:04:22,en,renewal_premium,,v15,0.886,118,376,contained,
C-20260828-02002,2026-08-28 10:18:33,en,network_hospital,,v15,0.915,121,363,contained,
C-20260828-02003,2026-08-28 16:51:11,en,network_hospital,,v15,0.962,120,334,contained,
C-20260828-02004,2026-08-28 16:27:38,en,renewal_premium,,v15,0.987,168,303,abandoned,
C-20260828-02005,2026-08-28 10:35:44,en,network_hospital,,v15,0.889,90,568,contained,
C-20260828-02006,2026-08-28 17:27:56,en,policy_details,,v15,0.896,198,336,contained,
C-20260828-02007,2026-08-28 13:49:03,en,network_hospital,,v15,0.974,123,537,contained,
C-20260828-02008,2026-08-28 15:41:09,en,renewal_premium,,v15,0.966,175,536,contained,
C-20260828-02009,2026-08-28 10:42:52,en,policy_details,,v15,0.99,126,385,contained,
C-20260828-02010,2026-08-28 16:38:37,hi,claim_status,CL8843046,v15,0.837,123,528,contained,
C-20260828-02011,2026-08-28 11:23:38,en,policy_details,,v15,0.863,218,458,transferred_human,agent_could_not_resolve
C-20260828-02012,2026-08-28 16:40:25,en,renewal_premium,,v15,0.969,62,420,contained,
C-20260828-02013,2026-08-28 11:15:55,en,claim_status,CL8147386,v15,0.916,209,462,abandoned,
C-20260828-02014,2026-08-28 15:55:12,en,claim_status,CL7168742,v15,0.816,80,458,contained,
C-20260828-02015,2026-08-28 16:31:46,en,policy_details,,v15,0.99,142,358,contained,
C-20260828-02016,2026-08-28 11:24:53,en,renewal_premium,,v15,0.953,144,595,transferred_human,out_of_scope
C-20260828-02017,2026-08-28 14:27:20,en,policy_details,,v15,0.981,122,393,contained,
C-20260828-02018,2026-08-28 16:24:47,en,network_hospital,,v15,0.955,150,606,contained,
C-20260828-02019,2026-08-28 17:16:33,en,network_hospital,,v15,0.979,163,455,contained,
C-20260828-02020,2026-08-28 13:40:58,en,network_hospital,,v15,0.972,161,455,transferred_human,agent_could_not_resolve
C-20260828-02021,2026-08-28 12:02:35,en,policy_details,,v15,0.937,70,499,contained,
C-20260828-02022,2026-08-28 10:36:52,hi,claim_status,CL8620413,v15,0.908,56,448,contained,
C-20260828-02023,2026-08-28 14:31:13,hi,policy_details,,v15,0.818,124,1554,transferred_human,agent_could_not_resolve
C-20260828-02024,2026-08-28 11:34:27,en,network_hospital,,v15,0.96,77,440,contained,
C-20260828-02025,2026-08-28 09:52:12,en,network_hospital,,v15,0.915,143,442,transferred_human,caller_requested_human
C-20260828-02026,2026-08-28 14:47:11,en,renewal_premium,,v15,0.89,181,503,transferred_human,agent_could_not_resolve
C-20260828-02027,2026-08-28 10:32:44,en,claim_status,CL8698843,v15,0.99,127,356,transferred_human,agent_could_not_resolve
C-20260828-02028,2026-08-28 20:48:23,hi,claim_status,CL7000137,v15,0.838,134,510,transferred_human,escalation_policy
C-20260828-02029,2026-08-28 14:12:27,hi,network_hospital,,v15,0.907,63,475,contained,
C-20260828-02030,2026-08-28 16:00:03,hi,network_hospital,,v15,0.843,110,499,contained,
C-20260828-02031,2026-08-28 14:55:15,en,claim_status,CLM-2026-61990,v15,0.885,165,1407,transferred_human,agent_could_not_resolve
C-20260828-02032,2026-08-28 15:11:22,en,policy_details,,v15,0.871,157,496,transferred_human,agent_could_not_resolve
C-20260828-02033,2026-08-28 11:21:30,en,network_hospital,,v15,0.99,119,535,transferred_human,caller_requested_human
C-20260828-02034,2026-08-28 18:09:31,en,network_hospital,,v15,0.857,152,446,contained,
C-20260828-02035,2026-08-28 15:22:18,en,claim_status,CLM-2026-60407,v15,0.938,209,1464,transferred_human,agent_could_not_resolve
C-20260828-02036,2026-08-28 16:20:27,en,network_hospital,,v15,0.965,61,395,contained,
C-20260828-02037,2026-08-28 20:13:42,en,network_hospital,,v15,0.972,134,438,contained,
C-20260828-02038,2026-08-28 12:11:25,hi,policy_details,,v15,0.816,53,401,transferred_human,agent_could_not_resolve
C-20260828-02039,2026-08-28 17:56:21,en,network_hospital,,v15,0.911,137,357,transferred_human,escalation_policy
C-20260828-02040,2026-08-28 11:31:58,en,claim_status,CLM-2026-98203,v15,0.924,219,1512,transferred_human,agent_could_not_resolve
C-20260828-02041,2026-08-28 12:00:43,en,claim_status,CL8349062,v15,0.99,88,510,contained,
C-20260828-02042,2026-08-28 11:28:49,en,renewal_premium,,v15,0.939,185,470,transferred_human,out_of_scope
C-20260828-02043,2026-08-28 16:16:26,hi,renewal_premium,,v15,0.892,146,435,transferred_human,out_of_scope
C-20260828-02044,2026-08-28 13:57:36,en,claim_status,CL8901746,v15,0.895,217,378,transferred_human,agent_could_not_resolve
C-20260828-02045,2026-08-28 17:32:06,en,renewal_premium,,v15,0.974,184,465,contained,
C-20260828-02046,2026-08-28 17:52:09,hi,claim_status,CLM-2026-58903,v15,0.99,96,1338,transferred_human,agent_could_not_resolve
C-20260828-02047,2026-08-28 12:06:57,en,claim_status,CLM-2026-40977,v15,0.891,216,1143,transferred_human,agent_could_not_resolve
C-20260828-02048,2026-08-28 17:36:50,hi,policy_details,,v15,0.889,116,583,contained,
C-20260828-02049,2026-08-28 10:35:34,hi,claim_status,CL8627553,v15,0.962,35,358,contained,
C-20260828-02050,2026-08-28 10:47:15,en,renewal_premium,,v15,0.967,131,552,contained,
C-20260828-02051,2026-08-28 11:53:23,hi,renewal_premium,,v15,0.873,33,332,contained,
C-20260828-02052,2026-08-28 16:12:38,en,claim_status,CLM-2026-39104,v15,0.922,165,1122,transferred_human,agent_could_not_resolve
C-20260828-02053,2026-08-28 10:22:17,en,claim_status,CL7487642,v15,0.94,57,457,contained,
C-20260828-02054,2026-08-28 15:44:33,en,claim_status,CL8853859,v15,0.85,80,512,contained,
C-20260828-02055,2026-08-28 12:28:22,en,claim_status,CLM-2026-66330,v15,0.942,160,1488,transferred_human,agent_could_not_resolve
C-20260828-02056,2026-08-28 10:39:40,en,policy_details,,v15,0.873,126,417,transferred_human,caller_requested_human
C-20260828-02057,2026-08-28 16:57:41,en,renewal_premium,,v15,0.915,86,380,contained,
C-20260828-02058,2026-08-28 18:42:31,en,claim_status,CL7556756,v15,0.965,84,555,contained,
C-20260828-02059,2026-08-28 12:49:06,en,claim_status,CLM-2026-82848,v15,0.928,250,1467,transferred_human,agent_could_not_resolve
C-20260828-02060,2026-08-28 12:51:01,en,policy_details,,v15,0.881,179,443,transferred_human,caller_requested_human
C-20260828-02061,2026-08-28 18:15:10,en,claim_status,CL7973148,v15,0.909,131,373,contained,
C-20260828-02062,2026-08-28 13:57:48,hi,claim_status,CL7350780,v15,0.952,121,310,contained,
C-20260828-02063,2026-08-28 19:36:45,en,claim_status,CLM-2026-33620,v15,0.965,101,1200,transferred_human,agent_could_not_resolve
C-20260828-02064,2026-08-28 10:10:40,en,network_hospital,,v15,0.874,116,573,contained,
C-20260828-02065,2026-08-28 09:16:43,en,renewal_premium,,v15,0.89,115,481,contained,
C-20260828-02066,2026-08-28 12:32:07,en,claim_status,CLM-2026-10587,v15,0.904,140,1278,transferred_human,agent_could_not_resolve
C-20260828-02067,2026-08-28 14:22:38,en,claim_status,CL8425381,v15,0.91,125,616,transferred_human,agent_could_not_resolve
C-20260828-02068,2026-08-28 14:48:10,en,claim_status,CLM-2026-98593,v15,0.934,146,789,transferred_human,agent_could_not_resolve
C-20260828-02069,2026-08-28 20:43:22,en,claim_status,CL8806640,v15,0.858,127,276,contained,
C-20260828-02070,2026-08-28 15:30:08,en,claim_status,CLM-2026-50304,v15,0.873,104,1788,transferred_human,agent_could_not_resolve
C-20260828-02071,2026-08-28 15:37:20,en,claim_status,CL7249844,v15,0.906,139,291,contained,
C-20260828-02072,2026-08-28 15:19:07,en,network_hospital,,v15,0.961,172,495,transferred_human,agent_could_not_resolve
C-20260828-02073,2026-08-28 11:46:32,en,network_hospital,,v15,0.898,93,588,transferred_human,caller_requested_human
C-20260828-02074,2026-08-28 15:56:14,en,renewal_premium,,v15,0.843,114,520,transferred_human,out_of_scope
C-20260828-02075,2026-08-28 16:49:09,hi,claim_status,CLM-2026-11944,v15,0.86,156,939,transferred_human,agent_could_not_resolve
C-20260828-02076,2026-08-28 20:23:47,en,network_hospital,,v15,0.921,139,564,contained,
C-20260828-02077,2026-08-28 17:22:03,hi,policy_details,,v15,0.857,80,461,contained,
C-20260828-02078,2026-08-28 12:16:35,en,network_hospital,,v15,0.866,95,362,contained,
C-20260828-02079,2026-08-28 19:18:31,en,policy_details,,v15,0.936,123,391,contained,
C-20260828-02080,2026-08-28 16:38:11,en,policy_details,,v15,0.94,174,251,abandoned,
C-20260828-02081,2026-08-28 12:03:56,en,claim_status,CL8590696,v15,0.886,62,303,contained,
C-20260828-02082,2026-08-28 11:45:08,en,claim_status,CLM-2026-35052,v15,0.99,148,1374,transferred_human,agent_could_not_resolve
C-20260828-02083,2026-08-28 16:34:25,en,renewal_premium,,v15,0.936,132,488,contained,
C-20260828-02084,2026-08-28 15:00:50,en,network_hospital,,v15,0.943,156,516,transferred_human,out_of_scope
C-20260828-02085,2026-08-28 15:30:27,en,claim_status,CL7085444,v15,0.843,98,383,transferred_human,agent_could_not_resolve
C-20260828-02086,2026-08-28 10:33:10,hi,renewal_premium,,v15,0.873,116,444,transferred_human,agent_could_not_resolve
C-20260828-02087,2026-08-28 14:46:46,hi,claim_status,CL8278200,v15,0.867,142,446,contained,
C-20260828-02088,2026-08-28 18:17:50,en,renewal_premium,,v15,0.84,130,410,transferred_human,caller_requested_human
C-20260828-02089,2026-08-28 20:04:18,en,renewal_premium,,v15,0.917,48,602,contained,
C-20260828-02090,2026-08-28 10:56:41,en,network_hospital,,v15,0.895,145,445,transferred_human,escalation_policy
C-20260828-02091,2026-08-28 12:53:15,en,claim_status,CL8533643,v15,0.955,120,538,contained,
C-20260828-02092,2026-08-28 18:47:04,en,claim_status,CL7443836,v15,0.947,147,502,contained,
C-20260828-02093,2026-08-28 13:39:52,hi,claim_status,CLM-2026-29428,v15,0.842,163,1245,abandoned,
C-20260828-02094,2026-08-28 19:17:14,en,claim_status,CLM-2026-35625,v15,0.956,159,900,transferred_human,agent_could_not_resolve
C-20260828-02095,2026-08-28 14:33:38,en,claim_status,CL8985520,v15,0.933,142,205,contained,
C-20260828-02096,2026-08-28 12:00:54,en,claim_status,CLM-2026-95038,v15,0.925,132,1557,transferred_human,agent_could_not_resolve
C-20260828-02097,2026-08-28 20:15:17,en,renewal_premium,,v15,0.95,93,361,contained,
C-20260828-02098,2026-08-28 16:03:08,en,network_hospital,,v15,0.865,62,394,contained,
C-20260828-02099,2026-08-28 17:57:00,en,network_hospital,,v15,0.916,142,394,contained,
C-20260828-02100,2026-08-28 13:09:33,en,network_hospital,,v15,0.861,87,631,contained,
C-20260828-02101,2026-08-28 18:58:09,en,claim_status,CLM-2026-11004,v15,0.923,186,891,transferred_human,agent_could_not_resolve
C-20260828-02102,2026-08-28 19:16:04,en,policy_details,,v15,0.881,93,562,transferred_human,escalation_policy
C-20260828-02103,2026-08-28 13:33:29,en,claim_status,CLM-2026-45177,v15,0.977,231,1560,transferred_human,agent_could_not_resolve
C-20260828-02104,2026-08-28 10:37:32,en,claim_status,CLM-2026-15804,v15,0.919,152,1293,transferred_human,agent_could_not_resolve
C-20260828-02105,2026-08-28 14:35:26,en,claim_status,CL8939603,v15,0.951,99,488,contained,
C-20260828-02106,2026-08-28 14:58:59,en,policy_details,,v15,0.95,126,536,contained,
C-20260828-02107,2026-08-28 17:20:30,en,renewal_premium,,v15,0.975,93,567,contained,
C-20260828-02108,2026-08-28 16:14:01,en,network_hospital,,v15,0.876,149,350,contained,
C-20260828-02109,2026-08-28 10:46:52,en,network_hospital,,v15,0.914,202,391,transferred_human,caller_requested_human
C-20260828-02110,2026-08-28 17:53:49,hi,network_hospital,,v15,0.887,104,553,contained,
C-20260828-02111,2026-08-28 13:05:49,en,renewal_premium,,v15,0.87,192,347,transferred_human,escalation_policy
C-20260828-02112,2026-08-28 20:37:43,en,claim_status,CL8086349,v15,0.927,110,592,transferred_human,caller_requested_human
C-20260828-02113,2026-08-28 14:56:08,en,claim_status,CL7003704,v15,0.88,139,509,contained,
C-20260828-02114,2026-08-28 13:01:20,hi,claim_status,CL7010099,v15,0.816,78,347,contained,
C-20260828-02115,2026-08-28 15:24:30,en,renewal_premium,,v15,0.93,229,392,contained,
C-20260828-02116,2026-08-28 13:13:44,en,renewal_premium,,v15,0.857,93,388,transferred_human,out_of_scope
C-20260828-02117,2026-08-28 12:54:06,en,renewal_premium,,v15,0.959,262,351,transferred_human,out_of_scope
C-20260828-02118,2026-08-28 14:42:35,en,network_hospital,,v15,0.883,159,470,contained,
C-20260828-02119,2026-08-28 16:35:33,en,claim_status,CL7331174,v15,0.889,85,521,contained,
C-20260828-02120,2026-08-28 17:59:47,en,claim_status,CL8168393,v15,0.979,184,440,transferred_human,caller_requested_human
C-20260828-02121,2026-08-28 16:12:31,en,network_hospital,,v15,0.943,111,423,contained,
C-20260828-02122,2026-08-28 18:18:11,en,policy_details,,v15,0.941,136,355,contained,
C-20260828-02123,2026-08-28 10:07:58,en,renewal_premium,,v15,0.891,202,449,transferred_human,escalation_policy
C-20260828-02124,2026-08-28 18:26:47,en,claim_status,CL7988390,v15,0.848,106,401,contained,
C-20260828-02125,2026-08-28 19:51:47,hi,renewal_premium,,v15,0.875,162,386,transferred_human,out_of_scope
C-20260828-02126,2026-08-28 12:29:18,en,claim_status,CL8487167,v15,0.908,145,315,contained,
C-20260828-02127,2026-08-28 14:03:18,en,claim_status,CL8959023,v15,0.918,91,380,contained,
C-20260828-02128,2026-08-28 14:06:43,hi,claim_status,CLM-2026-91078,v15,0.84,120,1473,transferred_human,agent_could_not_resolve
C-20260828-02129,2026-08-28 11:24:20,en,network_hospital,,v15,0.943,112,524,contained,
C-20260828-02130,2026-08-28 13:04:10,en,renewal_premium,,v15,0.935,118,370,contained,
C-20260828-02131,2026-08-28 17:20:55,en,policy_details,,v15,0.97,223,540,transferred_human,out_of_scope
C-20260828-02132,2026-08-28 11:08:25,en,claim_status,CL7977789,v15,0.877,119,396,contained,
C-20260828-02133,2026-08-28 15:38:59,hi,policy_details,,v15,0.874,189,417,transferred_human,caller_requested_human
C-20260828-02134,2026-08-28 09:42:33,hi,claim_status,CLM-2026-14004,v15,0.794,198,1266,transferred_human,agent_could_not_resolve
C-20260828-02135,2026-08-28 13:18:59,hi,claim_status,CL7315485,v15,0.97,171,478,contained,
C-20260828-02136,2026-08-28 10:01:07,en,renewal_premium,,v15,0.99,55,357,contained,
C-20260828-02137,2026-08-28 09:04:22,en,network_hospital,,v15,0.831,85,405,contained,
C-20260828-02138,2026-08-28 19:29:51,en,renewal_premium,,v15,0.868,96,332,transferred_human,out_of_scope
C-20260828-02139,2026-08-28 10:54:57,en,claim_status,CLM-2026-88959,v15,0.902,225,1257,transferred_human,agent_could_not_resolve
C-20260828-02140,2026-08-28 16:19:48,en,network_hospital,,v15,0.983,197,560,transferred_human,out_of_scope
C-20260828-02141,2026-08-28 10:14:19,en,network_hospital,,v15,0.876,57,452,contained,
C-20260828-02142,2026-08-28 16:56:38,hi,network_hospital,,v15,0.903,67,298,contained,
C-20260828-02143,2026-08-28 18:29:51,en,renewal_premium,,v15,0.87,252,294,transferred_human,caller_requested_human
C-20260828-02144,2026-08-28 17:21:33,en,claim_status,CLM-2026-21901,v15,0.918,108,1314,transferred_human,agent_could_not_resolve
C-20260828-02145,2026-08-28 13:56:23,hi,claim_status,CL7033015,v15,0.87,155,511,contained,
C-20260828-02146,2026-08-28 14:00:08,en,renewal_premium,,v15,0.897,125,447,contained,
C-20260828-02147,2026-08-28 15:09:56,en,network_hospital,,v15,0.99,151,264,contained,
C-20260828-02148,2026-08-28 10:17:03,en,network_hospital,,v15,0.872,96,476,contained,
C-20260828-02149,2026-08-28 09:42:26,en,renewal_premium,,v15,0.865,141,350,transferred_human,caller_requested_human
C-20260829-02150,2026-08-29 09:22:32,en,claim_status,CLM-2026-27626,v15,0.876,128,1368,transferred_human,agent_could_not_resolve
C-20260829-02151,2026-08-29 12:12:00,en,network_hospital,,v15,0.939,142,568,transferred_human,out_of_scope
C-20260829-02152,2026-08-29 10:49:54,en,renewal_premium,,v15,0.898,149,359,contained,
C-20260829-02153,2026-08-29 12:04:04,en,renewal_premium,,v15,0.868,115,470,contained,
C-20260829-02154,2026-08-29 19:50:15,en,claim_status,CL8202938,v15,0.974,159,368,contained,
C-20260829-02155,2026-08-29 11:05:57,en,policy_details,,v15,0.909,104,341,contained,
C-20260829-02156,2026-08-29 13:44:02,en,network_hospital,,v15,0.903,184,584,transferred_human,agent_could_not_resolve
C-20260829-02157,2026-08-29 09:52:43,en,renewal_premium,,v15,0.863,69,602,contained,
C-20260829-02158,2026-08-29 13:36:33,en,renewal_premium,,v15,0.904,94,573,contained,
C-20260829-02159,2026-08-29 16:05:07,en,network_hospital,,v15,0.957,74,400,contained,
C-20260829-02160,2026-08-29 13:59:06,hi,policy_details,,v15,0.936,193,514,contained,
C-20260829-02161,2026-08-29 11:30:39,en,claim_status,CLM-2026-83685,v15,0.99,188,1479,transferred_human,agent_could_not_resolve
C-20260829-02162,2026-08-29 12:54:37,en,claim_status,CL7073428,v15,0.985,45,505,contained,
C-20260829-02163,2026-08-29 19:31:55,en,claim_status,CLM-2026-79316,v15,0.902,134,1086,transferred_human,agent_could_not_resolve
C-20260829-02164,2026-08-29 13:05:25,en,renewal_premium,,v15,0.929,72,400,contained,
C-20260829-02165,2026-08-29 14:36:03,en,claim_status,CL7428571,v15,0.99,205,523,transferred_human,caller_requested_human
C-20260829-02166,2026-08-29 16:25:08,en,claim_status,CLM-2026-31862,v15,0.83,155,1062,transferred_human,agent_could_not_resolve
C-20260829-02167,2026-08-29 18:41:10,hi,network_hospital,,v15,0.782,169,356,transferred_human,escalation_policy
C-20260829-02168,2026-08-29 10:11:45,hi,network_hospital,,v15,0.915,183,315,transferred_human,caller_requested_human
C-20260829-02169,2026-08-29 10:26:01,en,claim_status,CL7694254,v15,0.831,40,411,contained,
C-20260829-02170,2026-08-29 16:09:29,en,network_hospital,,v15,0.918,122,486,contained,
C-20260829-02171,2026-08-29 12:12:25,hi,network_hospital,,v15,0.89,215,483,transferred_human,out_of_scope
C-20260829-02172,2026-08-29 15:33:44,en,claim_status,CL7757170,v15,0.869,109,482,contained,
C-20260829-02173,2026-08-29 15:01:49,en,network_hospital,,v15,0.937,199,411,transferred_human,out_of_scope
C-20260829-02174,2026-08-29 11:43:52,en,network_hospital,,v15,0.87,123,507,contained,
C-20260829-02175,2026-08-29 09:52:30,en,policy_details,,v15,0.933,101,608,contained,
C-20260829-02176,2026-08-29 17:33:57,en,claim_status,CLM-2026-17932,v15,0.965,157,1671,transferred_human,agent_could_not_resolve
C-20260829-02177,2026-08-29 18:50:24,en,claim_status,CL8624202,v15,0.892,144,385,contained,
C-20260829-02178,2026-08-29 20:40:41,hi,network_hospital,,v15,0.903,175,349,contained,
C-20260829-02179,2026-08-29 14:28:58,en,renewal_premium,,v15,0.887,103,425,contained,
C-20260829-02180,2026-08-29 11:33:32,hi,claim_status,CL8102904,v15,0.849,195,434,contained,
C-20260829-02181,2026-08-29 11:04:05,en,claim_status,CL8142914,v15,0.943,134,486,contained,
C-20260829-02182,2026-08-29 17:30:33,en,claim_status,CLM-2026-22327,v15,0.939,155,1467,transferred_human,agent_could_not_resolve
C-20260829-02183,2026-08-29 14:15:43,en,policy_details,,v15,0.908,126,470,transferred_human,agent_could_not_resolve
C-20260829-02184,2026-08-29 14:44:26,en,claim_status,CLM-2026-57994,v15,0.89,167,1497,transferred_human,agent_could_not_resolve
C-20260829-02185,2026-08-29 12:58:26,en,claim_status,CLM-2026-21774,v15,0.94,181,1254,transferred_human,agent_could_not_resolve
C-20260829-02186,2026-08-29 20:40:09,hi,claim_status,CL7343118,v15,0.841,175,572,transferred_human,caller_requested_human
C-20260829-02187,2026-08-29 18:24:54,en,claim_status,CL8520372,v15,0.913,159,431,contained,
C-20260829-02188,2026-08-29 18:03:22,en,claim_status,CL8002404,v15,0.907,79,468,contained,
C-20260829-02189,2026-08-29 11:32:43,en,policy_details,,v15,0.973,115,261,contained,
C-20260829-02190,2026-08-29 18:49:03,en,renewal_premium,,v15,0.949,118,465,transferred_human,agent_could_not_resolve
C-20260829-02191,2026-08-29 13:54:09,hi,renewal_premium,,v15,0.867,104,600,contained,
C-20260829-02192,2026-08-29 11:53:36,en,renewal_premium,,v15,0.868,146,445,abandoned,
C-20260829-02193,2026-08-29 13:35:19,hi,claim_status,CLM-2026-52006,v15,0.836,106,1410,transferred_human,agent_could_not_resolve
C-20260829-02194,2026-08-29 15:10:22,en,claim_status,CL7904337,v15,0.97,116,426,contained,
C-20260829-02195,2026-08-29 12:41:23,en,claim_status,CL7182477,v15,0.935,235,481,transferred_human,escalation_policy
C-20260829-02196,2026-08-29 18:42:42,en,network_hospital,,v15,0.857,118,416,transferred_human,caller_requested_human
C-20260829-02197,2026-08-29 09:45:15,en,claim_status,CL7736627,v15,0.947,96,438,transferred_human,caller_requested_human
C-20260829-02198,2026-08-29 10:58:15,hi,claim_status,CLM-2026-81101,v15,0.868,164,1506,transferred_human,agent_could_not_resolve
C-20260829-02199,2026-08-29 12:39:49,en,network_hospital,,v15,0.942,77,404,contained,
C-20260829-02200,2026-08-29 20:25:46,en,network_hospital,,v15,0.99,87,521,contained,
C-20260829-02201,2026-08-29 09:59:52,en,claim_status,CLM-2026-51226,v15,0.886,122,1242,transferred_human,agent_could_not_resolve
C-20260829-02202,2026-08-29 18:27:15,en,claim_status,CL8569240,v15,0.914,99,548,contained,
C-20260829-02203,2026-08-29 16:31:00,en,policy_details,,v15,0.99,150,234,contained,
C-20260829-02204,2026-08-29 12:29:40,hi,claim_status,CL8697929,v15,0.85,98,538,contained,
C-20260829-02205,2026-08-29 12:07:12,en,claim_status,CLM-2026-59609,v15,0.913,122,1242,transferred_human,agent_could_not_resolve
C-20260829-02206,2026-08-29 13:48:10,en,network_hospital,,v15,0.98,162,359,contained,
C-20260829-02207,2026-08-29 12:55:57,en,claim_status,CL7859328,v15,0.937,140,523,contained,
C-20260829-02208,2026-08-29 16:51:13,en,claim_status,CLM-2026-69695,v15,0.928,142,1122,transferred_human,agent_could_not_resolve
C-20260829-02209,2026-08-29 19:45:26,en,renewal_premium,,v15,0.9,94,463,transferred_human,out_of_scope
C-20260829-02210,2026-08-29 09:51:51,en,policy_details,,v15,0.899,38,299,contained,
C-20260829-02211,2026-08-29 16:38:13,en,network_hospital,,v15,0.872,194,549,transferred_human,escalation_policy
C-20260829-02212,2026-08-29 16:24:56,en,renewal_premium,,v15,0.905,45,515,contained,
C-20260829-02213,2026-08-29 18:00:38,hi,claim_status,CL8008154,v15,0.811,157,324,transferred_human,out_of_scope
C-20260829-02214,2026-08-29 17:58:59,en,claim_status,CL7035439,v15,0.891,176,394,contained,
C-20260829-02215,2026-08-29 13:36:35,en,claim_status,CLM-2026-71926,v15,0.955,80,921,transferred_human,agent_could_not_resolve
C-20260829-02216,2026-08-29 16:40:30,en,network_hospital,,v15,0.87,72,473,contained,
C-20260829-02217,2026-08-29 18:50:42,en,renewal_premium,,v15,0.97,89,384,contained,
C-20260829-02218,2026-08-29 17:03:25,en,claim_status,CL7675378,v15,0.897,112,281,contained,
C-20260829-02219,2026-08-29 09:21:56,en,renewal_premium,,v15,0.938,142,451,transferred_human,escalation_policy
C-20260829-02220,2026-08-29 17:58:41,en,policy_details,,v15,0.99,154,419,contained,
C-20260829-02221,2026-08-29 13:20:15,hi,claim_status,CL7340009,v15,0.926,64,326,contained,
C-20260829-02222,2026-08-29 16:50:58,en,renewal_premium,,v15,0.88,143,377,contained,
C-20260829-02223,2026-08-29 12:58:47,en,claim_status,CLM-2026-89850,v15,0.897,132,1455,transferred_human,agent_could_not_resolve
C-20260829-02224,2026-08-29 13:39:31,en,renewal_premium,,v15,0.933,148,464,contained,
C-20260829-02225,2026-08-29 15:11:18,en,claim_status,CLM-2026-70288,v15,0.949,92,1401,transferred_human,agent_could_not_resolve
C-20260829-02226,2026-08-29 17:19:03,en,renewal_premium,,v15,0.976,92,372,contained,
C-20260829-02227,2026-08-29 17:01:19,en,network_hospital,,v15,0.951,170,613,transferred_human,escalation_policy
C-20260829-02228,2026-08-29 10:47:09,en,network_hospital,,v15,0.906,171,436,transferred_human,caller_requested_human
C-20260829-02229,2026-08-29 17:42:00,en,claim_status,CL7256760,v15,0.902,161,355,transferred_human,escalation_policy
C-20260829-02230,2026-08-29 14:00:34,hi,claim_status,CL8032828,v15,0.849,189,509,contained,
C-20260829-02231,2026-08-29 11:48:59,en,claim_status,CL7566002,v15,0.99,119,449,contained,
C-20260829-02232,2026-08-29 13:51:02,hi,claim_status,CL8758793,v15,0.963,202,375,transferred_human,agent_could_not_resolve
C-20260829-02233,2026-08-29 13:37:51,hi,renewal_premium,,v15,0.949,122,427,transferred_human,agent_could_not_resolve
C-20260829-02234,2026-08-29 14:21:56,en,claim_status,CLM-2026-49783,v15,0.956,145,930,transferred_human,agent_could_not_resolve
C-20260829-02235,2026-08-29 15:58:24,en,network_hospital,,v15,0.895,137,521,transferred_human,escalation_policy
C-20260829-02236,2026-08-29 13:27:38,en,renewal_premium,,v15,0.979,146,367,contained,
C-20260829-02237,2026-08-29 12:52:13,hi,network_hospital,,v15,0.903,189,370,transferred_human,agent_could_not_resolve
C-20260829-02238,2026-08-29 09:18:37,hi,claim_status,CL8285621,v15,0.875,113,537,contained,
C-20260829-02239,2026-08-29 12:29:06,en,policy_details,,v15,0.947,216,1426,transferred_human,out_of_scope
C-20260829-02240,2026-08-29 18:07:46,en,claim_status,CL7617315,v15,0.935,218,452,transferred_human,escalation_policy
C-20260829-02241,2026-08-29 20:21:57,en,claim_status,CL8194014,v15,0.817,201,467,transferred_human,caller_requested_human
C-20260829-02242,2026-08-29 13:06:31,en,policy_details,,v15,0.915,201,475,transferred_human,out_of_scope
C-20260829-02243,2026-08-29 19:55:56,en,network_hospital,,v15,0.96,191,431,contained,
C-20260829-02244,2026-08-29 12:41:30,hi,policy_details,,v15,0.878,100,388,transferred_human,agent_could_not_resolve
C-20260829-02245,2026-08-29 17:42:27,en,claim_status,CLM-2026-34180,v15,0.963,109,1821,transferred_human,agent_could_not_resolve
C-20260829-02246,2026-08-29 10:35:54,hi,claim_status,CLM-2026-95854,v15,0.812,155,1095,transferred_human,agent_could_not_resolve
C-20260829-02247,2026-08-29 12:07:40,en,claim_status,CLM-2026-38289,v15,0.89,183,1308,transferred_human,agent_could_not_resolve
C-20260829-02248,2026-08-29 15:42:36,en,network_hospital,,v15,0.931,84,598,contained,
C-20260829-02249,2026-08-29 16:12:05,en,policy_details,,v15,0.952,111,508,contained,
C-20260829-02250,2026-08-29 12:49:35,en,network_hospital,,v15,0.99,156,417,transferred_human,out_of_scope
C-20260829-02251,2026-08-29 17:32:55,en,claim_status,CLM-2026-87240,v15,0.917,253,900,transferred_human,agent_could_not_resolve
C-20260829-02252,2026-08-29 19:44:52,en,renewal_premium,,v15,0.925,153,546,contained,
C-20260829-02253,2026-08-29 10:38:34,en,claim_status,CL8681311,v15,0.914,205,409,contained,
C-20260829-02254,2026-08-29 20:35:52,hi,policy_details,,v15,0.929,124,393,transferred_human,caller_requested_human
C-20260829-02255,2026-08-29 19:12:15,en,network_hospital,,v15,0.88,129,372,transferred_human,escalation_policy
C-20260829-02256,2026-08-29 12:43:42,en,network_hospital,,v15,0.898,57,398,contained,
C-20260829-02257,2026-08-29 10:45:18,en,policy_details,,v15,0.872,86,204,contained,
C-20260829-02258,2026-08-29 16:09:39,hi,claim_status,CL8879200,v15,0.932,59,421,contained,
C-20260829-02259,2026-08-29 10:57:55,en,network_hospital,,v15,0.916,197,558,transferred_human,agent_could_not_resolve
C-20260829-02260,2026-08-29 10:09:24,en,renewal_premium,,v15,0.872,133,317,contained,
C-20260829-02261,2026-08-29 17:56:42,hi,renewal_premium,,v15,0.903,92,334,contained,
C-20260829-02262,2026-08-29 14:24:45,en,network_hospital,,v15,0.929,115,410,transferred_human,escalation_policy
C-20260829-02263,2026-08-29 10:10:02,hi,claim_status,CL7639921,v15,0.863,122,475,contained,
C-20260829-02264,2026-08-29 12:13:43,en,renewal_premium,,v15,0.903,47,526,contained,
C-20260829-02265,2026-08-29 16:02:53,hi,renewal_premium,,v15,0.896,185,435,transferred_human,out_of_scope
C-20260829-02266,2026-08-29 19:41:15,en,policy_details,,v15,0.945,140,347,transferred_human,agent_could_not_resolve
C-20260829-02267,2026-08-29 18:49:54,en,renewal_premium,,v15,0.895,57,434,contained,
C-20260829-02268,2026-08-29 19:19:49,en,policy_details,,v15,0.926,173,313,transferred_human,out_of_scope
C-20260829-02269,2026-08-29 16:03:09,hi,claim_status,CLM-2026-63494,v15,0.875,127,1263,transferred_human,agent_could_not_resolve
C-20260829-02270,2026-08-29 13:33:17,en,renewal_premium,,v15,0.938,87,475,contained,
C-20260829-02271,2026-08-29 12:07:07,en,policy_details,,v15,0.861,104,415,contained,
C-20260829-02272,2026-08-29 09:17:57,en,claim_status,CL7340461,v15,0.986,106,465,contained,
C-20260829-02273,2026-08-29 15:20:27,en,claim_status,CL8713085,v15,0.95,113,535,transferred_human,agent_could_not_resolve
C-20260829-02274,2026-08-29 09:29:20,hi,policy_details,,v15,0.874,194,471,transferred_human,out_of_scope
C-20260829-02275,2026-08-29 20:38:43,en,claim_status,CLM-2026-15757,v15,0.896,70,1194,transferred_human,agent_could_not_resolve
C-20260829-02276,2026-08-29 13:27:10,en,policy_details,,v15,0.96,70,377,contained,
C-20260829-02277,2026-08-29 17:20:22,en,policy_details,,v15,0.979,71,368,contained,
C-20260829-02278,2026-08-29 12:46:43,en,renewal_premium,,v15,0.927,105,309,transferred_human,agent_could_not_resolve
C-20260829-02279,2026-08-29 12:37:38,en,claim_status,CLM-2026-24538,v15,0.959,141,1233,transferred_human,agent_could_not_resolve
C-20260829-02280,2026-08-29 15:57:03,en,network_hospital,,v15,0.895,37,582,contained,
C-20260829-02281,2026-08-29 17:04:14,en,claim_status,CL7837736,v15,0.843,170,289,transferred_human,agent_could_not_resolve
C-20260829-02282,2026-08-29 17:44:50,en,policy_details,,v15,0.99,111,484,transferred_human,caller_requested_human
C-20260829-02283,2026-08-29 12:01:42,en,claim_status,CL7825128,v15,0.99,184,336,contained,
C-20260829-02284,2026-08-29 18:32:51,en,network_hospital,,v15,0.946,46,404,contained,
C-20260829-02285,2026-08-29 13:55:15,en,network_hospital,,v15,0.92,144,277,contained,
C-20260829-02286,2026-08-29 14:24:53,hi,network_hospital,,v15,0.79,102,467,contained,
C-20260829-02287,2026-08-29 12:47:49,en,claim_status,CL8347328,v15,0.881,144,359,abandoned,
C-20260829-02288,2026-08-29 12:31:36,en,claim_status,CL7309163,v15,0.928,142,525,transferred_human,out_of_scope
C-20260829-02289,2026-08-29 16:15:25,en,network_hospital,,v15,0.895,90,212,contained,
C-20260829-02290,2026-08-29 15:20:49,en,network_hospital,,v15,0.967,70,371,contained,
C-20260829-02291,2026-08-29 12:35:47,en,policy_details,,v15,0.99,127,455,contained,
C-20260829-02292,2026-08-29 19:29:50,hi,claim_status,CLM-2026-30368,v15,0.87,217,1212,abandoned,
C-20260829-02293,2026-08-29 19:11:11,en,network_hospital,,v15,0.867,191,414,contained,
C-20260829-02294,2026-08-29 13:28:24,en,network_hospital,,v15,0.853,151,415,transferred_human,caller_requested_human
C-20260829-02295,2026-08-29 20:50:51,en,claim_status,CLM-2026-42011,v15,0.99,164,1356,transferred_human,agent_could_not_resolve
C-20260829-02296,2026-08-29 10:09:56,hi,claim_status,CL7494569,v15,0.908,182,726,contained,
C-20260829-02297,2026-08-29 11:32:27,en,network_hospital,,v15,0.944,163,399,contained,
C-20260829-02298,2026-08-29 11:50:04,en,claim_status,CL7443766,v15,0.885,125,432,transferred_human,caller_requested_human
C-20260829-02299,2026-08-29 11:06:54,en,claim_status,CL7971355,v15,0.936,84,342,contained,
C-20260829-02300,2026-08-29 10:08:39,en,policy_details,,v15,0.989,138,541,transferred_human,caller_requested_human
C-20260829-02301,2026-08-29 15:30:15,en,renewal_premium,,v15,0.936,146,285,contained,
C-20260830-02302,2026-08-30 18:43:28,en,renewal_premium,,v15,0.939,120,333,contained,
C-20260830-02303,2026-08-30 16:09:55,hi,network_hospital,,v15,0.906,101,350,contained,
C-20260830-02304,2026-08-30 10:21:41,en,claim_status,CL8835954,v15,0.943,111,520,contained,
C-20260830-02305,2026-08-30 16:54:26,en,renewal_premium,,v15,0.971,96,367,contained,
C-20260830-02306,2026-08-30 17:24:21,hi,claim_status,CLM-2026-74066,v15,0.883,132,1128,transferred_human,agent_could_not_resolve
C-20260830-02307,2026-08-30 17:03:42,en,claim_status,CLM-2026-94921,v15,0.922,166,1131,abandoned,
C-20260830-02308,2026-08-30 14:09:56,en,renewal_premium,,v15,0.99,154,666,transferred_human,out_of_scope
C-20260830-02309,2026-08-30 16:33:44,en,policy_details,,v15,0.928,159,477,transferred_human,out_of_scope
C-20260830-02310,2026-08-30 19:32:46,en,network_hospital,,v15,0.885,213,357,transferred_human,out_of_scope
C-20260830-02311,2026-08-30 17:52:57,en,renewal_premium,,v15,0.889,91,461,contained,
C-20260830-02312,2026-08-30 11:06:51,hi,claim_status,CL8338146,v15,0.832,235,297,transferred_human,agent_could_not_resolve
C-20260830-02313,2026-08-30 15:06:11,en,claim_status,CL8499753,v15,0.956,123,378,contained,
C-20260830-02314,2026-08-30 11:51:24,en,claim_status,CL8541911,v15,0.865,103,708,contained,
C-20260830-02315,2026-08-30 11:56:57,en,renewal_premium,,v15,0.941,164,437,contained,
C-20260830-02316,2026-08-30 18:33:36,en,claim_status,CL8768427,v15,0.924,83,569,contained,
C-20260830-02317,2026-08-30 15:22:46,en,network_hospital,,v15,0.86,196,505,contained,
C-20260830-02318,2026-08-30 11:20:29,hi,claim_status,CL7766515,v15,0.862,172,404,abandoned,
C-20260830-02319,2026-08-30 19:16:47,en,renewal_premium,,v15,0.94,197,430,transferred_human,agent_could_not_resolve
C-20260830-02320,2026-08-30 17:16:51,hi,claim_status,CL8551362,v15,0.882,79,395,contained,
C-20260830-02321,2026-08-30 19:18:59,en,network_hospital,,v15,0.943,160,444,transferred_human,escalation_policy
C-20260830-02322,2026-08-30 11:15:22,en,renewal_premium,,v15,0.911,95,470,transferred_human,out_of_scope
C-20260830-02323,2026-08-30 09:03:55,en,policy_details,,v15,0.941,118,472,contained,
C-20260830-02324,2026-08-30 17:14:49,en,network_hospital,,v15,0.89,145,443,abandoned,
C-20260830-02325,2026-08-30 13:08:59,en,claim_status,CL8253942,v15,0.853,154,327,transferred_human,caller_requested_human
C-20260830-02326,2026-08-30 12:32:15,hi,network_hospital,,v15,0.847,124,474,transferred_human,escalation_policy
C-20260830-02327,2026-08-30 18:36:16,en,claim_status,CL8648187,v15,0.99,130,436,transferred_human,out_of_scope
C-20260830-02328,2026-08-30 17:22:21,en,claim_status,CL7279025,v15,0.927,154,333,contained,
C-20260830-02329,2026-08-30 19:24:35,en,renewal_premium,,v15,0.859,115,496,transferred_human,caller_requested_human
C-20260830-02330,2026-08-30 15:29:51,en,claim_status,CL8130756,v15,0.923,183,414,transferred_human,caller_requested_human
C-20260830-02331,2026-08-30 14:07:27,en,renewal_premium,,v15,0.919,167,418,contained,
C-20260830-02332,2026-08-30 13:34:12,en,renewal_premium,,v15,0.865,151,274,contained,
C-20260830-02333,2026-08-30 14:35:40,en,claim_status,CLM-2026-78363,v15,0.882,152,1248,transferred_human,agent_could_not_resolve
C-20260830-02334,2026-08-30 16:41:43,en,claim_status,CL8048572,v15,0.919,137,297,contained,
C-20260830-02335,2026-08-30 12:58:34,en,network_hospital,,v15,0.95,135,494,contained,
C-20260830-02336,2026-08-30 15:16:20,en,claim_status,CL8391757,v15,0.96,138,384,contained,
C-20260830-02337,2026-08-30 17:23:30,hi,claim_status,CL8021431,v15,0.885,172,474,contained,
C-20260830-02338,2026-08-30 11:17:32,en,policy_details,,v15,0.799,80,412,contained,
C-20260830-02339,2026-08-30 12:43:36,en,claim_status,CL8509183,v15,0.911,146,1425,contained,
C-20260830-02340,2026-08-30 18:04:51,en,claim_status,CLM-2026-77821,v15,0.986,154,1029,transferred_human,agent_could_not_resolve
C-20260830-02341,2026-08-30 17:21:48,en,network_hospital,,v15,0.99,79,351,contained,
C-20260830-02342,2026-08-30 11:22:32,hi,claim_status,CLM-2026-43365,v15,0.934,169,1554,transferred_human,agent_could_not_resolve
C-20260830-02343,2026-08-30 12:58:38,hi,network_hospital,,v15,0.903,226,545,transferred_human,out_of_scope
C-20260830-02344,2026-08-30 11:56:44,en,policy_details,,v15,0.952,171,469,transferred_human,caller_requested_human
C-20260830-02345,2026-08-30 16:10:13,hi,claim_status,CL8821143,v15,0.887,184,587,transferred_human,agent_could_not_resolve
C-20260830-02346,2026-08-30 15:29:12,en,network_hospital,,v15,0.871,125,303,contained,
C-20260830-02347,2026-08-30 16:39:50,en,network_hospital,,v15,0.954,136,377,contained,
C-20260830-02348,2026-08-30 15:56:51,en,network_hospital,,v15,0.938,196,370,contained,
C-20260830-02349,2026-08-30 10:18:13,en,claim_status,CL7364408,v15,0.979,106,458,contained,
C-20260830-02350,2026-08-30 15:40:27,en,policy_details,,v15,0.924,128,337,contained,
C-20260830-02351,2026-08-30 10:44:43,en,policy_details,,v15,0.954,49,404,contained,
C-20260830-02352,2026-08-30 18:32:20,hi,renewal_premium,,v15,0.824,183,425,transferred_human,agent_could_not_resolve
C-20260830-02353,2026-08-30 11:22:24,en,renewal_premium,,v15,0.942,151,482,transferred_human,caller_requested_human
C-20260830-02354,2026-08-30 11:38:10,en,claim_status,CL7098472,v15,0.91,112,420,contained,
C-20260830-02355,2026-08-30 18:00:08,en,renewal_premium,,v15,0.935,105,514,contained,
C-20260830-02356,2026-08-30 11:30:23,en,network_hospital,,v15,0.99,92,358,contained,
C-20260830-02357,2026-08-30 11:16:25,hi,network_hospital,,v15,0.818,147,446,contained,
C-20260830-02358,2026-08-30 12:31:03,en,network_hospital,,v15,0.954,83,497,contained,
C-20260830-02359,2026-08-30 15:06:42,en,claim_status,CL8019385,v15,0.868,137,446,contained,
C-20260830-02360,2026-08-30 17:21:58,en,claim_status,CLM-2026-51387,v15,0.879,170,1308,transferred_human,agent_could_not_resolve
C-20260830-02361,2026-08-30 16:54:24,en,claim_status,CL7442543,v15,0.861,141,444,transferred_human,escalation_policy
C-20260830-02362,2026-08-30 20:46:40,en,claim_status,CL7482975,v15,0.99,238,428,abandoned,
C-20260830-02363,2026-08-30 13:57:57,en,renewal_premium,,v15,0.944,101,354,contained,
C-20260830-02364,2026-08-30 11:10:42,en,renewal_premium,,v15,0.919,174,363,transferred_human,caller_requested_human
C-20260830-02365,2026-08-30 16:53:59,en,policy_details,,v15,0.937,138,366,contained,
C-20260830-02366,2026-08-30 15:52:34,en,claim_status,CLM-2026-50483,v15,0.99,140,903,transferred_human,agent_could_not_resolve
C-20260830-02367,2026-08-30 16:34:47,en,policy_details,,v15,0.98,123,333,contained,
C-20260830-02368,2026-08-30 13:35:13,en,claim_status,CL7289091,v15,0.953,140,287,contained,
C-20260830-02369,2026-08-30 16:54:19,en,policy_details,,v15,0.99,152,528,contained,
C-20260830-02370,2026-08-30 16:09:36,en,claim_status,CL8183879,v15,0.969,137,385,contained,
C-20260830-02371,2026-08-30 15:28:15,en,renewal_premium,,v15,0.9,118,481,contained,
C-20260830-02372,2026-08-30 15:23:52,en,network_hospital,,v15,0.933,90,607,contained,
C-20260830-02373,2026-08-30 11:46:44,en,network_hospital,,v15,0.922,221,471,transferred_human,escalation_policy
C-20260830-02374,2026-08-30 16:32:39,en,network_hospital,,v15,0.959,65,379,contained,
C-20260830-02375,2026-08-30 18:29:36,en,renewal_premium,,v15,0.99,58,406,contained,
C-20260830-02376,2026-08-30 15:54:15,en,claim_status,CL8708321,v15,0.898,238,335,transferred_human,out_of_scope
C-20260830-02377,2026-08-30 14:06:48,hi,renewal_premium,,v15,0.831,103,542,contained,
C-20260830-02378,2026-08-30 13:24:25,en,policy_details,,v15,0.933,90,460,contained,
C-20260830-02379,2026-08-30 11:51:44,en,claim_status,CL7515118,v15,0.92,111,426,contained,
C-20260830-02380,2026-08-30 11:56:36,en,renewal_premium,,v15,0.902,139,546,contained,
C-20260830-02381,2026-08-30 15:00:48,en,claim_status,CLM-2026-25625,v15,0.944,184,1398,transferred_human,agent_could_not_resolve
C-20260830-02382,2026-08-30 16:54:59,hi,network_hospital,,v15,0.802,87,483,transferred_human,escalation_policy
C-20260830-02383,2026-08-30 14:57:00,en,renewal_premium,,v15,0.902,187,503,transferred_human,escalation_policy
C-20260830-02384,2026-08-30 18:04:39,hi,network_hospital,,v15,0.854,168,405,contained,
C-20260830-02385,2026-08-30 14:12:35,en,network_hospital,,v15,0.922,93,540,contained,
C-20260830-02386,2026-08-30 17:54:59,en,claim_status,CL8296200,v15,0.878,214,443,transferred_human,caller_requested_human
C-20260830-02387,2026-08-30 16:45:49,en,claim_status,CL7538868,v15,0.926,134,598,contained,
C-20260830-02388,2026-08-30 18:38:32,en,renewal_premium,,v15,0.863,53,361,contained,
C-20260830-02389,2026-08-30 20:47:27,en,network_hospital,,v15,0.99,55,456,contained,
C-20260830-02390,2026-08-30 10:20:22,en,claim_status,CLM-2026-88703,v15,0.933,121,1077,transferred_human,agent_could_not_resolve
C-20260830-02391,2026-08-30 16:03:11,hi,renewal_premium,,v15,0.868,232,368,transferred_human,caller_requested_human
C-20260830-02392,2026-08-30 16:44:37,en,renewal_premium,,v15,0.99,81,496,contained,
C-20260830-02393,2026-08-30 14:28:22,hi,policy_details,,v15,0.862,196,547,transferred_human,escalation_policy
C-20260830-02394,2026-08-30 11:09:01,en,network_hospital,,v15,0.934,75,436,contained,
C-20260830-02395,2026-08-30 16:25:18,en,policy_details,,v15,0.928,140,332,contained,
C-20260831-02396,2026-08-31 11:59:47,en,renewal_premium,,v15,0.908,146,459,contained,
C-20260831-02397,2026-08-31 19:14:10,en,network_hospital,,v15,0.898,128,320,contained,
C-20260831-02398,2026-08-31 14:00:43,en,renewal_premium,,v15,0.899,111,481,transferred_human,caller_requested_human
C-20260831-02399,2026-08-31 17:14:50,en,claim_status,CLM-2026-25587,v15,0.99,207,1140,transferred_human,agent_could_not_resolve
C-20260831-02400,2026-08-31 16:23:01,en,claim_status,CL8515392,v15,0.968,150,593,contained,
C-20260831-02401,2026-08-31 17:53:52,en,network_hospital,,v15,0.869,128,378,contained,
C-20260831-02402,2026-08-31 09:34:55,en,renewal_premium,,v15,0.907,76,377,contained,
C-20260831-02403,2026-08-31 17:24:16,en,claim_status,CL7989403,v15,0.93,105,619,contained,
C-20260831-02404,2026-08-31 15:40:25,en,claim_status,CL8981799,v15,0.99,132,471,contained,
C-20260831-02405,2026-08-31 17:49:14,en,claim_status,CLM-2026-41332,v15,0.934,260,1194,transferred_human,agent_could_not_resolve
C-20260831-02406,2026-08-31 12:13:37,en,renewal_premium,,v15,0.914,127,402,contained,
C-20260831-02407,2026-08-31 13:22:19,en,network_hospital,,v15,0.921,228,455,transferred_human,caller_requested_human
C-20260831-02408,2026-08-31 09:28:37,en,claim_status,CL7934427,v15,0.928,144,441,contained,
C-20260831-02409,2026-08-31 10:33:05,en,network_hospital,,v15,0.939,135,491,transferred_human,out_of_scope
C-20260831-02410,2026-08-31 15:07:24,en,claim_status,CLM-2026-90173,v15,0.99,122,1452,transferred_human,agent_could_not_resolve
C-20260831-02411,2026-08-31 18:47:52,en,claim_status,CLM-2026-22428,v15,0.937,165,1083,transferred_human,agent_could_not_resolve
C-20260831-02412,2026-08-31 18:07:13,en,network_hospital,,v15,0.924,45,249,contained,
C-20260831-02413,2026-08-31 17:56:57,en,network_hospital,,v15,0.893,132,561,contained,
C-20260831-02414,2026-08-31 13:48:41,en,claim_status,CLM-2026-13507,v15,0.881,204,996,transferred_human,agent_could_not_resolve
C-20260831-02415,2026-08-31 11:15:57,en,claim_status,CLM-2026-32576,v15,0.866,131,1617,transferred_human,agent_could_not_resolve
C-20260831-02416,2026-08-31 11:02:38,hi,claim_status,CLM-2026-18508,v15,0.845,213,2187,transferred_human,agent_could_not_resolve
C-20260831-02417,2026-08-31 19:51:45,hi,renewal_premium,,v15,0.85,175,466,transferred_human,agent_could_not_resolve
C-20260831-02418,2026-08-31 16:35:19,en,claim_status,CLM-2026-26433,v15,0.953,161,1071,transferred_human,agent_could_not_resolve
C-20260831-02419,2026-08-31 10:27:44,en,renewal_premium,,v15,0.898,155,350,transferred_human,caller_requested_human
C-20260831-02420,2026-08-31 14:52:05,en,claim_status,CLM-2026-97168,v15,0.93,167,1269,transferred_human,agent_could_not_resolve
C-20260831-02421,2026-08-31 11:47:59,hi,network_hospital,,v15,0.863,144,338,contained,
C-20260831-02422,2026-08-31 15:48:44,en,network_hospital,,v15,0.902,172,343,abandoned,
C-20260831-02423,2026-08-31 13:37:50,en,network_hospital,,v15,0.927,132,370,contained,
C-20260831-02424,2026-08-31 12:20:21,hi,claim_status,CLM-2026-71437,v15,0.816,212,1095,transferred_human,agent_could_not_resolve
C-20260831-02425,2026-08-31 12:45:35,hi,claim_status,CLM-2026-71936,v15,0.801,147,1410,transferred_human,agent_could_not_resolve
C-20260831-02426,2026-08-31 11:40:09,en,claim_status,CL7055383,v15,0.99,187,506,transferred_human,caller_requested_human
C-20260831-02427,2026-08-31 09:07:12,en,policy_details,,v15,0.859,64,463,contained,
C-20260831-02428,2026-08-31 13:02:51,en,claim_status,CLM-2026-35724,v15,0.872,204,618,transferred_human,agent_could_not_resolve
C-20260831-02429,2026-08-31 19:43:11,en,network_hospital,,v15,0.981,240,489,abandoned,
C-20260831-02430,2026-08-31 13:04:22,en,claim_status,CLM-2026-70406,v15,0.925,145,1572,transferred_human,agent_could_not_resolve
C-20260831-02431,2026-08-31 19:24:17,hi,claim_status,CLM-2026-92255,v15,0.846,166,1341,transferred_human,agent_could_not_resolve
C-20260831-02432,2026-08-31 14:35:46,en,claim_status,CLM-2026-20873,v15,0.928,202,1608,transferred_human,agent_could_not_resolve
C-20260831-02433,2026-08-31 16:38:56,en,renewal_premium,,v15,0.961,160,461,transferred_human,caller_requested_human
C-20260831-02434,2026-08-31 18:04:55,en,claim_status,CL8136168,v15,0.932,89,321,contained,
C-20260831-02435,2026-08-31 12:26:48,hi,claim_status,CLM-2026-66173,v15,0.919,165,1083,transferred_human,agent_could_not_resolve
C-20260831-02436,2026-08-31 10:34:32,hi,renewal_premium,,v15,0.836,147,573,contained,
C-20260831-02437,2026-08-31 15:55:40,en,claim_status,CL7513022,v15,0.962,25,489,contained,
C-20260831-02438,2026-08-31 15:14:06,en,claim_status,CLM-2026-58593,v15,0.99,156,1740,transferred_human,agent_could_not_resolve
C-20260831-02439,2026-08-31 16:31:27,en,network_hospital,,v15,0.928,108,453,contained,
C-20260831-02440,2026-08-31 15:50:02,en,claim_status,CLM-2026-79845,v15,0.979,135,1542,transferred_human,agent_could_not_resolve
C-20260831-02441,2026-08-31 17:40:07,en,claim_status,CL8346267,v15,0.864,134,414,contained,
C-20260831-02442,2026-08-31 09:48:47,en,claim_status,CLM-2026-22835,v15,0.99,159,1569,transferred_human,agent_could_not_resolve
C-20260831-02443,2026-08-31 10:23:09,hi,claim_status,CLM-2026-22554,v15,0.796,152,1572,transferred_human,agent_could_not_resolve
C-20260831-02444,2026-08-31 12:11:08,hi,policy_details,,v15,0.845,155,450,contained,
C-20260831-02445,2026-08-31 16:15:49,en,renewal_premium,,v15,0.918,247,390,transferred_human,caller_requested_human
C-20260831-02446,2026-08-31 20:32:46,hi,renewal_premium,,v15,0.789,135,385,transferred_human,out_of_scope
C-20260831-02447,2026-08-31 19:01:14,hi,renewal_premium,,v15,0.905,149,499,transferred_human,caller_requested_human
C-20260831-02448,2026-08-31 16:12:09,en,claim_status,CLM-2026-33006,v15,0.99,167,1206,abandoned,
C-20260831-02449,2026-08-31 12:33:42,en,claim_status,CL7973958,v15,0.981,131,502,transferred_human,out_of_scope
C-20260831-02450,2026-08-31 12:38:08,en,renewal_premium,,v15,0.932,190,332,transferred_human,caller_requested_human
C-20260831-02451,2026-08-31 16:51:54,en,network_hospital,,v15,0.947,151,2053,contained,
C-20260831-02452,2026-08-31 13:58:47,en,claim_status,CL7356599,v15,0.876,154,345,transferred_human,agent_could_not_resolve
C-20260831-02453,2026-08-31 18:19:19,en,claim_status,CL7327061,v15,0.867,150,468,contained,
C-20260831-02454,2026-08-31 10:47:11,en,renewal_premium,,v15,0.913,175,348,transferred_human,out_of_scope
C-20260831-02455,2026-08-31 09:35:15,en,claim_status,CLM-2026-74690,v15,0.948,167,1119,transferred_human,agent_could_not_resolve
C-20260831-02456,2026-08-31 13:49:23,en,policy_details,,v15,0.898,174,553,contained,
C-20260831-02457,2026-08-31 19:38:50,en,renewal_premium,,v15,0.828,191,625,transferred_human,caller_requested_human
C-20260831-02458,2026-08-31 17:59:12,hi,claim_status,CL8414284,v15,0.825,103,248,contained,
C-20260831-02459,2026-08-31 17:48:28,en,renewal_premium,,v15,0.802,111,326,contained,
C-20260831-02460,2026-08-31 12:49:45,en,claim_status,CLM-2026-84417,v15,0.827,145,1308,abandoned,
C-20260831-02461,2026-08-31 12:12:44,en,policy_details,,v15,0.927,125,481,contained,
C-20260831-02462,2026-08-31 17:05:43,en,claim_status,CLM-2026-39527,v15,0.934,183,1557,transferred_human,agent_could_not_resolve
C-20260831-02463,2026-08-31 17:01:22,en,claim_status,CLM-2026-42713,v15,0.99,258,1803,transferred_human,agent_could_not_resolve
C-20260831-02464,2026-08-31 14:12:49,en,renewal_premium,,v15,0.969,142,562,contained,
C-20260831-02465,2026-08-31 16:29:15,en,policy_details,,v15,0.882,153,413,transferred_human,caller_requested_human
C-20260831-02466,2026-08-31 15:22:27,en,claim_status,CLM-2026-33867,v15,0.932,184,1737,transferred_human,agent_could_not_resolve
C-20260831-02467,2026-08-31 18:48:20,en,claim_status,CL8168400,v15,0.868,84,579,contained,
C-20260831-02468,2026-08-31 12:44:53,en,claim_status,CLM-2026-77719,v15,0.99,144,924,transferred_human,agent_could_not_resolve
C-20260831-02469,2026-08-31 10:37:22,en,claim_status,CLM-2026-66113,v15,0.898,173,1281,transferred_human,agent_could_not_resolve
C-20260831-02470,2026-08-31 18:08:29,hi,renewal_premium,,v15,0.809,98,458,contained,
C-20260831-02471,2026-08-31 14:08:36,en,network_hospital,,v15,0.937,126,353,contained,
C-20260831-02472,2026-08-31 10:03:16,en,network_hospital,,v15,0.869,123,417,contained,
C-20260831-02473,2026-08-31 13:12:44,en,network_hospital,,v15,0.793,104,282,contained,
C-20260831-02474,2026-08-31 15:28:54,en,policy_details,,v15,0.943,160,577,contained,
C-20260831-02475,2026-08-31 17:24:11,en,network_hospital,,v15,0.922,142,251,transferred_human,out_of_scope
C-20260831-02476,2026-08-31 11:56:32,en,renewal_premium,,v15,0.918,222,531,abandoned,
C-20260831-02477,2026-08-31 10:16:07,en,policy_details,,v15,0.882,112,352,contained,
C-20260831-02478,2026-08-31 12:12:13,hi,policy_details,,v15,0.865,171,465,transferred_human,escalation_policy
C-20260831-02479,2026-08-31 10:35:10,hi,policy_details,,v15,0.902,106,504,contained,
C-20260831-02480,2026-08-31 14:20:13,en,network_hospital,,v15,0.928,175,524,contained,
C-20260831-02481,2026-08-31 09:46:52,hi,network_hospital,,v15,0.866,167,570,abandoned,
C-20260831-02482,2026-08-31 11:39:52,en,renewal_premium,,v15,0.887,169,376,contained,
C-20260831-02483,2026-08-31 10:35:56,en,network_hospital,,v15,0.85,53,442,contained,
C-20260831-02484,2026-08-31 16:57:44,hi,policy_details,,v15,0.839,123,411,contained,
C-20260831-02485,2026-08-31 14:09:07,en,network_hospital,,v15,0.894,141,266,transferred_human,out_of_scope
C-20260831-02486,2026-08-31 11:21:36,en,claim_status,CL7280406,v15,0.923,91,597,contained,
C-20260831-02487,2026-08-31 10:53:12,en,policy_details,,v15,0.944,149,295,contained,
C-20260831-02488,2026-08-31 12:27:19,en,claim_status,CLM-2026-95630,v15,0.978,165,1437,transferred_human,agent_could_not_resolve
C-20260831-02489,2026-08-31 10:48:35,en,claim_status,CLM-2026-86497,v15,0.917,153,1197,transferred_human,agent_could_not_resolve
C-20260831-02490,2026-08-31 11:45:28,en,claim_status,CL8096592,v15,0.9,77,413,transferred_human,out_of_scope
C-20260831-02491,2026-08-31 14:29:43,en,claim_status,CL8390919,v15,0.869,74,430,contained,
C-20260831-02492,2026-08-31 17:21:44,en,network_hospital,,v15,0.941,180,506,transferred_human,caller_requested_human
C-20260831-02493,2026-08-31 11:01:44,en,renewal_premium,,v15,0.896,56,446,contained,
C-20260831-02494,2026-08-31 16:03:33,en,network_hospital,,v15,0.874,50,411,contained,
C-20260831-02495,2026-08-31 12:09:24,en,claim_status,CLM-2026-98156,v15,0.882,140,996,transferred_human,agent_could_not_resolve
C-20260831-02496,2026-08-31 16:25:22,en,renewal_premium,,v15,0.92,97,570,contained,
C-20260831-02497,2026-08-31 13:44:56,en,policy_details,,v15,0.99,157,1478,contained,
C-20260831-02498,2026-08-31 16:50:51,hi,claim_status,CLM-2026-51693,v15,0.825,163,1233,transferred_human,agent_could_not_resolve
C-20260831-02499,2026-08-31 19:46:34,en,network_hospital,,v15,0.958,178,520,contained,
C-20260831-02500,2026-08-31 13:16:46,en,claim_status,CLM-2026-23290,v15,0.959,148,1062,transferred_human,agent_could_not_resolve
C-20260831-02501,2026-08-31 15:27:14,en,claim_status,CL8437917,v15,0.938,120,510,contained,
C-20260831-02502,2026-08-31 18:09:01,en,network_hospital,,v15,0.962,128,547,contained,
C-20260831-02503,2026-08-31 10:48:09,en,renewal_premium,,v15,0.85,201,542,contained,
C-20260831-02504,2026-08-31 16:03:36,en,renewal_premium,,v15,0.863,166,519,transferred_human,agent_could_not_resolve
C-20260831-02505,2026-08-31 12:28:17,en,network_hospital,,v15,0.987,156,383,contained,
C-20260831-02506,2026-08-31 11:39:46,hi,network_hospital,,v15,0.945,44,564,contained,
C-20260831-02507,2026-08-31 17:02:19,en,claim_status,CLM-2026-46573,v15,0.843,104,1599,transferred_human,agent_could_not_resolve
C-20260831-02508,2026-08-31 10:42:34,hi,claim_status,CLM-2026-53901,v15,0.825,204,1638,transferred_human,agent_could_not_resolve
C-20260831-02509,2026-08-31 12:36:33,en,policy_details,,v15,0.916,161,494,contained,
C-20260831-02510,2026-08-31 18:47:24,en,claim_status,CLM-2026-40534,v15,0.912,143,717,transferred_human,agent_could_not_resolve
C-20260831-02511,2026-08-31 19:25:08,en,network_hospital,,v15,0.941,111,486,contained,
C-20260831-02512,2026-08-31 19:12:05,en,policy_details,,v15,0.89,150,506,contained,
C-20260831-02513,2026-08-31 11:24:20,hi,network_hospital,,v15,0.824,157,508,transferred_human,escalation_policy
C-20260831-02514,2026-08-31 15:50:56,hi,network_hospital,,v15,0.9,130,212,transferred_human,out_of_scope
C-20260831-02515,2026-08-31 20:14:46,en,claim_status,CLM-2026-27847,v15,0.911,129,1215,transferred_human,agent_could_not_resolve
C-20260831-02516,2026-08-31 12:26:00,en,claim_status,CLM-2026-65686,v15,0.829,220,1023,transferred_human,agent_could_not_resolve
C-20260831-02517,2026-08-31 13:24:21,en,claim_status,CLM-2026-27744,v15,0.842,151,1224,abandoned,
C-20260831-02518,2026-08-31 13:45:41,en,claim_status,CLM-2026-57394,v15,0.898,209,1485,transferred_human,agent_could_not_resolve
C-20260831-02519,2026-08-31 12:43:36,hi,renewal_premium,,v15,0.825,122,498,transferred_human,out_of_scope
C-20260831-02520,2026-08-31 12:44:18,en,renewal_premium,,v15,0.918,169,445,transferred_human,agent_could_not_resolve
C-20260831-02521,2026-08-31 14:53:33,hi,network_hospital,,v15,0.78,134,394,contained,
C-20260831-02522,2026-08-31 15:59:59,en,renewal_premium,,v15,0.869,151,446,transferred_human,out_of_scope
C-20260831-02523,2026-08-31 18:21:40,en,claim_status,CL8814465,v15,0.958,116,502,contained,
C-20260831-02524,2026-08-31 12:05:51,hi,network_hospital,,v15,0.816,133,513,contained,
C-20260831-02525,2026-08-31 09:29:36,hi,claim_status,CL7922926,v15,0.782,130,511,contained,
C-20260831-02526,2026-08-31 17:16:32,en,network_hospital,,v15,0.983,179,341,contained,
C-20260831-02527,2026-08-31 15:57:41,hi,network_hospital,,v15,0.799,135,431,transferred_human,agent_could_not_resolve
C-20260831-02528,2026-08-31 09:11:17,en,renewal_premium,,v15,0.963,102,495,contained,
C-20260831-02529,2026-08-31 12:59:31,en,claim_status,CLM-2026-28732,v15,0.946,202,1722,transferred_human,agent_could_not_resolve
C-20260831-02530,2026-08-31 15:24:01,en,renewal_premium,,v15,0.855,86,515,contained,
C-20260831-02531,2026-08-31 12:51:43,en,claim_status,CLM-2026-15430,v15,0.857,160,1524,transferred_human,agent_could_not_resolve
C-20260831-02532,2026-08-31 12:50:00,en,claim_status,CL8159846,v15,0.868,105,174,contained,
C-20260831-02533,2026-08-31 11:01:46,en,renewal_premium,,v15,0.931,69,440,contained,
C-20260831-02534,2026-08-31 13:11:23,en,renewal_premium,,v15,0.887,101,398,contained,
C-20260831-02535,2026-08-31 16:25:33,en,network_hospital,,v15,0.946,156,394,transferred_human,caller_requested_human
C-20260831-02536,2026-08-31 11:00:00,en,claim_status,CLM-2026-85813,v15,0.924,162,1317,transferred_human,agent_could_not_resolve
C-20260831-02537,2026-08-31 13:52:05,en,policy_details,,v15,0.89,48,328,contained,
C-20260831-02538,2026-08-31 20:09:24,hi,network_hospital,,v15,0.774,38,346,contained,
C-20260831-02539,2026-08-31 15:40:07,en,renewal_premium,,v15,0.989,180,419,transferred_human,agent_could_not_resolve
C-20260831-02540,2026-08-31 20:52:35,en,claim_status,CLM-2026-37398,v15,0.886,155,1305,transferred_human,agent_could_not_resolve
C-20260831-02541,2026-08-31 10:49:40,en,claim_status,CLM-2026-20004,v15,0.99,190,1488,transferred_human,agent_could_not_resolve
C-20260831-02542,2026-08-31 18:21:40,hi,claim_status,CL8363353,v15,0.822,144,541,contained,
C-20260831-02543,2026-08-31 13:26:07,hi,network_hospital,,v15,0.731,157,273,transferred_human,agent_could_not_resolve
C-20260831-02544,2026-08-31 17:13:21,en,policy_details,,v15,0.925,159,406,transferred_human,caller_requested_human
C-20260831-02545,2026-08-31 10:00:02,en,network_hospital,,v15,0.891,156,438,contained,
C-20260831-02546,2026-08-31 14:21:19,en,claim_status,CLM-2026-80153,v15,0.985,153,1176,abandoned,
C-20260831-02547,2026-08-31 18:40:28,en,claim_status,CLM-2026-82656,v15,0.99,162,1155,transferred_human,agent_could_not_resolve
C-20260831-02548,2026-08-31 18:54:20,en,claim_status,CLM-2026-62100,v15,0.896,204,1119,transferred_human,agent_could_not_resolve
C-20260831-02549,2026-08-31 11:26:39,en,claim_status,CL8195736,v15,0.9,158,588,transferred_human,out_of_scope
C-20260831-02550,2026-08-31 20:50:17,en,claim_status,CLM-2026-63044,v15,0.939,191,1653,transferred_human,agent_could_not_resolve
C-20260831-02551,2026-08-31 13:04:35,hi,policy_details,,v15,0.795,107,338,contained,
C-20260831-02552,2026-08-31 17:09:55,en,renewal_premium,,v15,0.941,67,436,contained,
C-20260831-02553,2026-08-31 17:39:42,en,claim_status,CLM-2026-94994,v15,0.903,156,1341,abandoned,
C-20260831-02554,2026-08-31 13:06:39,en,network_hospital,,v15,0.943,151,644,contained,
C-20260831-02555,2026-08-31 17:58:21,en,network_hospital,,v15,0.947,122,448,contained,
C-20260831-02556,2026-08-31 16:42:25,en,network_hospital,,v15,0.99,91,347,contained,
C-20260831-02557,2026-08-31 12:19:20,en,claim_status,CLM-2026-15651,v15,0.872,173,1197,abandoned,
C-20260831-02558,2026-08-31 16:03:34,hi,claim_status,CLM-2026-35816,v15,0.903,113,1317,transferred_human,agent_could_not_resolve
C-20260831-02559,2026-08-31 09:04:40,en,claim_status,CL8138225,v15,0.88,99,626,transferred_human,agent_could_not_resolve
C-20260831-02560,2026-08-31 14:14:55,en,claim_status,CL7957421,v15,0.929,127,399,contained,
C-20260831-02561,2026-08-31 13:05:04,en,policy_details,,v15,0.886,78,1560,contained,
C-20260831-02562,2026-08-31 10:29:43,en,network_hospital,,v15,0.884,88,263,contained,
C-20260831-02563,2026-08-31 09:37:06,en,policy_details,,v15,0.937,168,506,contained,
C-20260831-02564,2026-08-31 16:40:57,en,claim_status,CLM-2026-14526,v15,0.934,144,1452,transferred_human,agent_could_not_resolve
C-20260831-02565,2026-08-31 09:49:01,en,renewal_premium,,v15,0.961,88,238,contained,
C-20260831-02566,2026-08-31 12:37:56,en,claim_status,CLM-2026-74289,v15,0.877,156,1338,transferred_human,agent_could_not_resolve
C-20260831-02567,2026-08-31 12:08:39,en,claim_status,CL8577005,v15,0.99,173,393,contained,
C-20260831-02568,2026-08-31 18:02:32,en,network_hospital,,v15,0.9,157,404,contained,
C-20260831-02569,2026-08-31 19:32:26,en,claim_status,CLM-2026-73515,v15,0.971,202,978,abandoned,
C-20260831-02570,2026-08-31 12:14:18,en,claim_status,CL8267069,v15,0.99,82,283,contained,
C-20260831-02571,2026-08-31 16:53:37,en,renewal_premium,,v15,0.845,106,260,contained,
C-20260831-02572,2026-08-31 10:14:18,hi,claim_status,CLM-2026-31746,v15,0.885,87,1119,transferred_human,agent_could_not_resolve
C-20260831-02573,2026-08-31 10:34:08,en,claim_status,CLM-2026-71852,v15,0.899,135,1485,transferred_human,agent_could_not_resolve
C-20260831-02574,2026-08-31 17:07:46,en,policy_details,,v15,0.912,127,415,transferred_human,agent_could_not_resolve
C-20260831-02575,2026-08-31 17:15:54,hi,renewal_premium,,v15,0.805,90,563,contained,
C-20260831-02576,2026-08-31 15:55:05,hi,policy_details,,v15,0.871,168,452,transferred_human,caller_requested_human
C-20260901-02577,2026-09-01 19:49:30,en,claim_status,CL7141651,v15,0.973,152,414,contained,
C-20260901-02578,2026-09-01 20:49:23,en,renewal_premium,,v15,0.877,113,430,transferred_human,out_of_scope
C-20260901-02579,2026-09-01 11:16:17,en,claim_status,CLM-2026-58330,v15,0.955,107,1269,transferred_human,agent_could_not_resolve
C-20260901-02580,2026-09-01 18:25:02,en,renewal_premium,,v15,0.933,83,653,contained,
C-20260901-02581,2026-09-01 12:00:56,hi,policy_details,,v15,0.839,127,320,contained,
C-20260901-02582,2026-09-01 17:54:33,en,network_hospital,,v15,0.949,110,403,contained,
C-20260901-02583,2026-09-01 10:44:55,en,claim_status,CLM-2026-18012,v15,0.99,134,909,transferred_human,agent_could_not_resolve
C-20260901-02584,2026-09-01 20:17:49,hi,claim_status,CLM-2026-71140,v15,0.869,138,1608,transferred_human,agent_could_not_resolve
C-20260901-02585,2026-09-01 15:22:04,en,claim_status,CL8408687,v15,0.927,125,502,transferred_human,agent_could_not_resolve
C-20260901-02586,2026-09-01 12:25:49,en,claim_status,CL7871122,v15,0.892,108,496,contained,
C-20260901-02587,2026-09-01 16:52:29,en,renewal_premium,,v15,0.875,185,344,contained,
C-20260901-02588,2026-09-01 12:52:08,en,network_hospital,,v15,0.921,134,568,transferred_human,caller_requested_human
C-20260901-02589,2026-09-01 20:46:08,hi,network_hospital,,v15,0.747,166,484,contained,
C-20260901-02590,2026-09-01 11:38:39,hi,network_hospital,,v15,0.894,200,423,contained,
C-20260901-02591,2026-09-01 16:32:15,en,network_hospital,,v15,0.952,201,356,transferred_human,escalation_policy
C-20260901-02592,2026-09-01 13:38:48,hi,policy_details,,v15,0.858,142,485,contained,
C-20260901-02593,2026-09-01 16:50:24,en,claim_status,CL8309756,v15,0.898,215,563,transferred_human,caller_requested_human
C-20260901-02594,2026-09-01 10:49:43,en,claim_status,CL7775246,v15,0.876,179,475,contained,
C-20260901-02595,2026-09-01 10:41:41,hi,claim_status,CLM-2026-76955,v15,0.84,171,849,transferred_human,agent_could_not_resolve
C-20260901-02596,2026-09-01 20:27:42,en,claim_status,CLM-2026-80653,v15,0.97,114,1425,transferred_human,agent_could_not_resolve
C-20260901-02597,2026-09-01 17:41:04,en,renewal_premium,,v15,0.916,119,343,contained,
C-20260901-02598,2026-09-01 12:31:38,en,network_hospital,,v15,0.823,89,545,contained,
C-20260901-02599,2026-09-01 16:18:23,en,claim_status,CLM-2026-17931,v15,0.857,192,1410,transferred_human,agent_could_not_resolve
C-20260901-02600,2026-09-01 12:11:28,en,network_hospital,,v15,0.9,84,391,contained,
C-20260901-02601,2026-09-01 17:42:37,en,claim_status,CLM-2026-84986,v15,0.9,212,1326,transferred_human,agent_could_not_resolve
C-20260901-02602,2026-09-01 19:57:46,hi,policy_details,,v15,0.881,145,435,transferred_human,out_of_scope
C-20260901-02603,2026-09-01 14:46:59,hi,claim_status,CLM-2026-13438,v15,0.761,112,1335,transferred_human,agent_could_not_resolve
C-20260901-02604,2026-09-01 09:21:50,en,claim_status,CLM-2026-16026,v15,0.837,138,948,abandoned,
C-20260901-02605,2026-09-01 10:30:01,en,policy_details,,v15,0.99,66,434,contained,
C-20260901-02606,2026-09-01 13:34:35,en,claim_status,CL8403861,v15,0.869,102,368,contained,
C-20260901-02607,2026-09-01 09:25:41,en,claim_status,CL8714057,v15,0.889,182,355,contained,
C-20260901-02608,2026-09-01 13:30:22,en,network_hospital,,v15,0.918,112,1714,transferred_human,caller_requested_human
C-20260901-02609,2026-09-01 15:32:26,en,policy_details,,v15,0.898,126,399,contained,
C-20260901-02610,2026-09-01 10:36:56,hi,renewal_premium,,v15,0.777,176,449,transferred_human,out_of_scope
C-20260901-02611,2026-09-01 13:11:52,hi,claim_status,CLM-2026-94112,v15,0.849,137,1074,transferred_human,agent_could_not_resolve
C-20260901-02612,2026-09-01 12:46:13,en,renewal_premium,,v15,0.951,107,403,contained,
C-20260901-02613,2026-09-01 18:47:54,en,renewal_premium,,v15,0.929,64,253,contained,
C-20260901-02614,2026-09-01 11:41:03,en,claim_status,CL7379699,v15,0.875,110,495,contained,
C-20260901-02615,2026-09-01 18:48:42,en,claim_status,CL7477841,v15,0.99,195,263,transferred_human,agent_could_not_resolve
C-20260901-02616,2026-09-01 20:52:41,en,policy_details,,v15,0.843,69,394,contained,
C-20260901-02617,2026-09-01 20:21:06,en,claim_status,CLM-2026-68492,v15,0.99,190,1467,transferred_human,agent_could_not_resolve
C-20260901-02618,2026-09-01 13:16:07,en,claim_status,CL8706885,v15,0.91,111,308,contained,
C-20260901-02619,2026-09-01 19:15:03,en,claim_status,CL7628774,v15,0.944,156,468,contained,
C-20260901-02620,2026-09-01 16:47:33,en,claim_status,CLM-2026-98884,v15,0.921,152,1050,transferred_human,agent_could_not_resolve
C-20260901-02621,2026-09-01 14:59:33,en,claim_status,CL7770542,v15,0.934,115,347,contained,
C-20260901-02622,2026-09-01 13:13:09,en,policy_details,,v15,0.946,79,289,contained,
C-20260901-02623,2026-09-01 17:01:02,en,claim_status,CLM-2026-90997,v15,0.885,191,1146,transferred_human,agent_could_not_resolve
C-20260901-02624,2026-09-01 16:53:59,en,claim_status,CL7191196,v15,0.841,118,377,contained,
C-20260901-02625,2026-09-01 13:44:22,en,policy_details,,v15,0.99,187,492,transferred_human,out_of_scope
C-20260901-02626,2026-09-01 12:59:57,en,renewal_premium,,v15,0.928,186,581,transferred_human,caller_requested_human
C-20260901-02627,2026-09-01 15:22:40,en,network_hospital,,v15,0.987,141,301,abandoned,
C-20260901-02628,2026-09-01 16:17:02,en,claim_status,CLM-2026-36685,v15,0.848,153,1527,transferred_human,agent_could_not_resolve
C-20260901-02629,2026-09-01 13:15:12,en,policy_details,,v15,0.885,94,250,contained,
C-20260901-02630,2026-09-01 11:34:02,en,claim_status,CL7000185,v15,0.964,123,444,contained,
C-20260901-02631,2026-09-01 19:18:00,en,claim_status,CL8860397,v15,0.896,108,449,contained,
C-20260901-02632,2026-09-01 12:55:45,en,claim_status,CL7320456,v15,0.941,125,503,contained,
C-20260901-02633,2026-09-01 12:34:52,en,claim_status,CLM-2026-57701,v15,0.894,148,1215,transferred_human,agent_could_not_resolve
C-20260901-02634,2026-09-01 17:37:47,en,renewal_premium,,v15,0.9,168,398,contained,
C-20260901-02635,2026-09-01 17:08:50,en,renewal_premium,,v15,0.928,175,374,contained,
C-20260901-02636,2026-09-01 12:33:45,en,claim_status,CLM-2026-49125,v15,0.887,164,1149,transferred_human,agent_could_not_resolve
C-20260901-02637,2026-09-01 16:40:48,en,network_hospital,,v15,0.918,197,516,contained,
C-20260901-02638,2026-09-01 09:14:20,en,renewal_premium,,v15,0.978,177,498,abandoned,
C-20260901-02639,2026-09-01 09:45:17,en,claim_status,CL7474514,v15,0.881,63,428,contained,
C-20260901-02640,2026-09-01 16:53:40,hi,network_hospital,,v15,0.869,151,519,contained,
C-20260901-02641,2026-09-01 11:11:10,en,renewal_premium,,v15,0.914,133,512,transferred_human,agent_could_not_resolve
C-20260901-02642,2026-09-01 12:03:59,en,network_hospital,,v15,0.915,146,364,transferred_human,agent_could_not_resolve
C-20260901-02643,2026-09-01 14:47:42,en,claim_status,CLM-2026-24077,v15,0.879,231,1569,transferred_human,agent_could_not_resolve
C-20260901-02644,2026-09-01 10:03:26,en,renewal_premium,,v15,0.947,102,477,contained,
C-20260901-02645,2026-09-01 10:33:27,en,renewal_premium,,v15,0.94,209,331,transferred_human,caller_requested_human
C-20260901-02646,2026-09-01 16:18:20,en,claim_status,CLM-2026-97294,v15,0.926,138,1146,transferred_human,agent_could_not_resolve
C-20260901-02647,2026-09-01 18:19:01,en,network_hospital,,v15,0.923,178,434,transferred_human,escalation_policy
C-20260901-02648,2026-09-01 13:17:14,en,network_hospital,,v15,0.895,124,501,contained,
C-20260901-02649,2026-09-01 10:01:17,en,claim_status,CL7443345,v15,0.99,119,334,transferred_human,out_of_scope
C-20260901-02650,2026-09-01 11:25:22,en,network_hospital,,v15,0.848,135,566,contained,
C-20260901-02651,2026-09-01 11:37:53,hi,claim_status,CLM-2026-12776,v15,0.827,149,1146,transferred_human,agent_could_not_resolve
C-20260901-02652,2026-09-01 10:15:16,en,claim_status,CL8129294,v15,0.928,109,503,contained,
C-20260901-02653,2026-09-01 19:41:19,en,policy_details,,v15,0.919,166,342,contained,
C-20260901-02654,2026-09-01 18:03:29,en,renewal_premium,,v15,0.963,121,557,contained,
C-20260901-02655,2026-09-01 13:21:11,en,network_hospital,,v15,0.903,174,498,contained,
C-20260901-02656,2026-09-01 17:40:41,hi,claim_status,CL7027312,v15,0.822,167,357,transferred_human,agent_could_not_resolve
C-20260901-02657,2026-09-01 13:59:37,en,claim_status,CL7172371,v15,0.941,128,536,transferred_human,escalation_policy
C-20260901-02658,2026-09-01 17:55:20,en,claim_status,CL8887934,v15,0.94,84,432,contained,
C-20260901-02659,2026-09-01 16:41:51,en,claim_status,CLM-2026-45191,v15,0.951,171,1206,transferred_human,agent_could_not_resolve
C-20260901-02660,2026-09-01 11:25:40,hi,network_hospital,,v15,0.84,111,433,contained,
C-20260901-02661,2026-09-01 11:38:24,en,claim_status,CL7125469,v15,0.936,153,417,contained,
C-20260901-02662,2026-09-01 12:36:14,en,policy_details,,v15,0.935,257,343,transferred_human,caller_requested_human
C-20260901-02663,2026-09-01 11:48:17,en,policy_details,,v15,0.915,91,473,contained,
C-20260901-02664,2026-09-01 12:44:41,hi,claim_status,CL7917017,v15,0.883,175,393,abandoned,
C-20260901-02665,2026-09-01 11:18:01,en,renewal_premium,,v15,0.99,125,527,contained,
C-20260901-02666,2026-09-01 18:55:32,hi,network_hospital,,v15,0.823,155,401,contained,
C-20260901-02667,2026-09-01 14:40:56,hi,claim_status,CLM-2026-68705,v15,0.831,83,1086,abandoned,
C-20260901-02668,2026-09-01 10:45:56,en,network_hospital,,v15,0.922,175,393,transferred_human,escalation_policy
C-20260901-02669,2026-09-01 11:40:46,en,renewal_premium,,v15,0.929,166,464,contained,
C-20260901-02670,2026-09-01 10:13:37,hi,policy_details,,v15,0.816,141,432,contained,
C-20260901-02671,2026-09-01 16:22:01,hi,renewal_premium,,v15,0.767,105,488,contained,
C-20260901-02672,2026-09-01 12:36:59,en,claim_status,CLM-2026-43990,v15,0.821,170,1158,transferred_human,agent_could_not_resolve
C-20260901-02673,2026-09-01 10:50:37,en,claim_status,CL8705246,v15,0.894,85,271,contained,
C-20260901-02674,2026-09-01 20:28:54,en,network_hospital,,v15,0.815,80,520,contained,
C-20260901-02675,2026-09-01 14:37:03,hi,claim_status,CLM-2026-12825,v15,0.924,170,1575,transferred_human,agent_could_not_resolve
C-20260901-02676,2026-09-01 17:41:31,hi,network_hospital,,v15,0.762,196,520,transferred_human,agent_could_not_resolve
C-20260901-02677,2026-09-01 17:18:02,en,claim_status,CLM-2026-37904,v15,0.962,159,1416,transferred_human,agent_could_not_resolve
C-20260901-02678,2026-09-01 11:58:41,en,claim_status,CLM-2026-99210,v15,0.942,135,1248,transferred_human,agent_could_not_resolve
C-20260901-02679,2026-09-01 12:36:59,en,claim_status,CLM-2026-32307,v15,0.925,130,927,transferred_human,agent_could_not_resolve
C-20260901-02680,2026-09-01 16:43:04,hi,network_hospital,,v15,0.803,149,517,contained,
C-20260901-02681,2026-09-01 16:20:40,en,claim_status,CLM-2026-67631,v15,0.839,200,1230,transferred_human,agent_could_not_resolve
C-20260901-02682,2026-09-01 16:24:45,en,network_hospital,,v15,0.99,142,521,contained,
C-20260901-02683,2026-09-01 18:50:02,en,claim_status,CLM-2026-57571,v15,0.881,162,1326,transferred_human,agent_could_not_resolve
C-20260901-02684,2026-09-01 17:46:00,hi,claim_status,CLM-2026-96518,v15,0.971,195,1098,transferred_human,agent_could_not_resolve
C-20260901-02685,2026-09-01 12:11:02,en,claim_status,CL7363204,v15,0.961,87,509,contained,
C-20260901-02686,2026-09-01 18:32:45,en,renewal_premium,,v15,0.927,98,523,contained,
C-20260901-02687,2026-09-01 16:21:01,en,claim_status,CLM-2026-82638,v15,0.84,190,1314,transferred_human,agent_could_not_resolve
C-20260901-02688,2026-09-01 16:46:49,en,policy_details,,v15,0.894,87,530,contained,
C-20260901-02689,2026-09-01 13:50:42,hi,claim_status,CLM-2026-17258,v15,0.768,154,1599,transferred_human,agent_could_not_resolve
C-20260901-02690,2026-09-01 18:19:06,en,network_hospital,,v15,0.974,104,269,contained,
C-20260901-02691,2026-09-01 12:59:43,en,claim_status,CL7680266,v15,0.89,176,523,contained,
C-20260901-02692,2026-09-01 14:08:56,en,network_hospital,,v15,0.965,132,501,contained,
C-20260901-02693,2026-09-01 10:03:05,en,claim_status,CLM-2026-49337,v15,0.934,244,1158,transferred_human,agent_could_not_resolve
C-20260901-02694,2026-09-01 15:41:08,hi,network_hospital,,v15,0.839,108,249,contained,
C-20260901-02695,2026-09-01 11:42:39,hi,claim_status,CL7616516,v15,0.846,94,490,contained,
C-20260901-02696,2026-09-01 19:08:10,hi,renewal_premium,,v15,0.725,132,1737,transferred_human,caller_requested_human
C-20260901-02697,2026-09-01 16:56:43,en,network_hospital,,v15,0.957,163,350,contained,
C-20260901-02698,2026-09-01 12:00:14,en,claim_status,CLM-2026-48288,v15,0.925,163,1557,transferred_human,agent_could_not_resolve
C-20260901-02699,2026-09-01 14:28:20,en,renewal_premium,,v15,0.853,81,392,contained,
C-20260901-02700,2026-09-01 16:02:38,en,claim_status,CLM-2026-77214,v15,0.967,104,1665,transferred_human,agent_could_not_resolve
C-20260901-02701,2026-09-01 14:33:08,en,renewal_premium,,v15,0.907,116,395,transferred_human,escalation_policy
C-20260901-02702,2026-09-01 11:58:20,hi,claim_status,CLM-2026-34809,v15,0.897,257,1059,transferred_human,agent_could_not_resolve
C-20260901-02703,2026-09-01 11:15:20,en,claim_status,CL8359239,v15,0.972,171,290,transferred_human,caller_requested_human
C-20260901-02704,2026-09-01 11:25:06,en,claim_status,CLM-2026-23867,v15,0.959,146,1335,transferred_human,agent_could_not_resolve
C-20260901-02705,2026-09-01 13:49:21,hi,network_hospital,,v15,0.809,202,517,transferred_human,caller_requested_human
C-20260901-02706,2026-09-01 17:43:02,en,network_hospital,,v15,0.99,195,492,transferred_human,escalation_policy
C-20260901-02707,2026-09-01 15:14:47,hi,renewal_premium,,v15,0.879,34,473,contained,
C-20260901-02708,2026-09-01 16:15:17,en,network_hospital,,v15,0.862,62,389,contained,
C-20260901-02709,2026-09-01 12:15:50,en,renewal_premium,,v15,0.896,132,459,contained,
C-20260901-02710,2026-09-01 20:04:35,en,renewal_premium,,v15,0.957,207,391,transferred_human,out_of_scope
C-20260901-02711,2026-09-01 15:15:12,en,policy_details,,v15,0.984,162,407,transferred_human,caller_requested_human
C-20260901-02712,2026-09-01 13:42:54,en,renewal_premium,,v15,0.96,186,329,contained,
C-20260901-02713,2026-09-01 17:52:08,en,claim_status,CL8336908,v15,0.907,122,391,contained,
C-20260901-02714,2026-09-01 10:51:02,en,claim_status,CLM-2026-68885,v15,0.99,154,1131,transferred_human,agent_could_not_resolve
C-20260901-02715,2026-09-01 13:52:51,en,policy_details,,v15,0.974,183,389,contained,
C-20260901-02716,2026-09-01 11:07:23,en,renewal_premium,,v15,0.88,201,682,contained,
C-20260901-02717,2026-09-01 14:08:55,en,network_hospital,,v15,0.99,166,260,contained,
C-20260901-02718,2026-09-01 16:31:32,en,claim_status,CLM-2026-42427,v15,0.946,106,1134,transferred_human,agent_could_not_resolve
C-20260901-02719,2026-09-01 09:48:34,en,claim_status,CLM-2026-81030,v15,0.865,170,897,transferred_human,agent_could_not_resolve
C-20260901-02720,2026-09-01 11:38:27,en,renewal_premium,,v15,0.937,40,476,contained,
C-20260901-02721,2026-09-01 09:42:29,en,renewal_premium,,v15,0.965,121,1418,contained,
C-20260901-02722,2026-09-01 11:15:01,en,network_hospital,,v15,0.949,139,375,transferred_human,out_of_scope
C-20260901-02723,2026-09-01 11:33:18,hi,renewal_premium,,v15,0.895,80,402,contained,
C-20260901-02724,2026-09-01 15:35:25,en,policy_details,,v15,0.876,114,372,contained,
C-20260901-02725,2026-09-01 14:52:05,en,renewal_premium,,v15,0.904,74,381,contained,
C-20260901-02726,2026-09-01 15:59:58,hi,renewal_premium,,v15,0.971,181,444,transferred_human,out_of_scope
C-20260901-02727,2026-09-01 15:08:12,en,policy_details,,v15,0.972,81,542,contained,
C-20260901-02728,2026-09-01 10:12:50,hi,network_hospital,,v15,0.954,102,485,contained,
C-20260901-02729,2026-09-01 09:49:04,hi,claim_status,CLM-2026-44265,v15,0.795,173,1101,transferred_human,agent_could_not_resolve
C-20260901-02730,2026-09-01 12:02:59,en,claim_status,CLM-2026-16227,v15,0.919,141,1257,transferred_human,agent_could_not_resolve
C-20260901-02731,2026-09-01 19:51:31,en,policy_details,,v15,0.822,210,462,contained,
C-20260901-02732,2026-09-01 19:47:50,hi,claim_status,CLM-2026-34431,v15,0.873,200,987,transferred_human,agent_could_not_resolve
C-20260901-02733,2026-09-01 11:14:52,hi,policy_details,,v15,0.882,104,310,transferred_human,caller_requested_human
C-20260901-02734,2026-09-01 20:19:13,en,claim_status,CLM-2026-37373,v15,0.921,180,1149,transferred_human,agent_could_not_resolve
C-20260901-02735,2026-09-01 12:46:11,en,network_hospital,,v15,0.902,100,385,contained,
C-20260901-02736,2026-09-01 14:28:50,hi,network_hospital,,v15,0.856,142,508,contained,
C-20260901-02737,2026-09-01 15:59:56,hi,claim_status,CL7974899,v15,0.827,209,329,transferred_human,caller_requested_human
C-20260901-02738,2026-09-01 17:53:51,en,claim_status,CL8439541,v15,0.951,159,601,transferred_human,caller_requested_human
C-20260901-02739,2026-09-01 11:20:49,en,claim_status,CL8644077,v15,0.978,80,329,contained,
C-20260901-02740,2026-09-01 13:02:49,en,network_hospital,,v15,0.94,104,537,contained,
C-20260901-02741,2026-09-01 12:18:01,en,claim_status,CLM-2026-40886,v15,0.99,200,1119,transferred_human,agent_could_not_resolve
C-20260901-02742,2026-09-01 17:42:39,hi,policy_details,,v15,0.82,96,401,contained,
C-20260901-02743,2026-09-01 11:03:34,en,renewal_premium,,v15,0.884,219,447,contained,
C-20260901-02744,2026-09-01 14:36:36,en,claim_status,CL7971779,v15,0.919,99,385,contained,
C-20260901-02745,2026-09-01 11:51:10,en,claim_status,CLM-2026-64542,v15,0.887,195,681,transferred_human,agent_could_not_resolve
C-20260901-02746,2026-09-01 12:49:47,en,network_hospital,,v15,0.893,169,411,transferred_human,out_of_scope
C-20260901-02747,2026-09-01 20:29:40,en,network_hospital,,v15,0.963,72,384,contained,
C-20260901-02748,2026-09-01 20:34:18,en,network_hospital,,v15,0.894,153,329,transferred_human,caller_requested_human
C-20260901-02749,2026-09-01 12:35:06,en,policy_details,,v15,0.902,138,532,transferred_human,escalation_policy
C-20260901-02750,2026-09-01 16:05:18,en,claim_status,CL8943127,v15,0.896,84,410,contained,
C-20260901-02751,2026-09-01 10:42:44,en,renewal_premium,,v15,0.985,112,516,contained,
C-20260901-02752,2026-09-01 17:55:02,en,claim_status,CLM-2026-16835,v15,0.935,60,864,transferred_human,agent_could_not_resolve
C-20260901-02753,2026-09-01 16:10:36,en,claim_status,CL7771308,v15,0.947,52,468,contained,
C-20260901-02754,2026-09-01 17:55:05,hi,policy_details,,v15,0.942,123,642,contained,
C-20260901-02755,2026-09-01 13:01:38,en,network_hospital,,v15,0.983,148,509,transferred_human,agent_could_not_resolve
C-20260901-02756,2026-09-01 17:39:09,en,network_hospital,,v15,0.99,187,388,transferred_human,caller_requested_human
C-20260901-02757,2026-09-01 11:11:57,en,renewal_premium,,v15,0.939,145,377,transferred_human,out_of_scope
C-20260901-02758,2026-09-01 10:06:06,en,network_hospital,,v15,0.869,90,371,contained,
C-20260902-02759,2026-09-02 10:00:22,en,network_hospital,,v15,0.957,175,474,contained,
C-20260902-02760,2026-09-02 14:56:12,en,network_hospital,,v15,0.963,75,432,transferred_human,agent_could_not_resolve
C-20260902-02761,2026-09-02 11:10:41,en,policy_details,,v15,0.977,110,440,contained,
C-20260902-02762,2026-09-02 12:06:49,en,policy_details,,v15,0.99,73,419,contained,
C-20260902-02763,2026-09-02 11:53:48,en,network_hospital,,v15,0.972,107,438,transferred_human,out_of_scope
C-20260902-02764,2026-09-02 10:21:19,en,claim_status,CL8087660,v15,0.972,54,451,contained,
C-20260902-02765,2026-09-02 15:23:29,en,network_hospital,,v15,0.919,120,417,transferred_human,agent_could_not_resolve
C-20260902-02766,2026-09-02 15:35:56,hi,policy_details,,v15,0.754,211,496,abandoned,
C-20260902-02767,2026-09-02 11:54:25,hi,claim_status,CL7592947,v15,0.768,186,335,transferred_human,caller_requested_human
C-20260902-02768,2026-09-02 17:19:45,en,claim_status,CLM-2026-98155,v15,0.81,207,1401,transferred_human,agent_could_not_resolve
C-20260902-02769,2026-09-02 09:29:04,en,renewal_premium,,v15,0.947,193,455,contained,
C-20260902-02770,2026-09-02 12:39:16,en,claim_status,CL7950382,v15,0.975,84,447,contained,
C-20260902-02771,2026-09-02 16:04:39,en,renewal_premium,,v15,0.99,192,348,transferred_human,agent_could_not_resolve
C-20260902-02772,2026-09-02 15:20:51,en,claim_status,CLM-2026-11784,v15,0.947,123,1233,transferred_human,agent_could_not_resolve
C-20260902-02773,2026-09-02 09:10:52,en,claim_status,CL8786958,v15,0.99,133,591,transferred_human,caller_requested_human
C-20260902-02774,2026-09-02 13:31:55,en,network_hospital,,v15,0.871,62,584,contained,
C-20260902-02775,2026-09-02 14:29:52,en,claim_status,CL8274973,v15,0.886,142,330,contained,
C-20260902-02776,2026-09-02 11:44:32,en,claim_status,CLM-2026-14304,v15,0.943,203,900,transferred_human,agent_could_not_resolve
C-20260902-02777,2026-09-02 13:40:07,en,claim_status,CLM-2026-18743,v15,0.9,180,993,abandoned,
C-20260902-02778,2026-09-02 13:11:08,en,claim_status,CL8487304,v15,0.961,138,575,contained,
C-20260902-02779,2026-09-02 09:02:46,en,network_hospital,,v15,0.955,141,390,contained,
C-20260902-02780,2026-09-02 17:47:44,en,network_hospital,,v15,0.979,123,264,contained,
C-20260902-02781,2026-09-02 16:00:10,en,network_hospital,,v15,0.881,144,494,contained,
C-20260902-02782,2026-09-02 16:56:00,en,renewal_premium,,v15,0.873,161,408,abandoned,
C-20260902-02783,2026-09-02 11:17:45,en,policy_details,,v15,0.952,177,402,transferred_human,out_of_scope
C-20260902-02784,2026-09-02 18:35:08,en,renewal_premium,,v15,0.99,84,403,contained,
C-20260902-02785,2026-09-02 10:53:34,en,renewal_premium,,v15,0.813,220,329,abandoned,
C-20260902-02786,2026-09-02 10:03:38,en,claim_status,CL8534380,v15,0.892,177,437,contained,
C-20260902-02787,2026-09-02 12:01:44,en,claim_status,CL7962306,v15,0.908,106,346,contained,
C-20260902-02788,2026-09-02 19:42:29,hi,claim_status,CLM-2026-64720,v15,0.815,149,1392,transferred_human,agent_could_not_resolve
C-20260902-02789,2026-09-02 12:21:57,hi,policy_details,,v15,0.838,118,496,transferred_human,out_of_scope
C-20260902-02790,2026-09-02 10:21:45,en,claim_status,CLM-2026-58601,v15,0.943,142,1350,transferred_human,agent_could_not_resolve
C-20260902-02791,2026-09-02 16:11:20,en,claim_status,CLM-2026-48272,v15,0.981,206,1281,transferred_human,agent_could_not_resolve
C-20260902-02792,2026-09-02 20:21:23,hi,network_hospital,,v15,0.847,116,375,contained,
C-20260902-02793,2026-09-02 19:56:56,hi,claim_status,CL7136787,v15,0.801,66,348,contained,
C-20260902-02794,2026-09-02 17:51:32,hi,claim_status,CLM-2026-27043,v15,0.811,167,1071,transferred_human,agent_could_not_resolve
C-20260902-02795,2026-09-02 10:27:59,en,policy_details,,v15,0.861,186,356,contained,
C-20260902-02796,2026-09-02 14:58:02,hi,renewal_premium,,v15,0.793,107,427,contained,
C-20260902-02797,2026-09-02 12:50:45,en,network_hospital,,v15,0.899,133,471,transferred_human,caller_requested_human
C-20260902-02798,2026-09-02 15:16:50,en,claim_status,CL8535499,v15,0.865,106,536,contained,
C-20260902-02799,2026-09-02 15:00:14,en,claim_status,CLM-2026-90886,v15,0.915,124,1203,transferred_human,agent_could_not_resolve
C-20260902-02800,2026-09-02 17:32:36,en,claim_status,CL8750766,v15,0.95,136,496,contained,
C-20260902-02801,2026-09-02 19:18:10,en,renewal_premium,,v15,0.948,143,403,abandoned,
C-20260902-02802,2026-09-02 19:27:42,en,policy_details,,v15,0.99,214,526,transferred_human,out_of_scope
C-20260902-02803,2026-09-02 19:34:05,hi,renewal_premium,,v15,0.847,116,433,contained,
C-20260902-02804,2026-09-02 14:38:18,en,network_hospital,,v15,0.96,49,370,contained,
C-20260902-02805,2026-09-02 15:53:12,hi,claim_status,CLM-2026-24114,v15,0.84,137,1260,transferred_human,agent_could_not_resolve
C-20260902-02806,2026-09-02 16:20:48,hi,claim_status,CL8427484,v15,0.883,167,456,contained,
C-20260902-02807,2026-09-02 20:26:56,en,claim_status,CLM-2026-16057,v15,0.896,201,972,transferred_human,agent_could_not_resolve
C-20260902-02808,2026-09-02 19:49:15,en,renewal_premium,,v15,0.978,156,435,transferred_human,caller_requested_human
C-20260902-02809,2026-09-02 12:17:18,en,renewal_premium,,v15,0.889,172,424,transferred_human,out_of_scope
C-20260902-02810,2026-09-02 10:38:44,en,claim_status,CL7683644,v15,0.851,107,473,contained,
C-20260902-02811,2026-09-02 18:40:04,hi,claim_status,CL8962972,v15,0.988,179,490,transferred_human,escalation_policy
C-20260902-02812,2026-09-02 13:27:30,hi,policy_details,,v15,0.867,207,338,transferred_human,caller_requested_human
C-20260902-02813,2026-09-02 12:43:00,en,network_hospital,,v15,0.934,142,384,contained,
C-20260902-02814,2026-09-02 15:44:25,en,network_hospital,,v15,0.857,175,350,transferred_human,out_of_scope
C-20260902-02815,2026-09-02 10:19:35,en,claim_status,CLM-2026-53545,v15,0.927,148,1281,transferred_human,agent_could_not_resolve
C-20260902-02816,2026-09-02 11:00:43,en,claim_status,CLM-2026-30135,v15,0.905,161,1110,transferred_human,agent_could_not_resolve
C-20260902-02817,2026-09-02 12:38:58,en,policy_details,,v15,0.934,210,307,transferred_human,agent_could_not_resolve
C-20260902-02818,2026-09-02 17:49:50,en,renewal_premium,,v15,0.942,96,317,transferred_human,agent_could_not_resolve
C-20260902-02819,2026-09-02 12:18:13,en,renewal_premium,,v15,0.959,97,420,contained,
C-20260902-02820,2026-09-02 10:21:56,hi,claim_status,CL7667591,v15,0.885,123,416,contained,
C-20260902-02821,2026-09-02 20:23:54,hi,policy_details,,v15,0.79,96,477,contained,
C-20260902-02822,2026-09-02 18:23:20,hi,policy_details,,v15,0.891,164,399,contained,
C-20260902-02823,2026-09-02 19:57:54,en,claim_status,CLM-2026-49714,v15,0.925,156,1497,transferred_human,agent_could_not_resolve
C-20260902-02824,2026-09-02 09:30:25,en,network_hospital,,v15,0.987,107,297,contained,
C-20260902-02825,2026-09-02 10:13:34,en,claim_status,CLM-2026-96925,v15,0.899,162,1365,transferred_human,agent_could_not_resolve
C-20260902-02826,2026-09-02 11:55:18,en,claim_status,CLM-2026-40820,v15,0.984,244,1671,transferred_human,agent_could_not_resolve
C-20260902-02827,2026-09-02 13:39:06,en,claim_status,CLM-2026-15103,v15,0.933,158,843,transferred_human,agent_could_not_resolve
C-20260902-02828,2026-09-02 09:59:12,en,claim_status,CLM-2026-56683,v15,0.99,114,1176,transferred_human,agent_could_not_resolve
C-20260902-02829,2026-09-02 16:56:11,en,renewal_premium,,v15,0.893,145,328,contained,
C-20260902-02830,2026-09-02 12:15:09,en,network_hospital,,v15,0.97,164,358,contained,
C-20260902-02831,2026-09-02 15:12:35,en,claim_status,CLM-2026-82876,v15,0.899,159,1290,transferred_human,agent_could_not_resolve
C-20260902-02832,2026-09-02 10:12:30,en,renewal_premium,,v15,0.818,192,422,contained,
C-20260902-02833,2026-09-02 11:16:39,en,network_hospital,,v15,0.939,137,409,contained,
C-20260902-02834,2026-09-02 11:59:40,en,network_hospital,,v15,0.958,160,568,transferred_human,out_of_scope
C-20260902-02835,2026-09-02 19:25:22,en,renewal_premium,,v15,0.87,142,432,contained,
C-20260902-02836,2026-09-02 12:15:17,en,network_hospital,,v15,0.883,105,583,contained,
C-20260902-02837,2026-09-02 12:49:18,hi,policy_details,,v15,0.835,111,384,contained,
C-20260902-02838,2026-09-02 10:47:35,en,policy_details,,v15,0.949,109,505,contained,
C-20260902-02839,2026-09-02 16:57:13,en,claim_status,CLM-2026-76331,v15,0.99,116,1803,transferred_human,agent_could_not_resolve
C-20260902-02840,2026-09-02 15:33:45,en,renewal_premium,,v15,0.886,128,565,contained,
C-20260902-02841,2026-09-02 15:59:15,hi,claim_status,CLM-2026-59267,v15,0.892,147,1401,transferred_human,agent_could_not_resolve
C-20260902-02842,2026-09-02 18:27:47,en,claim_status,CL7821809,v15,0.914,102,502,contained,
C-20260902-02843,2026-09-02 17:47:07,hi,claim_status,CL8442682,v15,0.853,186,282,transferred_human,out_of_scope
C-20260902-02844,2026-09-02 17:06:05,en,renewal_premium,,v15,0.873,123,329,contained,
C-20260902-02845,2026-09-02 13:54:05,en,claim_status,CLM-2026-41663,v15,0.99,156,945,transferred_human,agent_could_not_resolve
C-20260902-02846,2026-09-02 11:27:00,en,claim_status,CL7952144,v15,0.919,25,303,contained,
C-20260902-02847,2026-09-02 16:10:34,en,renewal_premium,,v15,0.901,153,304,transferred_human,agent_could_not_resolve
C-20260902-02848,2026-09-02 18:31:49,hi,renewal_premium,,v15,0.879,228,461,contained,
C-20260902-02849,2026-09-02 16:41:43,hi,renewal_premium,,v15,0.859,67,359,abandoned,
C-20260902-02850,2026-09-02 12:57:37,en,claim_status,CLM-2026-46272,v15,0.962,121,1542,transferred_human,agent_could_not_resolve
C-20260902-02851,2026-09-02 17:54:35,en,policy_details,,v15,0.903,180,386,transferred_human,agent_could_not_resolve
C-20260902-02852,2026-09-02 19:08:06,en,renewal_premium,,v15,0.957,150,606,transferred_human,caller_requested_human
C-20260902-02853,2026-09-02 11:10:40,en,network_hospital,,v15,0.988,93,414,contained,
C-20260902-02854,2026-09-02 17:06:16,en,claim_status,CL8330720,v15,0.94,163,365,contained,
C-20260902-02855,2026-09-02 12:27:18,en,claim_status,CLM-2026-94260,v15,0.965,197,1041,transferred_human,agent_could_not_resolve
C-20260902-02856,2026-09-02 17:13:35,en,renewal_premium,,v15,0.929,106,389,contained,
C-20260902-02857,2026-09-02 10:11:34,en,network_hospital,,v15,0.836,45,493,contained,
C-20260902-02858,2026-09-02 12:26:40,en,claim_status,CL7832316,v15,0.97,153,618,contained,
C-20260902-02859,2026-09-02 19:59:51,en,renewal_premium,,v15,0.886,123,418,transferred_human,escalation_policy
C-20260902-02860,2026-09-02 14:55:42,hi,renewal_premium,,v15,0.882,169,346,transferred_human,agent_could_not_resolve
C-20260902-02861,2026-09-02 14:18:42,hi,claim_status,CLM-2026-79754,v15,0.805,123,471,transferred_human,agent_could_not_resolve
C-20260902-02862,2026-09-02 11:55:13,en,policy_details,,v15,0.922,179,277,transferred_human,caller_requested_human
C-20260902-02863,2026-09-02 15:58:02,en,policy_details,,v15,0.929,125,533,transferred_human,caller_requested_human
C-20260902-02864,2026-09-02 17:27:03,en,claim_status,CL7855034,v15,0.81,108,404,contained,
C-20260902-02865,2026-09-02 14:42:30,en,claim_status,CLM-2026-57246,v15,0.931,130,1689,transferred_human,agent_could_not_resolve
C-20260902-02866,2026-09-02 13:52:04,en,claim_status,CLM-2026-80993,v15,0.849,163,1380,transferred_human,agent_could_not_resolve
C-20260902-02867,2026-09-02 09:35:04,hi,policy_details,,v15,0.739,164,359,contained,
C-20260902-02868,2026-09-02 13:55:40,en,renewal_premium,,v15,0.928,105,412,contained,
C-20260902-02869,2026-09-02 09:02:23,hi,claim_status,CLM-2026-13275,v15,0.904,169,1395,transferred_human,agent_could_not_resolve
C-20260902-02870,2026-09-02 13:10:39,en,renewal_premium,,v15,0.904,138,553,contained,
C-20260902-02871,2026-09-02 13:05:37,en,renewal_premium,,v15,0.918,151,477,contained,
C-20260902-02872,2026-09-02 10:21:19,en,claim_status,CL7775197,v15,0.958,65,204,contained,
C-20260902-02873,2026-09-02 18:58:55,en,network_hospital,,v15,0.954,167,342,contained,
C-20260902-02874,2026-09-02 10:47:48,en,renewal_premium,,v15,0.927,120,369,contained,
C-20260902-02875,2026-09-02 10:36:45,en,claim_status,CLM-2026-85509,v15,0.891,186,1638,transferred_human,agent_could_not_resolve
C-20260902-02876,2026-09-02 09:26:41,hi,renewal_premium,,v15,0.796,99,447,contained,
C-20260902-02877,2026-09-02 19:56:59,en,renewal_premium,,v15,0.897,138,414,transferred_human,agent_could_not_resolve
C-20260902-02878,2026-09-02 14:00:03,en,renewal_premium,,v15,0.99,106,436,transferred_human,agent_could_not_resolve
C-20260902-02879,2026-09-02 10:49:28,hi,network_hospital,,v15,0.826,228,564,transferred_human,out_of_scope
C-20260902-02880,2026-09-02 20:14:21,hi,claim_status,CLM-2026-70730,v15,0.839,190,1083,transferred_human,agent_could_not_resolve
C-20260902-02881,2026-09-02 14:46:11,en,network_hospital,,v15,0.943,176,505,transferred_human,caller_requested_human
C-20260902-02882,2026-09-02 20:33:23,en,renewal_premium,,v15,0.99,144,413,contained,
C-20260902-02883,2026-09-02 12:52:38,en,renewal_premium,,v15,0.83,182,582,contained,
C-20260902-02884,2026-09-02 10:37:43,en,claim_status,CL8004151,v15,0.99,139,421,contained,
C-20260902-02885,2026-09-02 17:22:30,en,renewal_premium,,v15,0.865,172,418,transferred_human,escalation_policy
C-20260902-02886,2026-09-02 15:58:39,en,claim_status,CL8133974,v15,0.882,126,421,transferred_human,agent_could_not_resolve
C-20260902-02887,2026-09-02 15:58:41,hi,claim_status,CL8632785,v15,0.945,111,467,abandoned,
C-20260902-02888,2026-09-02 16:37:54,en,claim_status,CL7310937,v15,0.946,142,562,contained,
C-20260902-02889,2026-09-02 09:33:02,en,policy_details,,v15,0.976,79,429,contained,
C-20260902-02890,2026-09-02 13:05:41,en,renewal_premium,,v15,0.99,150,323,contained,
C-20260902-02891,2026-09-02 09:08:41,en,renewal_premium,,v15,0.98,176,472,transferred_human,out_of_scope
C-20260902-02892,2026-09-02 13:28:22,en,network_hospital,,v15,0.921,155,419,transferred_human,agent_could_not_resolve
C-20260902-02893,2026-09-02 20:29:17,hi,claim_status,CLM-2026-93865,v15,0.809,150,1509,transferred_human,agent_could_not_resolve
C-20260902-02894,2026-09-02 20:23:53,hi,claim_status,CLM-2026-87157,v15,0.827,179,1638,transferred_human,agent_could_not_resolve
C-20260902-02895,2026-09-02 15:45:28,hi,claim_status,CL7240629,v15,0.842,160,331,contained,
C-20260902-02896,2026-09-02 14:33:11,hi,network_hospital,,v15,0.878,84,513,contained,
C-20260902-02897,2026-09-02 20:37:33,en,claim_status,CLM-2026-11244,v15,0.939,144,669,transferred_human,agent_could_not_resolve
C-20260902-02898,2026-09-02 12:33:05,en,claim_status,CLM-2026-47123,v15,0.973,190,1215,transferred_human,agent_could_not_resolve
C-20260902-02899,2026-09-02 10:38:23,hi,policy_details,,v15,0.836,48,380,contained,
C-20260902-02900,2026-09-02 17:43:02,hi,claim_status,CL7452610,v15,0.813,107,308,transferred_human,escalation_policy
C-20260902-02901,2026-09-02 12:22:55,en,claim_status,CL8203932,v15,0.878,52,453,contained,
C-20260902-02902,2026-09-02 11:24:16,hi,claim_status,CLM-2026-69808,v15,0.853,126,1071,transferred_human,agent_could_not_resolve
C-20260902-02903,2026-09-02 18:48:33,en,policy_details,,v15,0.876,172,576,contained,
C-20260902-02904,2026-09-02 12:57:35,en,network_hospital,,v15,0.856,222,304,transferred_human,caller_requested_human
C-20260902-02905,2026-09-02 14:41:20,en,claim_status,CLM-2026-24231,v15,0.931,149,1455,transferred_human,agent_could_not_resolve
C-20260902-02906,2026-09-02 14:28:57,en,claim_status,CLM-2026-17649,v15,0.835,202,1002,transferred_human,agent_could_not_resolve
C-20260902-02907,2026-09-02 11:44:15,en,renewal_premium,,v15,0.897,217,503,transferred_human,agent_could_not_resolve
C-20260902-02908,2026-09-02 15:17:26,en,renewal_premium,,v15,0.939,156,300,transferred_human,escalation_policy
C-20260902-02909,2026-09-02 12:34:47,en,claim_status,CL8581881,v15,0.99,200,378,transferred_human,out_of_scope
C-20260902-02910,2026-09-02 13:10:33,hi,claim_status,CLM-2026-74398,v15,0.835,116,2157,transferred_human,agent_could_not_resolve
C-20260902-02911,2026-09-02 12:22:56,en,renewal_premium,,v15,0.961,170,579,contained,
C-20260902-02912,2026-09-02 18:12:34,en,claim_status,CL7312515,v15,0.973,94,584,contained,
C-20260902-02913,2026-09-02 15:30:57,en,renewal_premium,,v15,0.884,93,520,contained,
C-20260902-02914,2026-09-02 15:32:17,hi,claim_status,CLM-2026-99500,v15,0.772,153,1317,transferred_human,agent_could_not_resolve
C-20260902-02915,2026-09-02 14:56:28,hi,policy_details,,v15,0.902,137,319,transferred_human,caller_requested_human
C-20260902-02916,2026-09-02 18:42:33,en,renewal_premium,,v15,0.964,146,521,transferred_human,caller_requested_human
C-20260902-02917,2026-09-02 11:34:06,hi,claim_status,CL7736668,v15,0.85,97,470,contained,
C-20260902-02918,2026-09-02 15:51:56,en,policy_details,,v15,0.99,121,361,transferred_human,out_of_scope
C-20260902-02919,2026-09-02 13:42:41,en,claim_status,CLM-2026-64783,v15,0.876,166,1290,transferred_human,agent_could_not_resolve
C-20260902-02920,2026-09-02 16:03:13,en,claim_status,CLM-2026-61789,v15,0.845,122,1095,transferred_human,agent_could_not_resolve
C-20260902-02921,2026-09-02 11:24:53,en,policy_details,,v15,0.912,84,356,contained,
C-20260902-02922,2026-09-02 13:03:33,en,network_hospital,,v15,0.853,106,430,contained,
C-20260902-02923,2026-09-02 13:32:06,en,claim_status,CL8383730,v15,0.99,109,510,contained,
C-20260902-02924,2026-09-02 12:03:46,en,claim_status,CLM-2026-12409,v15,0.855,147,1275,transferred_human,agent_could_not_resolve
C-20260902-02925,2026-09-02 12:25:55,en,network_hospital,,v15,0.877,158,505,transferred_human,out_of_scope
C-20260902-02926,2026-09-02 15:52:31,en,network_hospital,,v15,0.929,162,481,contained,
C-20260902-02927,2026-09-02 11:18:43,hi,network_hospital,,v15,0.832,184,355,transferred_human,escalation_policy
C-20260902-02928,2026-09-02 17:33:58,en,claim_status,CL8553507,v15,0.842,105,377,transferred_human,caller_requested_human
C-20260902-02929,2026-09-02 17:02:02,en,claim_status,CLM-2026-87218,v15,0.99,126,1266,transferred_human,agent_could_not_resolve
C-20260902-02930,2026-09-02 11:00:11,en,renewal_premium,,v15,0.968,98,406,contained,
C-20260902-02931,2026-09-02 11:45:04,en,claim_status,CL7856919,v15,0.978,126,361,contained,
C-20260902-02932,2026-09-02 12:26:26,en,claim_status,CLM-2026-26340,v15,0.99,154,1176,transferred_human,agent_could_not_resolve
C-20260902-02933,2026-09-02 10:44:49,en,claim_status,CLM-2026-73071,v15,0.882,150,1506,transferred_human,agent_could_not_resolve
C-20260902-02934,2026-09-02 12:19:38,en,policy_details,,v15,0.924,138,487,contained,
C-20260902-02935,2026-09-02 10:22:40,en,claim_status,CLM-2026-98926,v15,0.782,159,1551,transferred_human,agent_could_not_resolve
C-20260902-02936,2026-09-02 12:03:22,en,claim_status,CLM-2026-39059,v15,0.99,115,1176,transferred_human,agent_could_not_resolve
C-20260902-02937,2026-09-02 14:50:11,en,renewal_premium,,v15,0.789,171,546,transferred_human,out_of_scope
C-20260902-02938,2026-09-02 20:27:22,hi,policy_details,,v15,0.896,85,274,contained,
C-20260902-02939,2026-09-02 09:51:07,en,claim_status,CL7059930,v15,0.874,185,440,contained,
C-20260902-02940,2026-09-02 13:30:40,en,claim_status,CLM-2026-84521,v15,0.976,213,1131,transferred_human,agent_could_not_resolve
C-20260902-02941,2026-09-02 17:51:49,en,renewal_premium,,v15,0.988,99,486,contained,
C-20260902-02942,2026-09-02 17:12:29,en,network_hospital,,v15,0.895,114,425,contained,
C-20260902-02943,2026-09-02 17:21:52,en,network_hospital,,v15,0.894,163,510,contained,
C-20260902-02944,2026-09-02 13:38:51,en,claim_status,CLM-2026-14029,v15,0.914,156,1113,transferred_human,agent_could_not_resolve
C-20260902-02945,2026-09-02 13:59:12,en,network_hospital,,v15,0.893,99,400,contained,
C-20260902-02946,2026-09-02 15:31:37,en,claim_status,CL7083533,v15,0.942,140,460,contained,
C-20260902-02947,2026-09-02 11:41:54,en,claim_status,CL8834737,v15,0.95,128,323,contained,
C-20260902-02948,2026-09-02 11:13:45,en,policy_details,,v15,0.915,155,440,transferred_human,out_of_scope
C-20260902-02949,2026-09-02 20:37:25,hi,network_hospital,,v15,0.888,166,471,contained,
C-20260902-02950,2026-09-02 14:51:53,en,policy_details,,v15,0.936,85,361,contained,
C-20260903-02951,2026-09-03 17:55:58,en,renewal_premium,,v15,0.978,196,327,transferred_human,agent_could_not_resolve
C-20260903-02952,2026-09-03 12:16:27,en,network_hospital,,v15,0.99,94,471,contained,
C-20260903-02953,2026-09-03 17:55:11,en,claim_status,CLM-2026-37597,v15,0.927,206,1374,transferred_human,agent_could_not_resolve
C-20260903-02954,2026-09-03 10:10:05,hi,claim_status,CL8358345,v15,0.846,125,593,contained,
C-20260903-02955,2026-09-03 13:16:30,en,renewal_premium,,v15,0.985,149,407,contained,
C-20260903-02956,2026-09-03 16:47:34,hi,network_hospital,,v15,0.816,119,495,transferred_human,caller_requested_human
C-20260903-02957,2026-09-03 13:29:20,hi,network_hospital,,v15,0.843,113,594,contained,
C-20260903-02958,2026-09-03 19:36:13,en,claim_status,CLM-2026-14952,v15,0.88,171,879,transferred_human,agent_could_not_resolve
C-20260903-02959,2026-09-03 16:58:25,en,renewal_premium,,v15,0.918,200,384,transferred_human,caller_requested_human
C-20260903-02960,2026-09-03 19:18:39,en,network_hospital,,v15,0.899,145,308,transferred_human,caller_requested_human
C-20260903-02961,2026-09-03 16:35:42,en,network_hospital,,v15,0.827,110,528,transferred_human,out_of_scope
C-20260903-02962,2026-09-03 16:34:44,en,renewal_premium,,v15,0.935,106,388,contained,
C-20260903-02963,2026-09-03 14:44:44,hi,policy_details,,v15,0.848,151,445,transferred_human,caller_requested_human
C-20260903-02964,2026-09-03 17:24:50,en,renewal_premium,,v15,0.957,189,511,contained,
C-20260903-02965,2026-09-03 16:02:23,en,policy_details,,v15,0.977,148,608,contained,
C-20260903-02966,2026-09-03 16:57:43,en,network_hospital,,v15,0.833,122,386,transferred_human,out_of_scope
C-20260903-02967,2026-09-03 17:54:31,en,renewal_premium,,v15,0.966,120,477,contained,
C-20260903-02968,2026-09-03 09:47:56,hi,network_hospital,,v15,0.876,197,482,contained,
C-20260903-02969,2026-09-03 13:52:21,en,claim_status,CLM-2026-70384,v15,0.936,199,1041,transferred_human,agent_could_not_resolve
C-20260903-02970,2026-09-03 16:05:16,en,network_hospital,,v15,0.946,97,476,transferred_human,caller_requested_human
C-20260903-02971,2026-09-03 15:10:13,hi,claim_status,CLM-2026-61238,v15,0.89,136,1281,transferred_human,agent_could_not_resolve
C-20260903-02972,2026-09-03 14:17:50,hi,renewal_premium,,v15,0.834,167,544,transferred_human,out_of_scope
C-20260903-02973,2026-09-03 13:52:21,en,network_hospital,,v15,0.921,70,625,contained,
C-20260903-02974,2026-09-03 09:03:11,hi,renewal_premium,,v15,0.863,25,384,contained,
C-20260903-02975,2026-09-03 09:11:35,hi,claim_status,CLM-2026-64513,v15,0.911,205,936,transferred_human,agent_could_not_resolve
C-20260903-02976,2026-09-03 17:35:26,en,claim_status,CLM-2026-56752,v15,0.929,188,1326,abandoned,
C-20260903-02977,2026-09-03 09:56:04,en,policy_details,,v15,0.978,136,315,transferred_human,escalation_policy
C-20260903-02978,2026-09-03 17:47:17,hi,claim_status,CL8706449,v15,0.838,100,414,contained,
C-20260903-02979,2026-09-03 19:23:58,hi,claim_status,CLM-2026-85829,v15,0.863,146,1506,transferred_human,agent_could_not_resolve
C-20260903-02980,2026-09-03 12:34:38,hi,claim_status,CL7114284,v15,0.793,100,207,transferred_human,caller_requested_human
C-20260903-02981,2026-09-03 16:17:14,en,network_hospital,,v15,0.892,130,303,transferred_human,caller_requested_human
C-20260903-02982,2026-09-03 16:55:43,en,claim_status,CLM-2026-58210,v15,0.965,203,1497,transferred_human,agent_could_not_resolve
C-20260903-02983,2026-09-03 15:30:14,en,claim_status,CL8699946,v15,0.917,33,302,contained,
C-20260903-02984,2026-09-03 12:12:26,en,claim_status,CLM-2026-26005,v15,0.843,218,1002,transferred_human,agent_could_not_resolve
C-20260903-02985,2026-09-03 19:48:48,en,claim_status,CL7202455,v15,0.917,165,262,transferred_human,agent_could_not_resolve
C-20260903-02986,2026-09-03 17:34:10,en,renewal_premium,,v15,0.858,165,349,transferred_human,caller_requested_human
C-20260903-02987,2026-09-03 17:02:21,en,claim_status,CL8846206,v15,0.99,109,454,contained,
C-20260903-02988,2026-09-03 18:31:23,hi,claim_status,CL8010574,v15,0.826,99,418,contained,
C-20260903-02989,2026-09-03 19:33:44,en,claim_status,CLM-2026-96389,v15,0.957,161,1422,abandoned,
C-20260903-02990,2026-09-03 19:32:49,hi,renewal_premium,,v15,0.883,211,515,contained,
C-20260903-02991,2026-09-03 16:34:52,en,claim_status,CLM-2026-36199,v15,0.951,87,828,transferred_human,agent_could_not_resolve
C-20260903-02992,2026-09-03 13:25:42,hi,claim_status,CLM-2026-23779,v15,0.853,167,900,transferred_human,agent_could_not_resolve
C-20260903-02993,2026-09-03 16:46:35,en,claim_status,CL8783491,v15,0.99,108,394,contained,
C-20260903-02994,2026-09-03 17:43:39,en,claim_status,CLM-2026-14416,v15,0.892,203,1101,transferred_human,agent_could_not_resolve
C-20260903-02995,2026-09-03 12:22:46,en,renewal_premium,,v15,0.897,177,467,transferred_human,caller_requested_human
C-20260903-02996,2026-09-03 16:15:01,hi,claim_status,CLM-2026-37967,v15,0.839,172,1596,transferred_human,agent_could_not_resolve
C-20260903-02997,2026-09-03 20:24:01,en,network_hospital,,v15,0.99,169,436,contained,
C-20260903-02998,2026-09-03 13:47:26,en,claim_status,CL7065906,v15,0.874,248,471,transferred_human,out_of_scope
C-20260903-02999,2026-09-03 19:22:52,en,policy_details,,v15,0.945,217,597,contained,
C-20260903-03000,2026-09-03 11:05:10,hi,claim_status,CL8856610,v15,0.87,172,492,contained,
C-20260903-03001,2026-09-03 12:06:28,en,claim_status,CLM-2026-62280,v15,0.911,84,1212,transferred_human,agent_could_not_resolve
C-20260903-03002,2026-09-03 20:09:50,hi,claim_status,CLM-2026-78730,v15,0.771,225,1047,transferred_human,agent_could_not_resolve
C-20260903-03003,2026-09-03 13:50:45,hi,claim_status,CLM-2026-67138,v15,0.84,133,1281,transferred_human,agent_could_not_resolve
C-20260903-03004,2026-09-03 10:00:11,en,claim_status,CL8292852,v15,0.986,168,328,contained,
C-20260903-03005,2026-09-03 17:35:24,en,network_hospital,,v15,0.988,162,347,transferred_human,caller_requested_human
C-20260903-03006,2026-09-03 15:32:37,en,claim_status,CLM-2026-82994,v15,0.814,219,1257,transferred_human,agent_could_not_resolve
C-20260903-03007,2026-09-03 18:50:25,hi,claim_status,CL7934346,v15,0.782,144,640,transferred_human,agent_could_not_resolve
C-20260903-03008,2026-09-03 20:48:32,en,network_hospital,,v15,0.946,124,434,contained,
C-20260903-03009,2026-09-03 14:18:06,en,renewal_premium,,v15,0.882,117,507,contained,
C-20260903-03010,2026-09-03 13:46:02,en,policy_details,,v15,0.884,111,416,contained,
C-20260903-03011,2026-09-03 16:50:45,en,policy_details,,v15,0.909,136,345,contained,
C-20260903-03012,2026-09-03 17:45:15,en,claim_status,CL8368252,v15,0.922,170,543,contained,
C-20260903-03013,2026-09-03 16:09:44,en,network_hospital,,v15,0.858,111,440,contained,
C-20260903-03014,2026-09-03 18:08:29,hi,policy_details,,v15,0.891,203,558,transferred_human,escalation_policy
C-20260903-03015,2026-09-03 17:14:24,en,renewal_premium,,v15,0.944,99,412,contained,
C-20260903-03016,2026-09-03 20:35:44,hi,renewal_premium,,v15,0.83,157,484,contained,
C-20260903-03017,2026-09-03 13:59:47,en,claim_status,CL8805680,v15,0.99,146,366,contained,
C-20260903-03018,2026-09-03 17:41:43,en,network_hospital,,v15,0.949,160,350,contained,
C-20260903-03019,2026-09-03 15:47:42,hi,policy_details,,v15,0.855,145,495,transferred_human,caller_requested_human
C-20260903-03020,2026-09-03 11:17:46,hi,network_hospital,,v15,0.854,230,480,transferred_human,out_of_scope
C-20260903-03021,2026-09-03 16:55:16,en,renewal_premium,,v15,0.966,97,618,contained,
C-20260903-03022,2026-09-03 15:51:03,hi,network_hospital,,v15,0.867,168,543,transferred_human,caller_requested_human
C-20260903-03023,2026-09-03 12:27:49,hi,policy_details,,v15,0.802,72,586,transferred_human,out_of_scope
C-20260903-03024,2026-09-03 10:03:35,en,policy_details,,v15,0.913,144,393,contained,
C-20260903-03025,2026-09-03 18:10:51,hi,policy_details,,v15,0.855,177,428,transferred_human,caller_requested_human
C-20260903-03026,2026-09-03 17:02:00,en,policy_details,,v15,0.906,72,463,contained,
C-20260903-03027,2026-09-03 15:13:46,hi,claim_status,CLM-2026-48490,v15,0.914,172,1521,transferred_human,agent_could_not_resolve
C-20260903-03028,2026-09-03 10:18:22,en,claim_status,CLM-2026-32123,v15,0.863,106,1479,transferred_human,agent_could_not_resolve
C-20260903-03029,2026-09-03 13:50:58,en,renewal_premium,,v15,0.905,123,308,contained,
C-20260903-03030,2026-09-03 16:20:27,en,renewal_premium,,v15,0.921,150,470,transferred_human,caller_requested_human
C-20260903-03031,2026-09-03 09:19:51,hi,claim_status,CLM-2026-13753,v15,0.851,246,1311,transferred_human,agent_could_not_resolve
C-20260903-03032,2026-09-03 13:06:28,en,claim_status,CLM-2026-24816,v15,0.99,172,1221,transferred_human,agent_could_not_resolve
C-20260903-03033,2026-09-03 18:41:06,en,claim_status,CLM-2026-29724,v15,0.974,201,1392,transferred_human,agent_could_not_resolve
C-20260903-03034,2026-09-03 17:40:10,en,network_hospital,,v15,0.908,165,347,abandoned,
C-20260903-03035,2026-09-03 11:30:04,en,renewal_premium,,v15,0.91,139,437,transferred_human,caller_requested_human
C-20260903-03036,2026-09-03 09:37:47,en,policy_details,,v15,0.951,112,461,contained,
C-20260903-03037,2026-09-03 14:12:37,hi,claim_status,CL8193519,v15,0.759,131,362,contained,
C-20260903-03038,2026-09-03 12:08:39,en,claim_status,CLM-2026-65102,v15,0.905,136,969,transferred_human,agent_could_not_resolve
C-20260903-03039,2026-09-03 17:04:25,hi,claim_status,CLM-2026-43702,v15,0.81,147,1329,transferred_human,agent_could_not_resolve
C-20260903-03040,2026-09-03 16:20:05,en,claim_status,CL8801941,v15,0.95,76,556,contained,
C-20260903-03041,2026-09-03 10:13:04,en,network_hospital,,v15,0.943,130,464,contained,
C-20260903-03042,2026-09-03 11:36:28,hi,claim_status,CL8679138,v15,0.823,213,327,transferred_human,caller_requested_human
C-20260903-03043,2026-09-03 16:26:45,hi,claim_status,CLM-2026-74601,v15,0.875,130,1266,transferred_human,agent_could_not_resolve
C-20260903-03044,2026-09-03 20:14:53,en,renewal_premium,,v15,0.99,132,522,contained,
C-20260903-03045,2026-09-03 15:43:38,en,claim_status,CL7151226,v15,0.9,66,563,contained,
C-20260903-03046,2026-09-03 09:28:50,hi,network_hospital,,v15,0.902,104,366,transferred_human,agent_could_not_resolve
C-20260903-03047,2026-09-03 10:29:36,hi,renewal_premium,,v15,0.792,156,420,contained,
C-20260903-03048,2026-09-03 09:17:35,en,claim_status,CL7951270,v15,0.93,67,317,contained,
C-20260903-03049,2026-09-03 16:55:54,en,claim_status,CL8293962,v15,0.972,152,457,contained,
C-20260903-03050,2026-09-03 10:23:15,en,policy_details,,v15,0.9,90,547,contained,
C-20260903-03051,2026-09-03 09:28:37,en,policy_details,,v15,0.859,89,331,contained,
C-20260903-03052,2026-09-03 11:48:30,en,claim_status,CLM-2026-25149,v15,0.985,168,1230,transferred_human,agent_could_not_resolve
C-20260903-03053,2026-09-03 11:51:12,en,renewal_premium,,v15,0.971,89,495,contained,
C-20260903-03054,2026-09-03 19:21:27,en,renewal_premium,,v15,0.904,112,577,contained,
C-20260903-03055,2026-09-03 19:58:33,en,network_hospital,,v15,0.929,145,418,contained,
C-20260903-03056,2026-09-03 13:54:22,hi,renewal_premium,,v15,0.911,95,576,contained,
C-20260903-03057,2026-09-03 19:06:03,en,policy_details,,v15,0.981,40,266,contained,
C-20260903-03058,2026-09-03 16:14:23,en,renewal_premium,,v15,0.99,119,563,transferred_human,agent_could_not_resolve
C-20260903-03059,2026-09-03 16:42:19,hi,network_hospital,,v15,0.806,121,266,contained,
C-20260903-03060,2026-09-03 17:24:27,hi,claim_status,CLM-2026-39995,v15,0.869,78,1887,transferred_human,agent_could_not_resolve
C-20260903-03061,2026-09-03 13:03:01,en,claim_status,CL7913584,v15,0.933,108,303,contained,
C-20260903-03062,2026-09-03 11:11:04,en,claim_status,CL7633503,v15,0.99,122,308,contained,
C-20260903-03063,2026-09-03 20:16:09,en,policy_details,,v15,0.915,126,256,contained,
C-20260903-03064,2026-09-03 12:53:04,en,claim_status,CLM-2026-75241,v15,0.945,107,1614,transferred_human,agent_could_not_resolve
C-20260903-03065,2026-09-03 17:50:51,en,policy_details,,v15,0.858,198,494,transferred_human,out_of_scope
C-20260903-03066,2026-09-03 10:55:44,en,network_hospital,,v15,0.97,165,333,contained,
C-20260903-03067,2026-09-03 12:58:21,en,claim_status,CL7506467,v15,0.863,62,474,contained,
C-20260903-03068,2026-09-03 12:17:06,hi,network_hospital,,v15,0.87,143,383,contained,
C-20260903-03069,2026-09-03 10:01:34,en,claim_status,CLM-2026-61673,v15,0.99,127,900,transferred_human,agent_could_not_resolve
C-20260903-03070,2026-09-03 18:03:10,hi,network_hospital,,v15,0.805,149,433,contained,
C-20260903-03071,2026-09-03 18:57:26,en,renewal_premium,,v15,0.9,101,515,contained,
C-20260903-03072,2026-09-03 13:30:03,hi,claim_status,CL7950982,v15,0.81,133,465,abandoned,
C-20260903-03073,2026-09-03 18:15:01,en,network_hospital,,v15,0.958,93,393,contained,
C-20260903-03074,2026-09-03 12:43:57,en,claim_status,CLM-2026-12302,v15,0.888,161,1623,transferred_human,agent_could_not_resolve
C-20260903-03075,2026-09-03 12:52:46,hi,claim_status,CLM-2026-66738,v15,0.938,130,1371,transferred_human,agent_could_not_resolve
C-20260903-03076,2026-09-03 16:29:56,en,policy_details,,v15,0.949,186,309,transferred_human,out_of_scope
C-20260903-03077,2026-09-03 10:57:52,en,claim_status,CLM-2026-35144,v15,0.896,195,1098,transferred_human,agent_could_not_resolve
C-20260903-03078,2026-09-03 12:54:18,en,claim_status,CL8927118,v15,0.91,124,490,contained,
C-20260903-03079,2026-09-03 12:59:41,en,renewal_premium,,v15,0.846,134,487,transferred_human,caller_requested_human
C-20260903-03080,2026-09-03 11:11:23,en,claim_status,CLM-2026-27297,v15,0.919,172,1161,transferred_human,agent_could_not_resolve
C-20260903-03081,2026-09-03 17:44:36,en,claim_status,CL8393256,v15,0.945,74,492,contained,
C-20260903-03082,2026-09-03 19:28:56,en,claim_status,CL8062973,v15,0.919,144,1660,contained,
C-20260903-03083,2026-09-03 13:59:25,en,claim_status,CL7469918,v15,0.906,157,335,contained,
C-20260903-03084,2026-09-03 16:56:30,en,renewal_premium,,v15,0.917,170,422,contained,
C-20260903-03085,2026-09-03 14:15:33,en,claim_status,CL7652617,v15,0.911,188,456,transferred_human,caller_requested_human
C-20260903-03086,2026-09-03 10:58:59,en,network_hospital,,v15,0.924,200,367,contained,
C-20260903-03087,2026-09-03 15:42:18,en,renewal_premium,,v15,0.919,162,359,transferred_human,escalation_policy
C-20260903-03088,2026-09-03 09:00:36,en,network_hospital,,v15,0.94,123,354,contained,
C-20260903-03089,2026-09-03 16:19:06,en,claim_status,CLM-2026-92252,v15,0.99,157,1575,abandoned,
C-20260903-03090,2026-09-03 11:31:58,en,claim_status,CLM-2026-30184,v15,0.949,191,1227,transferred_human,agent_could_not_resolve
C-20260903-03091,2026-09-03 11:43:28,en,network_hospital,,v15,0.797,95,497,contained,
C-20260903-03092,2026-09-03 10:22:10,en,claim_status,CLM-2026-12525,v15,0.987,181,918,transferred_human,agent_could_not_resolve
C-20260903-03093,2026-09-03 14:32:12,en,claim_status,CL7448163,v15,0.937,25,562,contained,
C-20260903-03094,2026-09-03 16:08:22,en,renewal_premium,,v15,0.941,125,550,contained,
C-20260903-03095,2026-09-03 16:52:35,en,claim_status,CLM-2026-29399,v15,0.807,173,1020,transferred_human,agent_could_not_resolve
C-20260903-03096,2026-09-03 10:43:51,en,network_hospital,,v15,0.99,142,480,contained,
C-20260903-03097,2026-09-03 11:23:12,hi,claim_status,CL8525632,v15,0.85,166,318,contained,
C-20260903-03098,2026-09-03 09:20:39,en,network_hospital,,v15,0.879,153,364,contained,
C-20260903-03099,2026-09-03 10:34:59,hi,claim_status,CLM-2026-36830,v15,0.772,165,1680,transferred_human,agent_could_not_resolve
C-20260903-03100,2026-09-03 11:14:27,en,policy_details,,v15,0.99,136,397,contained,
C-20260903-03101,2026-09-03 18:43:55,hi,network_hospital,,v15,0.796,129,552,contained,
C-20260903-03102,2026-09-03 10:21:49,en,policy_details,,v15,0.963,25,578,contained,
C-20260903-03103,2026-09-03 15:23:03,en,network_hospital,,v15,0.954,143,417,contained,
C-20260903-03104,2026-09-03 11:14:37,en,claim_status,CLM-2026-44176,v15,0.877,129,945,transferred_human,agent_could_not_resolve
C-20260903-03105,2026-09-03 14:48:35,hi,renewal_premium,,v15,0.872,205,399,transferred_human,escalation_policy
C-20260903-03106,2026-09-03 18:28:41,en,renewal_premium,,v15,0.92,102,216,contained,
C-20260903-03107,2026-09-03 10:43:06,en,policy_details,,v15,0.983,177,270,contained,
C-20260903-03108,2026-09-03 20:53:28,en,claim_status,CL8367037,v15,0.885,71,506,contained,
C-20260903-03109,2026-09-03 17:09:35,en,network_hospital,,v15,0.823,145,302,contained,
C-20260903-03110,2026-09-03 15:31:08,hi,claim_status,CLM-2026-25952,v15,0.827,197,978,abandoned,
C-20260903-03111,2026-09-03 12:28:31,en,claim_status,CL7293765,v15,0.923,87,374,contained,
C-20260903-03112,2026-09-03 12:09:52,en,claim_status,CLM-2026-29089,v15,0.837,154,1275,transferred_human,agent_could_not_resolve
C-20260903-03113,2026-09-03 17:43:16,hi,claim_status,CLM-2026-87595,v15,0.846,106,1815,transferred_human,agent_could_not_resolve
C-20260903-03114,2026-09-03 10:06:23,en,claim_status,CL8625109,v15,0.942,122,416,contained,
C-20260903-03115,2026-09-03 13:45:02,en,claim_status,CLM-2026-74112,v15,0.927,164,1533,transferred_human,agent_could_not_resolve
C-20260903-03116,2026-09-03 12:01:52,hi,network_hospital,,v15,0.951,145,479,contained,
C-20260903-03117,2026-09-03 18:52:37,en,claim_status,CL8307631,v15,0.956,127,437,contained,
C-20260903-03118,2026-09-03 15:35:29,en,network_hospital,,v15,0.867,169,724,contained,
C-20260903-03119,2026-09-03 19:39:38,en,claim_status,CL7849761,v15,0.953,115,406,contained,
C-20260903-03120,2026-09-03 14:27:55,en,claim_status,CL7608159,v15,0.898,140,283,contained,
C-20260903-03121,2026-09-03 15:49:04,hi,claim_status,CL7465093,v15,0.874,183,497,transferred_human,escalation_policy
C-20260903-03122,2026-09-03 11:07:36,en,renewal_premium,,v15,0.899,112,450,contained,
C-20260903-03123,2026-09-03 19:39:52,hi,claim_status,CLM-2026-18499,v15,0.844,189,1338,transferred_human,agent_could_not_resolve
C-20260903-03124,2026-09-03 15:59:27,en,network_hospital,,v15,0.861,135,665,contained,
C-20260903-03125,2026-09-03 13:02:10,hi,renewal_premium,,v15,0.889,199,379,contained,
C-20260903-03126,2026-09-03 17:39:12,en,renewal_premium,,v15,0.981,184,428,contained,
C-20260903-03127,2026-09-03 16:22:00,en,policy_details,,v15,0.963,170,369,contained,
C-20260903-03128,2026-09-03 14:02:37,hi,policy_details,,v15,0.824,95,704,contained,
C-20260903-03129,2026-09-03 16:11:51,en,policy_details,,v15,0.976,95,523,contained,
C-20260903-03130,2026-09-03 16:09:42,en,renewal_premium,,v15,0.812,169,494,contained,
C-20260903-03131,2026-09-03 11:34:22,en,claim_status,CL7602067,v15,0.955,68,319,contained,
C-20260904-03132,2026-09-04 10:07:44,en,policy_details,,v15,0.968,118,490,contained,
C-20260904-03133,2026-09-04 13:21:42,hi,network_hospital,,v15,0.855,200,530,contained,
C-20260904-03134,2026-09-04 12:42:14,en,claim_status,CL7965953,v15,0.888,128,403,contained,
C-20260904-03135,2026-09-04 13:22:55,en,claim_status,CLM-2026-16371,v15,0.99,134,1563,transferred_human,agent_could_not_resolve
C-20260904-03136,2026-09-04 12:03:58,en,renewal_premium,,v15,0.954,171,419,transferred_human,agent_could_not_resolve
C-20260904-03137,2026-09-04 11:30:18,en,network_hospital,,v15,0.942,35,406,contained,
C-20260904-03138,2026-09-04 11:11:37,en,claim_status,CLM-2026-82463,v15,0.965,156,672,transferred_human,agent_could_not_resolve
C-20260904-03139,2026-09-04 19:09:07,hi,policy_details,,v15,0.9,81,320,contained,
C-20260904-03140,2026-09-04 19:03:03,hi,claim_status,CL7509988,v15,0.808,94,196,contained,
C-20260904-03141,2026-09-04 10:59:13,en,claim_status,CLM-2026-11593,v15,0.93,192,960,transferred_human,agent_could_not_resolve
C-20260904-03142,2026-09-04 16:30:35,en,network_hospital,,v15,0.935,101,493,contained,
C-20260904-03143,2026-09-04 12:43:06,hi,renewal_premium,,v15,0.811,154,312,transferred_human,caller_requested_human
C-20260904-03144,2026-09-04 20:03:28,en,renewal_premium,,v15,0.977,64,461,contained,
C-20260904-03145,2026-09-04 10:33:25,hi,network_hospital,,v15,0.85,91,490,contained,
C-20260904-03146,2026-09-04 15:56:12,hi,claim_status,CLM-2026-47134,v15,0.904,178,966,transferred_human,agent_could_not_resolve
C-20260904-03147,2026-09-04 11:55:34,hi,renewal_premium,,v15,0.798,114,436,transferred_human,escalation_policy
C-20260904-03148,2026-09-04 18:00:06,en,network_hospital,,v15,0.949,181,506,transferred_human,caller_requested_human
C-20260904-03149,2026-09-04 14:02:03,en,claim_status,CLM-2026-19305,v15,0.868,169,1344,transferred_human,agent_could_not_resolve
C-20260904-03150,2026-09-04 20:20:28,en,claim_status,CL7368593,v15,0.99,134,546,contained,
C-20260904-03151,2026-09-04 12:36:58,en,renewal_premium,,v15,0.904,85,288,contained,
C-20260904-03152,2026-09-04 12:43:21,hi,claim_status,CL7421646,v15,0.791,62,351,contained,
C-20260904-03153,2026-09-04 17:58:15,hi,claim_status,CLM-2026-81032,v15,0.84,151,1737,transferred_human,agent_could_not_resolve
C-20260904-03154,2026-09-04 18:24:13,en,network_hospital,,v15,0.847,71,276,contained,
C-20260904-03155,2026-09-04 12:53:06,en,policy_details,,v15,0.988,207,460,abandoned,
C-20260904-03156,2026-09-04 17:10:49,en,claim_status,CL7863910,v15,0.946,112,418,contained,
C-20260904-03157,2026-09-04 17:39:57,en,claim_status,CLM-2026-23710,v15,0.931,111,1599,transferred_human,agent_could_not_resolve
C-20260904-03158,2026-09-04 11:02:45,en,network_hospital,,v15,0.883,196,365,transferred_human,caller_requested_human
C-20260904-03159,2026-09-04 14:01:38,en,renewal_premium,,v15,0.964,164,408,contained,
C-20260904-03160,2026-09-04 10:55:03,en,claim_status,CL7010900,v15,0.886,112,534,contained,
C-20260904-03161,2026-09-04 10:37:13,hi,claim_status,CL8410090,v15,0.867,100,401,contained,
C-20260904-03162,2026-09-04 18:34:51,en,policy_details,,v15,0.99,144,251,abandoned,
C-20260904-03163,2026-09-04 11:50:56,en,renewal_premium,,v15,0.849,88,487,contained,
C-20260904-03164,2026-09-04 09:32:45,en,network_hospital,,v15,0.902,113,459,transferred_human,out_of_scope
C-20260904-03165,2026-09-04 09:56:03,en,claim_status,CLM-2026-48634,v15,0.898,143,1425,transferred_human,agent_could_not_resolve
C-20260904-03166,2026-09-04 15:08:57,hi,renewal_premium,,v15,0.917,140,467,contained,
C-20260904-03167,2026-09-04 18:08:18,en,renewal_premium,,v15,0.916,118,354,contained,
C-20260904-03168,2026-09-04 09:00:39,en,claim_status,CLM-2026-79249,v15,0.98,194,1113,transferred_human,agent_could_not_resolve
C-20260904-03169,2026-09-04 18:32:46,hi,policy_details,,v15,0.935,151,559,contained,
C-20260904-03170,2026-09-04 12:10:12,en,claim_status,CLM-2026-29599,v15,0.927,170,1500,transferred_human,agent_could_not_resolve
C-20260904-03171,2026-09-04 10:47:55,en,claim_status,CLM-2026-98744,v15,0.912,113,1344,transferred_human,agent_could_not_resolve
C-20260904-03172,2026-09-04 17:09:58,en,claim_status,CLM-2026-78952,v15,0.921,248,1551,transferred_human,agent_could_not_resolve
C-20260904-03173,2026-09-04 12:13:11,en,network_hospital,,v15,0.978,136,515,transferred_human,caller_requested_human
C-20260904-03174,2026-09-04 10:38:46,en,claim_status,CLM-2026-30497,v15,0.906,155,1755,transferred_human,agent_could_not_resolve
C-20260904-03175,2026-09-04 12:05:05,hi,renewal_premium,,v15,0.813,225,393,transferred_human,caller_requested_human
C-20260904-03176,2026-09-04 15:56:41,hi,claim_status,CL7461281,v15,0.945,149,500,contained,
C-20260904-03177,2026-09-04 12:45:02,en,claim_status,CLM-2026-87119,v15,0.99,149,1812,transferred_human,agent_could_not_resolve
C-20260904-03178,2026-09-04 18:36:48,en,network_hospital,,v15,0.873,139,399,contained,
C-20260904-03179,2026-09-04 11:02:24,en,claim_status,CL7745387,v15,0.93,76,313,contained,
C-20260904-03180,2026-09-04 15:37:02,hi,network_hospital,,v15,0.854,85,436,contained,
C-20260904-03181,2026-09-04 10:17:48,en,renewal_premium,,v15,0.99,110,432,contained,
C-20260904-03182,2026-09-04 20:03:44,en,network_hospital,,v15,0.921,25,534,contained,
C-20260904-03183,2026-09-04 14:37:53,hi,renewal_premium,,v15,0.801,140,509,contained,
C-20260904-03184,2026-09-04 17:07:23,en,policy_details,,v15,0.99,101,501,contained,
C-20260904-03185,2026-09-04 12:16:34,hi,network_hospital,,v15,0.809,142,521,contained,
C-20260904-03186,2026-09-04 09:22:19,hi,claim_status,CLM-2026-76651,v15,0.822,147,1029,transferred_human,agent_could_not_resolve
C-20260904-03187,2026-09-04 18:04:11,en,claim_status,CL7597778,v15,0.942,209,590,contained,
C-20260904-03188,2026-09-04 15:33:17,hi,claim_status,CLM-2026-67557,v15,0.777,130,744,transferred_human,agent_could_not_resolve
C-20260904-03189,2026-09-04 12:18:36,hi,claim_status,CL7622040,v15,0.739,79,635,contained,
C-20260904-03190,2026-09-04 20:36:57,en,network_hospital,,v15,0.94,138,411,contained,
C-20260904-03191,2026-09-04 17:48:00,en,policy_details,,v15,0.901,168,228,transferred_human,agent_could_not_resolve
C-20260904-03192,2026-09-04 12:27:47,en,claim_status,CLM-2026-82799,v15,0.917,162,1041,transferred_human,agent_could_not_resolve
C-20260904-03193,2026-09-04 12:38:59,hi,claim_status,CLM-2026-42570,v15,0.836,153,984,transferred_human,agent_could_not_resolve
C-20260904-03194,2026-09-04 09:58:31,en,claim_status,CLM-2026-28165,v15,0.963,205,1608,transferred_human,agent_could_not_resolve
C-20260904-03195,2026-09-04 19:03:06,en,network_hospital,,v15,0.85,185,355,transferred_human,agent_could_not_resolve
C-20260904-03196,2026-09-04 12:28:27,en,policy_details,,v15,0.868,130,511,contained,
C-20260904-03197,2026-09-04 19:27:50,hi,claim_status,CL8068626,v15,0.821,92,484,contained,
C-20260904-03198,2026-09-04 18:45:42,en,renewal_premium,,v15,0.99,95,462,contained,
C-20260904-03199,2026-09-04 12:09:24,en,network_hospital,,v15,0.879,126,448,contained,
C-20260904-03200,2026-09-04 13:52:45,en,claim_status,CL8106351,v15,0.948,127,447,contained,
C-20260904-03201,2026-09-04 17:02:16,hi,policy_details,,v15,0.843,155,425,transferred_human,out_of_scope
C-20260904-03202,2026-09-04 14:53:51,en,policy_details,,v15,0.897,68,496,contained,
C-20260904-03203,2026-09-04 18:25:17,en,claim_status,CLM-2026-80948,v15,0.896,164,1557,transferred_human,agent_could_not_resolve
C-20260904-03204,2026-09-04 17:17:56,en,renewal_premium,,v15,0.975,103,321,contained,
C-20260904-03205,2026-09-04 12:26:11,en,claim_status,CL8141942,v15,0.983,94,335,contained,
C-20260904-03206,2026-09-04 15:38:02,en,claim_status,CLM-2026-28588,v15,0.884,181,1080,abandoned,
C-20260904-03207,2026-09-04 14:48:07,en,network_hospital,,v15,0.89,108,415,transferred_human,escalation_policy
C-20260904-03208,2026-09-04 13:20:51,hi,claim_status,CL8650840,v15,0.906,153,493,abandoned,
C-20260904-03209,2026-09-04 15:00:23,hi,network_hospital,,v15,0.811,124,514,contained,
C-20260904-03210,2026-09-04 11:24:40,hi,policy_details,,v15,0.847,137,558,transferred_human,agent_could_not_resolve
C-20260904-03211,2026-09-04 17:57:04,en,policy_details,,v15,0.892,111,384,contained,
C-20260904-03212,2026-09-04 20:01:51,en,claim_status,CL7143989,v15,0.929,148,398,contained,
C-20260904-03213,2026-09-04 14:31:35,en,claim_status,CL7270849,v15,0.919,207,401,contained,
C-20260904-03214,2026-09-04 12:18:15,en,network_hospital,,v15,0.954,106,338,contained,
C-20260904-03215,2026-09-04 15:57:35,hi,network_hospital,,v15,0.835,71,493,contained,
C-20260904-03216,2026-09-04 10:42:02,en,claim_status,CL7105884,v15,0.948,47,561,contained,
C-20260904-03217,2026-09-04 18:49:18,en,claim_status,CLM-2026-98677,v15,0.99,185,1221,transferred_human,agent_could_not_resolve
C-20260904-03218,2026-09-04 15:59:11,en,policy_details,,v15,0.931,98,446,contained,
C-20260904-03219,2026-09-04 15:29:19,en,claim_status,CLM-2026-92674,v15,0.863,203,1086,transferred_human,agent_could_not_resolve
C-20260904-03220,2026-09-04 20:27:35,en,claim_status,CLM-2026-28602,v15,0.92,143,993,transferred_human,agent_could_not_resolve
C-20260904-03221,2026-09-04 14:36:59,hi,claim_status,CL7038626,v15,0.869,72,504,contained,
C-20260904-03222,2026-09-04 15:57:19,en,claim_status,CLM-2026-72877,v15,0.958,289,1920,transferred_human,agent_could_not_resolve
C-20260904-03223,2026-09-04 12:40:35,en,network_hospital,,v15,0.883,156,399,contained,
C-20260904-03224,2026-09-04 10:53:17,hi,renewal_premium,,v15,0.832,179,342,transferred_human,out_of_scope
C-20260904-03225,2026-09-04 13:01:25,hi,claim_status,CL7735530,v15,0.888,136,482,transferred_human,out_of_scope
C-20260904-03226,2026-09-04 13:56:01,hi,claim_status,CLM-2026-92414,v15,0.837,161,1092,transferred_human,agent_could_not_resolve
C-20260904-03227,2026-09-04 16:52:04,hi,claim_status,CLM-2026-63931,v15,0.797,134,1194,transferred_human,agent_could_not_resolve
C-20260904-03228,2026-09-04 13:22:06,en,claim_status,CLM-2026-24279,v15,0.948,196,1245,transferred_human,agent_could_not_resolve
C-20260904-03229,2026-09-04 11:16:53,en,claim_status,CLM-2026-26455,v15,0.932,248,1296,transferred_human,agent_could_not_resolve
C-20260904-03230,2026-09-04 15:38:40,en,claim_status,CLM-2026-31096,v15,0.951,201,1029,transferred_human,agent_could_not_resolve
C-20260904-03231,2026-09-04 11:47:46,en,policy_details,,v15,0.838,150,555,contained,
C-20260904-03232,2026-09-04 17:17:07,en,renewal_premium,,v15,0.99,185,444,transferred_human,agent_could_not_resolve
C-20260904-03233,2026-09-04 09:42:30,hi,network_hospital,,v15,0.83,41,480,contained,
C-20260904-03234,2026-09-04 09:58:51,en,claim_status,CL7838968,v15,0.894,25,477,contained,
C-20260904-03235,2026-09-04 10:45:30,hi,renewal_premium,,v15,0.834,167,427,transferred_human,caller_requested_human
C-20260904-03236,2026-09-04 13:34:39,en,network_hospital,,v15,0.918,162,477,contained,
C-20260904-03237,2026-09-04 18:16:03,en,claim_status,CLM-2026-93292,v15,0.965,158,1431,abandoned,
C-20260904-03238,2026-09-04 18:39:58,en,claim_status,CLM-2026-13441,v15,0.936,138,777,transferred_human,agent_could_not_resolve
C-20260904-03239,2026-09-04 11:44:36,en,claim_status,CLM-2026-39255,v15,0.889,187,1170,transferred_human,agent_could_not_resolve
C-20260904-03240,2026-09-04 11:47:33,en,renewal_premium,,v15,0.903,94,473,contained,
C-20260904-03241,2026-09-04 14:35:19,hi,renewal_premium,,v15,0.857,178,346,transferred_human,escalation_policy
C-20260904-03242,2026-09-04 18:18:27,en,network_hospital,,v15,0.829,96,405,contained,
C-20260904-03243,2026-09-04 17:15:16,en,renewal_premium,,v15,0.983,123,437,transferred_human,caller_requested_human
C-20260904-03244,2026-09-04 12:58:42,en,claim_status,CLM-2026-19692,v15,0.868,164,1575,transferred_human,agent_could_not_resolve
C-20260904-03245,2026-09-04 15:40:13,en,network_hospital,,v15,0.97,90,337,contained,
C-20260904-03246,2026-09-04 11:46:57,hi,network_hospital,,v15,0.925,119,423,contained,
C-20260904-03247,2026-09-04 11:18:44,en,claim_status,CLM-2026-32022,v15,0.798,207,1557,transferred_human,agent_could_not_resolve
C-20260904-03248,2026-09-04 15:41:36,en,claim_status,CLM-2026-32349,v15,0.911,161,1086,transferred_human,agent_could_not_resolve
C-20260904-03249,2026-09-04 10:32:44,en,network_hospital,,v15,0.99,133,458,transferred_human,escalation_policy
C-20260904-03250,2026-09-04 13:55:14,en,claim_status,CLM-2026-43968,v15,0.967,189,909,transferred_human,agent_could_not_resolve
C-20260904-03251,2026-09-04 16:55:30,hi,claim_status,CLM-2026-46427,v15,0.823,182,1563,transferred_human,agent_could_not_resolve
C-20260904-03252,2026-09-04 15:30:36,en,claim_status,CLM-2026-12200,v15,0.904,232,831,transferred_human,agent_could_not_resolve
C-20260904-03253,2026-09-04 14:30:34,en,claim_status,CLM-2026-96706,v15,0.952,159,1098,transferred_human,agent_could_not_resolve
C-20260904-03254,2026-09-04 11:14:55,hi,network_hospital,,v15,0.874,40,569,contained,
C-20260904-03255,2026-09-04 15:35:18,en,claim_status,CLM-2026-94353,v15,0.903,167,1413,transferred_human,agent_could_not_resolve
C-20260904-03256,2026-09-04 10:13:59,en,claim_status,CLM-2026-52156,v15,0.99,129,1146,transferred_human,agent_could_not_resolve
C-20260904-03257,2026-09-04 16:35:38,en,renewal_premium,,v15,0.942,91,598,contained,
C-20260904-03258,2026-09-04 15:45:25,en,claim_status,CL8521155,v15,0.981,75,452,contained,
C-20260904-03259,2026-09-04 10:15:51,hi,claim_status,CLM-2026-71379,v15,0.758,187,1305,transferred_human,agent_could_not_resolve
C-20260904-03260,2026-09-04 14:35:17,en,claim_status,CLM-2026-25344,v15,0.99,143,861,transferred_human,agent_could_not_resolve
C-20260904-03261,2026-09-04 10:15:27,en,renewal_premium,,v15,0.917,132,363,contained,
C-20260904-03262,2026-09-04 16:26:59,en,claim_status,CLM-2026-29239,v15,0.939,151,1464,transferred_human,agent_could_not_resolve
C-20260904-03263,2026-09-04 14:36:10,en,network_hospital,,v15,0.98,103,508,contained,
C-20260904-03264,2026-09-04 10:20:55,en,claim_status,CL8920860,v15,0.844,139,546,contained,
C-20260904-03265,2026-09-04 16:18:19,en,claim_status,CL8339488,v15,0.89,134,395,contained,
C-20260904-03266,2026-09-04 09:37:18,en,claim_status,CLM-2026-47742,v15,0.944,178,1023,transferred_human,agent_could_not_resolve
C-20260904-03267,2026-09-04 13:12:23,en,network_hospital,,v15,0.988,105,206,transferred_human,caller_requested_human
C-20260904-03268,2026-09-04 17:55:15,hi,network_hospital,,v15,0.788,75,255,contained,
C-20260904-03269,2026-09-04 09:31:57,en,policy_details,,v15,0.888,142,527,contained,
C-20260904-03270,2026-09-04 11:41:18,en,claim_status,CL7330833,v15,0.99,132,468,contained,
C-20260904-03271,2026-09-04 19:05:06,en,claim_status,CL7788294,v15,0.983,90,397,contained,
C-20260904-03272,2026-09-04 09:13:10,en,renewal_premium,,v15,0.889,218,364,transferred_human,caller_requested_human
C-20260904-03273,2026-09-04 16:53:25,en,claim_status,CLM-2026-54113,v15,0.986,185,1359,transferred_human,agent_could_not_resolve
C-20260904-03274,2026-09-04 16:53:46,en,claim_status,CLM-2026-76418,v15,0.877,135,1359,transferred_human,agent_could_not_resolve
C-20260904-03275,2026-09-04 10:04:36,en,renewal_premium,,v15,0.934,104,508,contained,
C-20260904-03276,2026-09-04 13:06:06,en,claim_status,CL7862655,v15,0.89,48,590,contained,
C-20260904-03277,2026-09-04 14:33:16,en,claim_status,CLM-2026-55342,v15,0.99,131,1314,transferred_human,agent_could_not_resolve
C-20260904-03278,2026-09-04 12:33:46,hi,claim_status,CLM-2026-32179,v15,0.91,146,1221,abandoned,
C-20260904-03279,2026-09-04 15:28:54,en,claim_status,CLM-2026-55252,v15,0.935,123,1323,transferred_human,agent_could_not_resolve
C-20260904-03280,2026-09-04 16:43:13,en,claim_status,CL7136191,v15,0.962,135,338,contained,
C-20260904-03281,2026-09-04 17:26:30,en,network_hospital,,v15,0.944,114,478,transferred_human,agent_could_not_resolve
C-20260904-03282,2026-09-04 18:50:57,en,claim_status,CL8987461,v15,0.931,216,416,abandoned,
C-20260904-03283,2026-09-04 18:16:50,en,policy_details,,v15,0.99,155,389,contained,
C-20260904-03284,2026-09-04 15:12:25,en,claim_status,CL8267108,v15,0.97,110,487,contained,
C-20260904-03285,2026-09-04 19:37:22,en,claim_status,CL8283019,v15,0.928,105,308,contained,
C-20260904-03286,2026-09-04 09:54:36,en,network_hospital,,v15,0.858,211,1153,contained,
C-20260904-03287,2026-09-04 12:28:51,en,policy_details,,v15,0.904,192,580,transferred_human,caller_requested_human
C-20260904-03288,2026-09-04 19:49:30,en,renewal_premium,,v15,0.99,54,410,contained,
C-20260904-03289,2026-09-04 11:12:22,en,claim_status,CL7944950,v15,0.885,60,419,contained,
C-20260904-03290,2026-09-04 18:25:19,en,claim_status,CLM-2026-30694,v15,0.912,116,1083,abandoned,
C-20260904-03291,2026-09-04 17:26:24,en,claim_status,CLM-2026-93819,v15,0.99,149,1314,transferred_human,agent_could_not_resolve
C-20260904-03292,2026-09-04 13:29:30,hi,policy_details,,v15,0.885,210,375,transferred_human,agent_could_not_resolve
C-20260904-03293,2026-09-04 12:07:31,en,claim_status,CLM-2026-31801,v15,0.959,195,1062,transferred_human,agent_could_not_resolve
C-20260904-03294,2026-09-04 11:43:44,en,renewal_premium,,v15,0.977,86,435,contained,
C-20260904-03295,2026-09-04 12:54:22,hi,renewal_premium,,v15,0.856,85,297,contained,
C-20260904-03296,2026-09-04 17:41:54,hi,network_hospital,,v15,0.814,132,302,contained,
C-20260904-03297,2026-09-04 11:48:41,en,claim_status,CLM-2026-16693,v15,0.899,183,1074,transferred_human,agent_could_not_resolve
C-20260904-03298,2026-09-04 12:03:50,hi,claim_status,CLM-2026-75686,v15,0.894,190,1392,transferred_human,agent_could_not_resolve
C-20260904-03299,2026-09-04 14:46:58,en,network_hospital,,v15,0.93,87,368,contained,
C-20260904-03300,2026-09-04 11:13:07,en,network_hospital,,v15,0.936,96,590,contained,
C-20260904-03301,2026-09-04 13:39:11,en,network_hospital,,v15,0.95,164,498,contained,
C-20260904-03302,2026-09-04 13:29:17,en,policy_details,,v15,0.922,191,466,transferred_human,agent_could_not_resolve
C-20260904-03303,2026-09-04 16:30:07,en,network_hospital,,v15,0.973,159,260,contained,
C-20260904-03304,2026-09-04 12:26:17,hi,renewal_premium,,v15,0.9,80,597,contained,
C-20260904-03305,2026-09-04 19:14:15,hi,claim_status,CLM-2026-70334,v15,0.839,217,1485,transferred_human,agent_could_not_resolve
C-20260904-03306,2026-09-04 17:10:53,en,network_hospital,,v15,0.887,142,364,contained,
C-20260904-03307,2026-09-04 14:59:48,en,claim_status,CLM-2026-96668,v15,0.894,87,993,transferred_human,agent_could_not_resolve
C-20260904-03308,2026-09-04 18:55:30,en,network_hospital,,v15,0.892,51,499,contained,
C-20260904-03309,2026-09-04 17:14:54,en,network_hospital,,v15,0.878,150,537,transferred_human,caller_requested_human
C-20260904-03310,2026-09-04 12:37:30,hi,claim_status,CLM-2026-94199,v15,0.756,196,1311,abandoned,
C-20260904-03311,2026-09-04 11:46:22,en,network_hospital,,v15,0.857,211,511,transferred_human,out_of_scope
C-20260904-03312,2026-09-04 17:47:32,en,network_hospital,,v15,0.902,157,339,contained,
C-20260904-03313,2026-09-04 17:29:56,hi,network_hospital,,v15,0.71,161,393,contained,
C-20260904-03314,2026-09-04 10:19:03,en,renewal_premium,,v15,0.9,119,419,contained,
C-20260904-03315,2026-09-04 19:32:07,hi,policy_details,,v15,0.826,25,550,contained,
C-20260905-03316,2026-09-05 12:03:00,en,claim_status,CLM-2026-18799,v15,0.932,240,1527,abandoned,
C-20260905-03317,2026-09-05 14:55:46,en,renewal_premium,,v15,0.933,83,373,contained,
C-20260905-03318,2026-09-05 16:57:30,hi,renewal_premium,,v15,0.865,131,552,contained,
C-20260905-03319,2026-09-05 13:56:30,hi,claim_status,CLM-2026-18404,v15,0.781,150,1212,transferred_human,agent_could_not_resolve
C-20260905-03320,2026-09-05 18:01:52,hi,network_hospital,,v15,0.836,150,440,contained,
C-20260905-03321,2026-09-05 13:42:35,en,network_hospital,,v15,0.889,103,348,transferred_human,out_of_scope
C-20260905-03322,2026-09-05 12:52:41,en,policy_details,,v15,0.921,148,1074,contained,
C-20260905-03323,2026-09-05 20:53:00,en,policy_details,,v15,0.911,177,1552,transferred_human,out_of_scope
C-20260905-03324,2026-09-05 16:45:14,en,network_hospital,,v15,0.919,178,389,contained,
C-20260905-03325,2026-09-05 11:30:00,en,claim_status,CL8971093,v15,0.935,53,239,contained,
C-20260905-03326,2026-09-05 20:36:27,en,renewal_premium,,v15,0.956,110,404,contained,
C-20260905-03327,2026-09-05 17:10:40,en,renewal_premium,,v15,0.934,87,414,contained,
C-20260905-03328,2026-09-05 16:07:43,en,renewal_premium,,v15,0.99,158,264,transferred_human,agent_could_not_resolve
C-20260905-03329,2026-09-05 12:11:44,en,renewal_premium,,v15,0.942,171,437,contained,
C-20260905-03330,2026-09-05 18:20:53,en,renewal_premium,,v15,0.921,100,304,transferred_human,out_of_scope
C-20260905-03331,2026-09-05 16:09:47,hi,claim_status,CLM-2026-40143,v15,0.896,87,1230,transferred_human,agent_could_not_resolve
C-20260905-03332,2026-09-05 13:03:58,en,policy_details,,v15,0.904,76,428,contained,
C-20260905-03333,2026-09-05 17:00:29,en,claim_status,CLM-2026-12616,v15,0.888,97,1428,transferred_human,agent_could_not_resolve
C-20260905-03334,2026-09-05 20:49:46,en,policy_details,,v15,0.99,154,337,transferred_human,caller_requested_human
C-20260905-03335,2026-09-05 12:53:02,hi,network_hospital,,v15,0.873,98,638,contained,
C-20260905-03336,2026-09-05 13:46:27,en,policy_details,,v15,0.99,113,387,contained,
C-20260905-03337,2026-09-05 10:51:43,en,network_hospital,,v15,0.959,177,394,transferred_human,caller_requested_human
C-20260905-03338,2026-09-05 10:26:46,en,policy_details,,v15,0.947,175,427,transferred_human,agent_could_not_resolve
C-20260905-03339,2026-09-05 17:54:51,en,claim_status,CLM-2026-48019,v15,0.917,225,1392,transferred_human,agent_could_not_resolve
C-20260905-03340,2026-09-05 13:02:48,hi,network_hospital,,v15,0.861,220,520,transferred_human,caller_requested_human
C-20260905-03341,2026-09-05 12:30:55,en,network_hospital,,v15,0.952,171,531,transferred_human,out_of_scope
C-20260905-03342,2026-09-05 09:19:31,en,claim_status,CLM-2026-41294,v15,0.913,102,1056,transferred_human,agent_could_not_resolve
C-20260905-03343,2026-09-05 16:55:40,en,claim_status,CLM-2026-91090,v15,0.99,184,1503,transferred_human,agent_could_not_resolve
C-20260905-03344,2026-09-05 11:28:35,hi,claim_status,CL8421491,v15,0.824,154,567,contained,
C-20260905-03345,2026-09-05 13:29:13,en,renewal_premium,,v15,0.901,122,403,contained,
C-20260905-03346,2026-09-05 11:51:33,en,network_hospital,,v15,0.956,115,269,contained,
C-20260905-03347,2026-09-05 09:27:46,en,claim_status,CL8608817,v15,0.891,115,364,contained,
C-20260905-03348,2026-09-05 18:05:56,en,renewal_premium,,v15,0.882,169,508,transferred_human,caller_requested_human
C-20260905-03349,2026-09-05 16:44:50,hi,network_hospital,,v15,0.847,25,428,contained,
C-20260905-03350,2026-09-05 18:47:23,hi,network_hospital,,v15,0.881,137,292,contained,
C-20260905-03351,2026-09-05 16:32:07,hi,network_hospital,,v15,0.835,128,476,contained,
C-20260905-03352,2026-09-05 11:26:01,en,claim_status,CLM-2026-97749,v15,0.96,219,1557,transferred_human,agent_could_not_resolve
C-20260905-03353,2026-09-05 10:27:07,en,claim_status,CL8919139,v15,0.84,145,508,contained,
C-20260905-03354,2026-09-05 14:52:06,en,renewal_premium,,v15,0.909,158,550,transferred_human,caller_requested_human
C-20260905-03355,2026-09-05 13:18:31,en,renewal_premium,,v15,0.99,113,306,contained,
C-20260905-03356,2026-09-05 13:53:32,en,claim_status,CL8920588,v15,0.923,32,311,contained,
C-20260905-03357,2026-09-05 11:30:06,en,renewal_premium,,v15,0.88,108,447,contained,
C-20260905-03358,2026-09-05 09:33:49,en,claim_status,CLM-2026-56140,v15,0.874,218,1263,transferred_human,agent_could_not_resolve
C-20260905-03359,2026-09-05 17:02:43,hi,renewal_premium,,v15,0.784,52,458,contained,
C-20260905-03360,2026-09-05 19:46:37,en,claim_status,CLM-2026-34529,v15,0.945,153,1440,transferred_human,agent_could_not_resolve
C-20260905-03361,2026-09-05 15:49:36,en,claim_status,CLM-2026-86101,v15,0.872,178,1476,transferred_human,agent_could_not_resolve
C-20260905-03362,2026-09-05 16:17:47,en,claim_status,CLM-2026-42930,v15,0.902,201,1809,transferred_human,agent_could_not_resolve
C-20260905-03363,2026-09-05 13:24:35,en,claim_status,CLM-2026-97551,v15,0.936,111,1173,transferred_human,agent_could_not_resolve
C-20260905-03364,2026-09-05 13:18:48,en,network_hospital,,v15,0.954,168,441,transferred_human,out_of_scope
C-20260905-03365,2026-09-05 12:33:12,hi,claim_status,CLM-2026-31033,v15,0.784,175,1332,transferred_human,agent_could_not_resolve
C-20260905-03366,2026-09-05 13:47:22,en,renewal_premium,,v15,0.879,211,494,transferred_human,out_of_scope
C-20260905-03367,2026-09-05 19:23:07,en,renewal_premium,,v15,0.884,114,395,contained,
C-20260905-03368,2026-09-05 14:41:31,en,claim_status,CLM-2026-26275,v15,0.791,106,1227,transferred_human,agent_could_not_resolve
C-20260905-03369,2026-09-05 17:46:23,en,renewal_premium,,v15,0.891,137,478,contained,
C-20260905-03370,2026-09-05 17:46:48,hi,policy_details,,v15,0.766,135,510,contained,
C-20260905-03371,2026-09-05 15:15:03,en,claim_status,CL8272665,v15,0.899,87,479,contained,
C-20260905-03372,2026-09-05 13:22:51,en,claim_status,CL8787059,v15,0.946,203,372,abandoned,
C-20260905-03373,2026-09-05 15:26:47,en,claim_status,CL7166739,v15,0.895,163,353,transferred_human,agent_could_not_resolve
C-20260905-03374,2026-09-05 14:31:24,en,renewal_premium,,v15,0.917,203,453,transferred_human,caller_requested_human
C-20260905-03375,2026-09-05 14:51:41,en,renewal_premium,,v15,0.86,135,509,transferred_human,escalation_policy
C-20260905-03376,2026-09-05 13:31:55,en,claim_status,CLM-2026-32089,v15,0.976,178,1140,transferred_human,agent_could_not_resolve
C-20260905-03377,2026-09-05 18:40:08,en,claim_status,CLM-2026-78764,v15,0.903,117,1104,transferred_human,agent_could_not_resolve
C-20260905-03378,2026-09-05 16:56:35,en,renewal_premium,,v15,0.958,113,562,contained,
C-20260905-03379,2026-09-05 16:19:28,en,claim_status,CLM-2026-62356,v15,0.971,137,1482,transferred_human,agent_could_not_resolve
C-20260905-03380,2026-09-05 19:07:07,en,claim_status,CL7498295,v15,0.969,225,425,transferred_human,out_of_scope
C-20260905-03381,2026-09-05 17:45:55,en,claim_status,CL8316143,v15,0.945,118,497,contained,
C-20260905-03382,2026-09-05 14:29:42,hi,claim_status,CL7417452,v15,0.903,146,453,transferred_human,caller_requested_human
C-20260905-03383,2026-09-05 16:15:13,hi,claim_status,CLM-2026-49394,v15,0.921,101,1128,transferred_human,agent_could_not_resolve
C-20260905-03384,2026-09-05 12:20:05,hi,claim_status,CL7421986,v15,0.841,114,554,contained,
C-20260905-03385,2026-09-05 09:05:03,en,renewal_premium,,v15,0.981,84,301,contained,
C-20260905-03386,2026-09-05 14:56:40,en,network_hospital,,v15,0.882,135,445,contained,
C-20260905-03387,2026-09-05 13:17:28,hi,network_hospital,,v15,0.86,125,459,contained,
C-20260905-03388,2026-09-05 12:53:09,en,claim_status,CLM-2026-46693,v15,0.965,128,1050,transferred_human,agent_could_not_resolve
C-20260905-03389,2026-09-05 10:46:38,hi,claim_status,CL8903315,v15,0.872,201,252,transferred_human,escalation_policy
C-20260905-03390,2026-09-05 13:17:24,hi,claim_status,CL8879182,v15,0.777,180,171,contained,
C-20260905-03391,2026-09-05 12:25:59,en,claim_status,CLM-2026-33976,v15,0.961,186,1293,transferred_human,agent_could_not_resolve
C-20260905-03392,2026-09-05 10:22:15,en,claim_status,CLM-2026-18659,v15,0.887,122,1530,transferred_human,agent_could_not_resolve
C-20260905-03393,2026-09-05 09:57:58,en,claim_status,CLM-2026-51914,v15,0.974,175,1992,transferred_human,agent_could_not_resolve
C-20260905-03394,2026-09-05 10:40:37,en,claim_status,CLM-2026-41359,v15,0.911,142,1203,transferred_human,agent_could_not_resolve
C-20260905-03395,2026-09-05 09:32:00,en,claim_status,CL7876445,v15,0.932,107,359,contained,
C-20260905-03396,2026-09-05 16:48:01,en,claim_status,CL7373697,v15,0.935,115,460,contained,
C-20260905-03397,2026-09-05 14:55:25,hi,network_hospital,,v15,0.882,151,469,contained,
C-20260905-03398,2026-09-05 12:40:55,en,claim_status,CLM-2026-79035,v15,0.967,151,1404,transferred_human,agent_could_not_resolve
C-20260905-03399,2026-09-05 11:51:30,en,network_hospital,,v15,0.965,242,314,transferred_human,out_of_scope
C-20260905-03400,2026-09-05 17:03:27,en,claim_status,CL7003332,v15,0.937,190,512,transferred_human,out_of_scope
C-20260905-03401,2026-09-05 15:11:55,en,claim_status,CLM-2026-29170,v15,0.874,156,1236,transferred_human,agent_could_not_resolve
C-20260905-03402,2026-09-05 14:17:13,en,network_hospital,,v15,0.986,121,334,contained,
C-20260905-03403,2026-09-05 15:29:35,en,network_hospital,,v15,0.895,120,481,transferred_human,caller_requested_human
C-20260905-03404,2026-09-05 20:06:18,en,claim_status,CL8346283,v15,0.821,153,514,transferred_human,out_of_scope
C-20260905-03405,2026-09-05 17:31:30,en,claim_status,CL7387035,v15,0.882,132,410,contained,
C-20260905-03406,2026-09-05 17:26:58,hi,claim_status,CL7608759,v15,0.967,191,376,contained,
C-20260905-03407,2026-09-05 15:05:09,en,claim_status,CLM-2026-80681,v15,0.908,182,1137,transferred_human,agent_could_not_resolve
C-20260905-03408,2026-09-05 13:00:58,en,renewal_premium,,v15,0.99,155,368,contained,
C-20260905-03409,2026-09-05 10:23:35,en,claim_status,CL7501188,v15,0.981,108,369,contained,
C-20260905-03410,2026-09-05 13:46:52,en,renewal_premium,,v15,0.811,103,412,contained,
C-20260905-03411,2026-09-05 20:27:33,en,policy_details,,v15,0.872,145,505,transferred_human,agent_could_not_resolve
C-20260905-03412,2026-09-05 12:15:28,hi,policy_details,,v15,0.873,154,413,contained,
C-20260905-03413,2026-09-05 15:59:20,en,policy_details,,v15,0.98,129,427,contained,
C-20260905-03414,2026-09-05 11:47:30,en,network_hospital,,v15,0.99,101,361,contained,
C-20260905-03415,2026-09-05 12:55:01,en,renewal_premium,,v15,0.99,25,262,contained,
C-20260905-03416,2026-09-05 19:49:02,en,network_hospital,,v15,0.982,186,481,contained,
C-20260905-03417,2026-09-05 09:37:33,en,renewal_premium,,v15,0.961,174,403,transferred_human,escalation_policy
C-20260905-03418,2026-09-05 19:50:59,en,renewal_premium,,v15,0.95,154,332,contained,
C-20260905-03419,2026-09-05 15:49:31,en,claim_status,CLM-2026-88519,v15,0.929,235,1494,transferred_human,agent_could_not_resolve
C-20260905-03420,2026-09-05 09:44:23,en,claim_status,CL7419930,v15,0.895,133,490,contained,
C-20260905-03421,2026-09-05 17:28:54,en,network_hospital,,v15,0.926,120,384,contained,
C-20260905-03422,2026-09-05 18:43:21,en,renewal_premium,,v15,0.912,159,411,contained,
C-20260905-03423,2026-09-05 15:53:24,hi,network_hospital,,v15,0.848,149,434,transferred_human,caller_requested_human
C-20260905-03424,2026-09-05 13:10:09,hi,claim_status,CLM-2026-53857,v15,0.81,128,942,transferred_human,agent_could_not_resolve
C-20260905-03425,2026-09-05 12:21:11,hi,claim_status,CLM-2026-98848,v15,0.864,176,1569,transferred_human,agent_could_not_resolve
C-20260905-03426,2026-09-05 19:26:33,en,policy_details,,v15,0.908,160,344,contained,
C-20260905-03427,2026-09-05 10:51:43,en,policy_details,,v15,0.978,103,501,contained,
C-20260905-03428,2026-09-05 18:16:23,en,network_hospital,,v15,0.972,72,306,contained,
C-20260905-03429,2026-09-05 12:27:22,hi,claim_status,CLM-2026-29081,v15,0.781,149,1266,transferred_human,agent_could_not_resolve
C-20260905-03430,2026-09-05 10:17:53,en,network_hospital,,v15,0.928,127,369,transferred_human,agent_could_not_resolve
C-20260905-03431,2026-09-05 09:16:47,en,claim_status,CLM-2026-37826,v15,0.879,157,975,transferred_human,agent_could_not_resolve
C-20260905-03432,2026-09-05 18:07:37,en,claim_status,CL7054164,v15,0.962,128,529,contained,
C-20260905-03433,2026-09-05 20:52:38,en,claim_status,CL7819702,v15,0.99,41,521,contained,
C-20260905-03434,2026-09-05 11:21:31,hi,claim_status,CL8595164,v15,0.855,186,214,transferred_human,agent_could_not_resolve
C-20260905-03435,2026-09-05 16:16:26,hi,renewal_premium,,v15,0.889,154,474,transferred_human,caller_requested_human
C-20260905-03436,2026-09-05 13:08:09,en,renewal_premium,,v15,0.98,134,243,contained,
C-20260905-03437,2026-09-05 10:19:29,en,claim_status,CL7691166,v15,0.894,88,656,contained,
C-20260905-03438,2026-09-05 12:01:03,en,claim_status,CLM-2026-72811,v15,0.887,179,990,transferred_human,agent_could_not_resolve
C-20260905-03439,2026-09-05 10:54:36,en,network_hospital,,v15,0.982,130,336,contained,
C-20260905-03440,2026-09-05 14:31:19,en,claim_status,CLM-2026-62971,v15,0.925,117,1032,transferred_human,agent_could_not_resolve
C-20260905-03441,2026-09-05 18:23:52,hi,claim_status,CLM-2026-47710,v15,0.841,146,1587,transferred_human,agent_could_not_resolve
C-20260905-03442,2026-09-05 11:37:32,hi,claim_status,CL8520053,v15,0.877,92,537,contained,
C-20260905-03443,2026-09-05 13:55:18,en,claim_status,CLM-2026-33055,v15,0.893,108,1500,transferred_human,agent_could_not_resolve
C-20260906-03444,2026-09-06 12:36:55,hi,policy_details,,v15,0.739,50,583,contained,
C-20260906-03445,2026-09-06 10:53:01,en,claim_status,CLM-2026-91955,v15,0.933,157,1710,transferred_human,agent_could_not_resolve
C-20260906-03446,2026-09-06 16:57:17,hi,claim_status,CLM-2026-18039,v15,0.913,144,1251,transferred_human,agent_could_not_resolve
C-20260906-03447,2026-09-06 17:33:47,en,policy_details,,v15,0.976,128,407,contained,
C-20260906-03448,2026-09-06 10:49:03,hi,network_hospital,,v15,0.838,75,307,contained,
C-20260906-03449,2026-09-06 13:37:58,en,renewal_premium,,v15,0.97,82,477,contained,
C-20260906-03450,2026-09-06 16:23:47,en,renewal_premium,,v15,0.851,149,421,contained,
C-20260906-03451,2026-09-06 19:14:57,en,renewal_premium,,v15,0.856,207,438,transferred_human,escalation_policy
C-20260906-03452,2026-09-06 19:52:35,en,claim_status,CLM-2026-49778,v15,0.97,177,1443,transferred_human,agent_could_not_resolve
C-20260906-03453,2026-09-06 12:15:46,en,claim_status,CL7051428,v15,0.842,91,559,contained,
C-20260906-03454,2026-09-06 15:54:52,en,claim_status,CLM-2026-19234,v15,0.866,129,1014,transferred_human,agent_could_not_resolve
C-20260906-03455,2026-09-06 20:55:10,hi,claim_status,CLM-2026-86385,v15,0.834,68,1431,transferred_human,agent_could_not_resolve
C-20260906-03456,2026-09-06 09:38:48,en,claim_status,CLM-2026-76252,v15,0.86,178,1401,transferred_human,agent_could_not_resolve
C-20260906-03457,2026-09-06 11:29:48,en,claim_status,CLM-2026-47395,v15,0.99,191,1419,transferred_human,agent_could_not_resolve
C-20260906-03458,2026-09-06 11:56:04,en,claim_status,CL8625644,v15,0.876,92,437,contained,
C-20260906-03459,2026-09-06 16:14:47,en,policy_details,,v15,0.842,131,481,transferred_human,escalation_policy
C-20260906-03460,2026-09-06 16:01:22,en,policy_details,,v15,0.9,87,575,contained,
C-20260906-03461,2026-09-06 19:49:16,en,claim_status,CLM-2026-23222,v15,0.94,134,1266,transferred_human,agent_could_not_resolve
C-20260906-03462,2026-09-06 11:52:16,hi,renewal_premium,,v15,0.73,126,292,contained,
C-20260906-03463,2026-09-06 11:13:34,en,network_hospital,,v15,0.856,184,422,transferred_human,caller_requested_human
C-20260906-03464,2026-09-06 09:50:58,en,claim_status,CLM-2026-98509,v15,0.99,216,1353,transferred_human,agent_could_not_resolve
C-20260906-03465,2026-09-06 10:24:27,en,policy_details,,v15,0.961,152,500,transferred_human,caller_requested_human
C-20260906-03466,2026-09-06 17:47:13,hi,policy_details,,v15,0.867,71,605,transferred_human,caller_requested_human
C-20260906-03467,2026-09-06 12:08:37,hi,renewal_premium,,v15,0.852,72,451,contained,
C-20260906-03468,2026-09-06 16:19:13,hi,network_hospital,,v15,0.842,149,394,transferred_human,caller_requested_human
C-20260906-03469,2026-09-06 15:27:55,en,renewal_premium,,v15,0.875,154,306,transferred_human,caller_requested_human
C-20260906-03470,2026-09-06 17:57:27,hi,renewal_premium,,v15,0.856,201,317,transferred_human,out_of_scope
C-20260906-03471,2026-09-06 11:24:21,en,claim_status,CL7511783,v15,0.969,191,469,transferred_human,agent_could_not_resolve
C-20260906-03472,2026-09-06 14:20:59,hi,renewal_premium,,v15,0.839,208,446,transferred_human,caller_requested_human
C-20260906-03473,2026-09-06 16:58:09,hi,claim_status,CLM-2026-48646,v15,0.892,173,1011,transferred_human,agent_could_not_resolve
C-20260906-03474,2026-09-06 10:36:36,hi,renewal_premium,,v15,0.872,151,439,contained,
C-20260906-03475,2026-09-06 16:07:05,en,network_hospital,,v15,0.955,106,423,contained,
C-20260906-03476,2026-09-06 17:21:53,en,network_hospital,,v15,0.905,110,394,contained,
C-20260906-03477,2026-09-06 12:43:11,en,claim_status,CLM-2026-77557,v15,0.97,135,1353,transferred_human,agent_could_not_resolve
C-20260906-03478,2026-09-06 16:21:11,en,claim_status,CLM-2026-73333,v15,0.96,174,819,transferred_human,agent_could_not_resolve
C-20260906-03479,2026-09-06 18:50:43,hi,claim_status,CLM-2026-47906,v15,0.848,112,1932,transferred_human,agent_could_not_resolve
C-20260906-03480,2026-09-06 15:36:00,en,policy_details,,v15,0.894,84,329,contained,
C-20260906-03481,2026-09-06 11:01:37,hi,network_hospital,,v15,0.846,205,308,transferred_human,out_of_scope
C-20260906-03482,2026-09-06 13:34:16,hi,claim_status,CLM-2026-64779,v15,0.82,101,1182,transferred_human,agent_could_not_resolve
C-20260906-03483,2026-09-06 11:46:53,en,claim_status,CLM-2026-85154,v15,0.99,152,1272,transferred_human,agent_could_not_resolve
C-20260906-03484,2026-09-06 15:24:35,hi,renewal_premium,,v15,0.822,217,447,transferred_human,agent_could_not_resolve
C-20260906-03485,2026-09-06 12:17:01,hi,renewal_premium,,v15,0.914,50,440,contained,
C-20260906-03486,2026-09-06 12:37:09,hi,renewal_premium,,v15,0.835,140,468,contained,
C-20260906-03487,2026-09-06 12:58:04,en,policy_details,,v15,0.886,124,443,contained,
C-20260906-03488,2026-09-06 16:26:39,en,network_hospital,,v15,0.974,147,297,transferred_human,caller_requested_human
C-20260906-03489,2026-09-06 18:28:25,hi,network_hospital,,v15,0.864,122,311,contained,
C-20260906-03490,2026-09-06 10:05:53,en,network_hospital,,v15,0.945,121,331,contained,
C-20260906-03491,2026-09-06 14:35:25,en,network_hospital,,v15,0.861,160,467,transferred_human,caller_requested_human
C-20260906-03492,2026-09-06 14:06:32,en,network_hospital,,v15,0.801,136,363,contained,
C-20260906-03493,2026-09-06 17:29:47,en,claim_status,CLM-2026-26759,v15,0.98,124,1398,transferred_human,agent_could_not_resolve
C-20260906-03494,2026-09-06 10:43:45,hi,renewal_premium,,v15,0.833,64,526,contained,
C-20260906-03495,2026-09-06 16:13:18,en,network_hospital,,v15,0.959,169,310,transferred_human,escalation_policy
C-20260906-03496,2026-09-06 09:33:11,en,claim_status,CLM-2026-73157,v15,0.907,179,987,transferred_human,agent_could_not_resolve
C-20260906-03497,2026-09-06 18:39:12,en,claim_status,CLM-2026-35372,v15,0.982,231,891,transferred_human,agent_could_not_resolve
C-20260906-03498,2026-09-06 12:15:10,en,claim_status,CLM-2026-46459,v15,0.95,103,1554,transferred_human,agent_could_not_resolve
C-20260906-03499,2026-09-06 15:19:59,hi,policy_details,,v15,0.838,185,656,transferred_human,out_of_scope
C-20260906-03500,2026-09-06 11:30:08,hi,network_hospital,,v15,0.842,150,162,contained,
C-20260906-03501,2026-09-06 13:12:56,en,network_hospital,,v15,0.989,130,382,contained,
C-20260906-03502,2026-09-06 11:03:37,hi,claim_status,CLM-2026-57535,v15,0.788,167,1149,transferred_human,agent_could_not_resolve
C-20260906-03503,2026-09-06 11:58:07,en,claim_status,CLM-2026-60304,v15,0.824,141,1239,transferred_human,agent_could_not_resolve
C-20260906-03504,2026-09-06 10:02:40,en,claim_status,CL8535185,v15,0.946,190,419,transferred_human,escalation_policy
C-20260906-03505,2026-09-06 14:43:12,en,renewal_premium,,v15,0.969,152,377,contained,
C-20260906-03506,2026-09-06 16:53:16,hi,claim_status,CL7276123,v15,0.77,124,588,contained,
C-20260906-03507,2026-09-06 13:29:58,en,claim_status,CL7311759,v15,0.906,193,494,contained,
C-20260906-03508,2026-09-06 16:59:52,en,claim_status,CLM-2026-38122,v15,0.899,166,981,transferred_human,agent_could_not_resolve
C-20260906-03509,2026-09-06 20:12:17,en,claim_status,CLM-2026-53506,v15,0.99,102,738,transferred_human,agent_could_not_resolve
C-20260906-03510,2026-09-06 16:49:45,en,claim_status,CLM-2026-25461,v15,0.905,163,1689,transferred_human,agent_could_not_resolve
C-20260906-03511,2026-09-06 15:30:46,hi,claim_status,CL8840801,v15,0.94,112,405,contained,
C-20260906-03512,2026-09-06 14:48:50,hi,network_hospital,,v15,0.834,154,396,contained,
C-20260906-03513,2026-09-06 09:47:18,en,claim_status,CL7666264,v15,0.987,151,475,contained,
C-20260906-03514,2026-09-06 10:13:02,en,policy_details,,v15,0.911,188,375,transferred_human,caller_requested_human
C-20260906-03515,2026-09-06 15:33:52,en,claim_status,CL8995003,v15,0.895,200,511,contained,
C-20260906-03516,2026-09-06 17:28:14,en,policy_details,,v15,0.953,105,300,contained,
C-20260906-03517,2026-09-06 10:21:36,en,claim_status,CLM-2026-36774,v15,0.927,217,1557,transferred_human,agent_could_not_resolve
C-20260906-03518,2026-09-06 18:34:32,en,policy_details,,v15,0.87,169,453,transferred_human,caller_requested_human
C-20260906-03519,2026-09-06 11:27:22,en,renewal_premium,,v15,0.805,136,421,contained,
C-20260906-03520,2026-09-06 16:27:15,en,renewal_premium,,v15,0.866,68,354,contained,
C-20260906-03521,2026-09-06 17:31:38,hi,renewal_premium,,v15,0.884,88,348,contained,
C-20260906-03522,2026-09-06 11:40:31,en,claim_status,CLM-2026-53627,v15,0.978,190,1659,transferred_human,agent_could_not_resolve
C-20260906-03523,2026-09-06 10:51:38,en,claim_status,CLM-2026-90980,v15,0.959,185,1716,transferred_human,agent_could_not_resolve
C-20260906-03524,2026-09-06 18:35:40,en,claim_status,CL7304570,v15,0.855,110,1506,transferred_human,caller_requested_human
C-20260906-03525,2026-09-06 13:56:53,en,claim_status,CL8788747,v15,0.99,56,360,contained,
C-20260906-03526,2026-09-06 10:34:35,en,renewal_premium,,v15,0.99,177,304,contained,
C-20260906-03527,2026-09-06 14:23:28,en,claim_status,CLM-2026-57761,v15,0.867,162,888,transferred_human,agent_could_not_resolve
C-20260906-03528,2026-09-06 11:49:22,hi,network_hospital,,v15,0.861,156,491,contained,
C-20260906-03529,2026-09-06 11:16:35,en,claim_status,CLM-2026-29388,v15,0.934,121,1062,transferred_human,agent_could_not_resolve
C-20260906-03530,2026-09-06 15:00:38,hi,claim_status,CL7581314,v15,0.899,155,604,contained,
C-20260906-03531,2026-09-06 15:52:37,en,policy_details,,v15,0.899,141,571,contained,
C-20260906-03532,2026-09-06 15:41:27,en,claim_status,CLM-2026-79941,v15,0.921,111,1569,transferred_human,agent_could_not_resolve
C-20260906-03533,2026-09-06 11:49:36,en,network_hospital,,v15,0.902,228,458,contained,
C-20260906-03534,2026-09-06 13:46:39,hi,network_hospital,,v15,0.814,57,487,contained,
C-20260906-03535,2026-09-06 09:04:14,hi,claim_status,CL8283925,v15,0.879,140,494,contained,
C-20260906-03536,2026-09-06 16:55:32,hi,policy_details,,v15,0.828,189,653,transferred_human,out_of_scope
C-20260906-03537,2026-09-06 13:52:32,hi,claim_status,CL8663703,v15,0.855,78,506,contained,
C-20260906-03538,2026-09-06 11:57:09,en,claim_status,CLM-2026-48911,v15,0.974,107,1686,transferred_human,agent_could_not_resolve
C-20260906-03539,2026-09-06 20:04:16,hi,claim_status,CLM-2026-53765,v15,0.816,165,1599,transferred_human,agent_could_not_resolve
C-20260906-03540,2026-09-06 13:50:33,en,claim_status,CLM-2026-13882,v15,0.966,221,1194,transferred_human,agent_could_not_resolve
C-20260906-03541,2026-09-06 13:13:29,en,renewal_premium,,v15,0.926,89,460,contained,
C-20260906-03542,2026-09-06 11:40:27,hi,network_hospital,,v15,0.848,172,371,contained,
C-20260906-03543,2026-09-06 12:29:11,hi,claim_status,CL8972920,v15,0.909,121,510,transferred_human,agent_could_not_resolve
C-20260906-03544,2026-09-06 12:55:20,en,network_hospital,,v15,0.893,148,517,contained,
